Sno,era_name,songname,momentaryLoudness.mean,shortTermLoudness.mean,integratedLoudness,loudnessRange,pmfSpread,pmfSkewness,pmfKurtosis,pmfCentroid,LRImbalance,midSideRatio,crest100ms.mean,crest1sec.mean,panningCoeffs0.mean,panningCoeffs1.mean,panningCoeffs2.mean,panningCoeffs3.mean,spectralCentroid.mean,spectralEntropy.mean,spectralKurtosis.mean,spectralRollOff85.mean,spectralRollOff95.mean,spectralSkewness.mean,spectralSpread.mean,subBandFlux0.mean,subBandFlux1.mean,subBandFlux2.mean,subBandFlux3.mean,subBandFlux4.mean,subBandFlux5.mean,subBandFlux6.mean,subBandFlux7.mean,subBandFlux8.mean,subBandFlux9.mean
161,1950s,Little Darlin',-61.75312,-56.693764,-16.711610794067383,4.487113952636719,0.0021922157611697912,-0.08906041830778122,2.5040793418884277,0.500015914440155,0.0,,4.329540252685547,13.215937614440918,-229.3584442138672,-0.0013823936460539699,-0.44970768690109253,0.004147315863519907,0.17211659252643585,8.754467010498047,3.158886194229126,4832.24853515625,6465.900390625,1.4836652278900146,0.024889305233955383,0.03705587238073349,0.015993895009160042,0.03343895822763443,0.045670103281736374,0.04504581540822983,0.04346746206283569,0.035964418202638626,0.02334945648908615,0.01705925352871418,0.003894754685461521
162,1950s,Rock Around the Clock,-34.944454,-29.337582,-17.3933048248291,2.8483924865722656,0.0022356000263243914,0.04309816285967827,1.9505114555358887,0.49829041957855225,8.194591411063703e-06,439.2320288017019,4.616841793060303,11.252771377563477,-9.00415325164795,0.016884256154298782,-0.7197296023368835,0.01041698083281517,0.11311112344264984,8.368948936462402,3.368025064468384,2428.03955078125,3725.18212890625,1.5250530242919922,0.013831081800162792,0.051143258810043335,0.024644093587994576,0.045268651098012924,0.04487922415137291,0.046471212059259415,0.04383832961320877,0.03440243378281593,0.02513751946389675,0.01368546299636364,0.0038934582844376564
163,1950s,Reet Petite,-32.273014,-23.326626,-21.861268997192383,3.3742294311523438,0.0006874169339425862,0.0970064327120781,1.855238437652588,0.5000025629997253,0.002891112775662231,33.21066591122428,4.643024921417236,8.055671691894531,-12.24838638305664,0.016954438760876656,-0.7802354693412781,0.0061743492260575294,0.15840661525726318,8.824006080627441,0.9299077391624451,2809.959716796875,4934.91015625,1.160788655281067,0.02380434237420559,0.0268232598900795,0.011500165797770023,0.020474469289183617,0.023446835577487946,0.023645462468266487,0.022727368399500847,0.023285595700144768,0.017014656215906143,0.011184828355908394,0.004114298149943352
164,1950s,Chantilly Lace,-10.835899,-10.585186,-10.38320255279541,3.1797142028808594,0.009701057337224483,0.06542146950960159,0.19339370727539062,0.4819994866847992,5.651746714710282e-07,350.5618286592443,3.9417762756347656,4.562216281890869,-9.367498397827148,-0.011454885825514793,-0.6555804014205933,-0.009949029423296452,0.12515826523303986,8.754776000976562,0.9516057372093201,1746.1431884765625,3190.68701171875,1.3688523769378662,0.01812293380498886,0.0704374685883522,0.018145864829421043,0.07003655284643173,0.10165955126285553,0.11785701662302017,0.11866683512926102,0.10136771947145462,0.07640306651592255,0.04793975502252579,0.015273542143404484
165,2000s,Hanging By A Moment,-20.673212,-19.518196,-18.05366325378418,7.7923583984375,0.0015783850103616714,0.0007201855187304318,0.8118112087249756,0.5000020861625671,0.01332498179204505,4.959755492528278,4.141046047210693,5.62761116027832,-7.03421688079834,-0.1526271551847458,-0.40028315782546997,-0.04939914867281914,0.12454637140035629,8.52547836303711,4.072488784790039,1450.73388671875,3087.5654296875,1.7704845666885376,0.021524403244256973,0.048667728900909424,0.020655473694205284,0.04366606846451759,0.044954296201467514,0.039911214262247086,0.03459630161523819,0.02755691111087799,0.022729475051164627,0.014831915497779846,0.004250308033078909
166,2000s,Judith,-9.238901,-8.800266,-7.9450907707214355,5.410165786743164,0.015852781012654305,-0.004152273293584585,0.3855929374694824,0.5000130534172058,-0.0064993780790698905,6.964436666753479,4.015727519989014,4.945333957672119,-6.708188533782959,-0.01892715133726597,-0.5584522485733032,0.0019050715491175652,0.13998320698738098,8.863724708557129,2.585165500640869,2336.339599609375,4276.49267578125,1.4035332202911377,0.01891873963177204,0.1749834269285202,0.08313693851232529,0.13770583271980286,0.13322073221206665,0.09571908414363861,0.09652071446180344,0.10170701891183853,0.09570050239562988,0.06658003479242325,0.01791669800877571
167,2000s,One Step Closer,-11.79538,-10.447102,-9.117810249328613,7.752833366394043,0.010920996777713299,0.03656172379851341,0.8201239109039307,0.4998863637447357,0.029974028935561933,4.414340158507801,4.163529396057129,5.40615701675415,-6.77115535736084,-0.007267293054610491,-0.48910751938819885,-0.020814817398786545,0.12528975307941437,8.827770233154297,3.4322292804718018,1916.0838623046875,3382.488525390625,1.7378383874893188,0.01881682686507702,0.12446950376033783,0.04534580931067467,0.10402031242847443,0.10388906300067902,0.0928364247083664,0.08810169994831085,0.09091097116470337,0.07566234469413757,0.046434272080659866,0.01094625610858202
168,2000s,Take A Look Around,-10.633922,-9.907813,-7.738345146179199,7.487604141235352,0.018515607342123985,0.0023765473160892725,0.7906079292297363,0.5000190138816833,-0.046966756022898855,5.1900175708213565,3.7046656608581543,4.557946681976318,-6.832121849060059,0.020556379109621048,-0.5003405213356018,0.018202871084213257,0.11085424572229385,8.077752113342285,10.437095642089844,1122.5574951171875,2465.26025390625,2.3015756607055664,0.01930326409637928,0.18952524662017822,0.09522050619125366,0.16827601194381714,0.16775821149349213,0.1080237478017807,0.07758580148220062,0.06499965488910675,0.05665755644440651,0.04110906645655632,0.012629716657102108
169,2000s,Kryptonite,-8.837578,-7.5508833,-6.8514404296875,4.8559041023254395,0.01997830532491207,-0.0006896166014485061,0.37302350997924805,0.5000644326210022,0.0395195900487456,4.749858809648172,4.0815958976745605,4.43233585357666,-7.614387512207031,-0.08122286945581436,-0.48547908663749695,0.0376831516623497,0.12233100086450577,8.620550155639648,3.5620663166046143,1974.8570556640625,3678.369873046875,1.5694758892059326,0.016974329948425293,0.1827034205198288,0.06015241891145706,0.14708732068538666,0.142131507396698,0.14030909538269043,0.12151998281478882,0.11680059880018234,0.09381517767906189,0.0634184181690216,0.017452437430620193
170,2000s,Down with the Sickness,-11.621639,-9.067219,-8.810162544250488,2.643156051635742,0.01245694700628519,0.027528949081897736,0.2548027038574219,0.5000061988830566,-0.020476836266164877,4.008873075385924,4.207090854644775,5.087813854217529,-7.540624618530273,0.07468570023775101,-0.46451061964035034,0.004989652894437313,0.13043324649333954,8.754016876220703,3.6758930683135986,2251.481201171875,3939.35302734375,1.6215626001358032,0.017828064039349556,0.15685313940048218,0.08046945929527283,0.1380397081375122,0.11797839403152466,0.08965005725622177,0.08047444373369217,0.08555234968662262,0.0785943865776062,0.05314280465245247,0.013059847988188267
171,2000s,Again,-11.886795,-10.294751,-8.720653533935547,4.515063762664795,0.01659328117966652,0.0004083271778654307,1.3349199295043945,0.5000259876251221,-0.015902113648851513,12.328683062244677,4.001132011413574,5.167456150054932,-7.783228874206543,0.06983956694602966,-0.5449243187904358,0.032442089170217514,0.13028953969478607,8.564339637756348,3.358241081237793,1319.27197265625,2841.118896484375,1.6776313781738281,0.024331465363502502,0.1592078059911728,0.061100706458091736,0.15114519000053406,0.14247246086597443,0.12348777800798416,0.0982292890548706,0.07260420173406601,0.061118755489587784,0.042553968727588654,0.013732586987316608
172,2000s,Change (In the House of Flies),-18.622236,-17.469507,-16.164701461791992,8.203999519348145,0.0022920018527656794,-0.02184230647981167,0.7673735618591309,0.49998369812965393,-0.05369821305808278,5.12411048683805,4.295045852661133,5.5929460525512695,-6.816403388977051,0.08355850726366043,-0.5616560578346252,-0.008649333380162716,0.1051390990614891,8.32945728302002,9.63646125793457,1581.3231201171875,2650.158447265625,2.5133728981018066,0.0160429235547781,0.059004299342632294,0.03030555322766304,0.0464862659573555,0.04867025837302208,0.040304336696863174,0.04432458057999611,0.038793813437223434,0.03296421840786934,0.017647217959165573,0.004111980088055134
173,2000s,Hate To Say I Told You So,-10.586979,-10.339897,-9.92883014678955,6.061282157897949,0.009147105738520622,0.017972785979509354,0.24000000953674316,0.5000182390213013,-0.005734826038770641,3.044344358605713,3.997141122817993,4.973989486694336,-6.645104885101318,0.01201721653342247,-0.358961820602417,-0.03416592627763748,0.10637380927801132,8.445302963256836,7.546341419219971,1582.8480224609375,2796.30419921875,2.158318281173706,0.015379618853330612,0.10732582956552505,0.05041750892996788,0.09916263073682785,0.09919561445713043,0.09299963712692261,0.09016936272382736,0.08749591559171677,0.06829062104225159,0.03716251999139786,0.008387159556150436
174,2000s,Between Angels And Insects,-15.526033,-14.289336,-13.255602836608887,7.751906394958496,0.0046167271211743355,0.075450100004673,0.6501662731170654,0.49999144673347473,-0.055798662524813115,7.25844483733109,4.124809741973877,4.996520042419434,-7.3383469581604,-0.04106948897242546,-0.4604393541812897,-0.021102705970406532,0.12777310609817505,8.695704460144043,7.889020919799805,2605.603271484375,4162.65869140625,1.7255104780197144,0.01512273121625185,0.08781929314136505,0.03876693919301033,0.07537727802991867,0.07449065148830414,0.05722341313958168,0.04574668034911156,0.05104883015155792,0.04511158913373947,0.039692629128694534,0.009014293551445007
175,2000s,Absolutely (Story of a Girl) - Radio Mix,-8.163128,-7.555832,-7.19236946105957,4.75091552734375,0.017187463119626045,-0.01445530541241169,0.07738518714904785,0.5000091791152954,0.039768463518226015,3.6904808624890895,4.169735908508301,4.654177665710449,-6.461581707000732,0.06935539096593857,-0.3754693567752838,0.045695170760154724,0.16681544482707977,9.074614524841309,4.742325782775879,2614.465576171875,5228.25634765625,1.335849404335022,0.026180729269981384,0.15891008079051971,0.06556349992752075,0.13163919746875763,0.14724400639533997,0.12597374618053436,0.10292185842990875,0.09943520277738571,0.09335634112358093,0.0691094622015953,0.0242458526045084
176,2000s,Want You Bad,-9.028852,-8.5676985,-8.11224365234375,1.8564529418945312,0.015931086614727974,0.018767496570944786,0.18158721923828125,0.5000147819519043,-0.08688200557604955,6.318143064348819,4.016755104064941,4.624853134155273,-6.656278610229492,0.20134027302265167,-0.4842413365840912,0.017920298501849174,0.13933278620243073,8.909146308898926,1.9471487998962402,1852.0079345703125,3660.58154296875,1.4723005294799805,0.022311486303806305,0.16695982217788696,0.07522877305746078,0.13787604868412018,0.13971136510372162,0.12246974557638168,0.10241404920816422,0.1074262484908104,0.0849093571305275,0.058368220925331116,0.0164352897554636
177,2000s,Crawling,-14.279189,-12.995415,-9.647546768188477,10.240094184875488,0.008880137465894222,0.034121789038181305,0.8528268337249756,0.4999173581600189,-0.040085661139132964,5.132672463978443,3.9049179553985596,5.3093976974487305,-6.706337928771973,0.05892729386687279,-0.5453081130981445,0.022671209648251534,0.11500324308872223,8.514507293701172,4.421699047088623,1696.8970947265625,2825.398193359375,1.9653207063674927,0.01710120216012001,0.09367533028125763,0.03490985557436943,0.06961255520582199,0.07460633665323257,0.08773738890886307,0.07905233651399612,0.09143128246068954,0.06995479017496109,0.038397543132305145,0.008127113804221153
178,2000s,Don't Panic,-27.81838,-26.844198,-12.528911590576172,9.60903549194336,0.005072253290563822,0.09157337248325348,1.268608570098877,0.4998251497745514,0.07016150268713177,4.479767391190142,3.909672975540161,4.935142517089844,-6.845893859863281,-0.043995097279548645,-0.39407190680503845,0.020724624395370483,0.1302696317434311,8.26757526397705,8.198249816894531,940.1409301757812,3349.47412109375,2.114373207092285,0.02263135276734829,0.09101641923189163,0.03933178260922432,0.07517794519662857,0.0630107894539833,0.058520399034023285,0.05264018476009369,0.03835437819361687,0.0272294320166111,0.014504518359899521,0.003629497718065977
179,2000s,Rollin' (Air Raid Vehicle),-9.517265,-8.882233,-7.46824836730957,9.53431510925293,0.020071079954504967,-0.0034521648194640875,0.8409523963928223,0.4999445676803589,0.0002282055178823701,5.948764358633466,3.908234119415283,4.889228343963623,-6.783872604370117,0.05058221518993378,-0.47885194420814514,0.014124792069196701,0.11978453397750854,8.65330696105957,4.3002753257751465,1371.5712890625,2851.684814453125,1.8432798385620117,0.01936226896941662,0.21074271202087402,0.08234686404466629,0.15245045721530914,0.13965371251106262,0.11041300743818283,0.10175947099924088,0.09430652111768723,0.0738433450460434,0.0482964888215065,0.012787380255758762
180,2000s,Yello,-13.900414,-10.0886345,-8.650256156921387,5.301398754119873,0.014298261143267155,-0.02280428260564804,0.42989683151245117,0.5000057220458984,0.010034105604255694,7.037848984070988,3.7558608055114746,5.018229961395264,-8.35285472869873,-0.03368529677391052,-0.47586581110954285,0.014543709345161915,0.11858973652124405,8.322524070739746,4.622832775115967,1679.6015625,2754.4794921875,1.9619578123092651,0.019652513787150383,0.1355268955230713,0.07292616367340088,0.11899971216917038,0.13663503527641296,0.11417626589536667,0.10130257904529572,0.093467578291893,0.07243064790964127,0.04185952991247177,0.00971872266381979
181,2000s,Awake,-9.799447,-9.017813,-7.561875820159912,3.1445627212524414,0.016116628423333168,0.056658320128917694,0.6684973239898682,0.5003809332847595,0.06582143862841443,4.340825028868655,4.104991912841797,5.000851154327393,-6.550824165344238,-0.08432061225175858,-0.45316943526268005,-0.0038444064557552338,0.13169461488723755,8.886807441711426,2.6069753170013428,2218.318359375,4100.54248046875,1.4578710794448853,0.01760360412299633,0.187303364276886,0.09680408984422684,0.1283719539642334,0.12724624574184418,0.09261804819107056,0.08792026340961456,0.09168846160173416,0.08555333316326141,0.06393108516931534,0.01641380786895752
182,2000s,Trouble,-19.513006,-17.924812,-13.8787841796875,9.749244689941406,0.0045179990120232105,-0.020098397508263588,1.7098326683044434,0.4999745190143585,-0.0020440138479538876,199.60251241782984,3.843221664428711,5.826767921447754,-8.725807189941406,0.018529418855905533,-1.0263508558273315,0.006277698557823896,0.08421625196933746,7.705880165100098,11.837181091308594,992.60546875,1793.2176513671875,2.8163397312164307,0.012400040403008461,0.04894497990608215,0.021574608981609344,0.05497319623827934,0.07575681060552597,0.07179251313209534,0.06238814815878868,0.046327464282512665,0.02826099656522274,0.014390154741704464,0.0030402650590986013
183,2000s,Last Resort,-8.442767,-8.008649,-7.797725677490234,3.3422937393188477,0.016628198325634003,-0.03955898433923721,1.0419697761535645,0.49996545910835266,0.00030034041032396005,5.950861996827662,4.336782932281494,5.456542015075684,-6.579289436340332,0.01529398187994957,-0.4664185345172882,0.019580574706196785,0.1377844512462616,8.940646171569824,2.394636392593384,2394.644775390625,4210.7880859375,1.4712258577346802,0.018428165465593338,0.1670035719871521,0.079704150557518,0.13774935901165009,0.1300223171710968,0.10481388121843338,0.09595771878957748,0.10358971357345581,0.08914060145616531,0.06712412089109421,0.01616849936544895
184,2000s,It's My Life,-9.4501705,-8.135351,-7.333488941192627,5.229151725769043,0.016766229644417763,-0.03800031915307045,0.5539767742156982,0.49990546703338623,-0.034654298499903285,5.3974098072477465,4.159419059753418,5.390567302703857,-7.6676201820373535,0.02007967419922352,-0.5558509230613708,-0.0068101598881185055,0.12303633242845535,8.688201904296875,9.002248764038086,2088.887939453125,3763.184814453125,2.0356557369232178,0.017095377668738365,0.12954558432102203,0.049704793840646744,0.11264629662036896,0.12276206910610199,0.13558322191238403,0.13211838901042938,0.12414029985666275,0.09732485562562943,0.06371857970952988,0.01562652550637722
185,2000s,In the End,-12.700856,-10.761474,-7.812658309936523,13.144050598144531,0.014840198680758476,0.0581364706158638,0.7607285976409912,0.4998885989189148,-0.04717819978962869,6.270424281764766,4.001400470733643,4.718136310577393,-7.359613418579102,0.05584721267223358,-0.5791376829147339,-0.0071435053832829,0.10989397019147873,8.387954711914062,9.189973831176758,1740.18603515625,3002.757568359375,2.2348804473876953,0.015950333327054977,0.1410241723060608,0.05382606014609337,0.11175061017274857,0.10942469537258148,0.10988156497478485,0.11117836833000183,0.10557582974433899,0.08380520343780518,0.047660935670137405,0.011140340939164162
186,2000s,Everything In Its Right Place,-13.190823,-11.755413,-10.093352317810059,4.076772689819336,0.008416684344410896,-0.060436591506004333,0.5479104518890381,0.49999311566352844,-0.026272134519975097,1.525752724810201,3.8005053997039795,4.906545162200928,-7.551344871520996,0.15145576000213623,-0.2849673628807068,0.02270139567553997,0.0788893848657608,7.360703945159912,20.241411209106445,792.4706420898438,1575.8543701171875,3.238166093826294,0.014260485768318176,0.10274556279182434,0.043320126831531525,0.11499376595020294,0.11756187677383423,0.10988904535770416,0.08078141510486603,0.04762258380651474,0.02806653454899788,0.018349332734942436,0.005706004798412323
187,2010s,Heart and Soul,-20.168877,-13.037809,-6.771901607513428,4.492559432983398,0.01925639994442463,0.044047001749277115,0.2336885929107666,0.4999898672103882,-0.0032148940351514814,3.4254595643051164,3.671734571456909,4.704227447509766,-10.420342445373535,0.0016630295431241393,-0.4175948202610016,-0.014458443969488144,0.1366559863090515,8.761165618896484,3.570042848587036,2684.47509765625,4292.37939453125,1.6107691526412964,0.01864483766257763,0.19643990695476532,0.07996143400669098,0.14499245584011078,0.12756860256195068,0.11830021440982819,0.11949680745601654,0.1136397272348404,0.0942385196685791,0.06047268211841583,0.014487894251942635
188,2010s,Still into You,-15.412448,-10.410907,-7.296205043792725,4.45704460144043,0.01891065202653408,-0.010402015410363674,0.40738892555236816,0.5000358819961548,0.002186107948469374,7.0680829897738615,3.7120447158813477,4.562602996826172,-7.672039031982422,0.039777737110853195,-0.5433332920074463,-0.002915990073233843,0.136723592877388,8.748047828674316,4.260603904724121,2108.623291015625,3822.5615234375,1.7281594276428223,0.021746333688497543,0.16842326521873474,0.07040596008300781,0.13468892872333527,0.14254924654960632,0.12290351092815399,0.1204877495765686,0.11689762771129608,0.08671366423368454,0.05721639096736908,0.015391462482511997
189,2010s,Zombie,-18.655088,-15.835734,-7.112979888916016,9.541191101074219,0.016188906505703926,0.03718157857656479,1.0271883010864258,0.4999553859233856,0.013834001749884486,3.195685961775604,3.684204339981079,4.332037448883057,-6.514956474304199,-0.00474697956815362,-0.4488426744937897,0.0031618846114724874,0.12188605964183807,8.363611221313477,18.999542236328125,2053.81494140625,3324.968505859375,2.711115598678589,0.02091727778315544,0.1467779278755188,0.06072480231523514,0.12035475671291351,0.11834779381752014,0.1346510648727417,0.1262446790933609,0.10327326506376266,0.08039286732673645,0.04684925451874733,0.012473419308662415
190,2010s,Dark Necessities,-12.728475,-11.097736,-9.775178909301758,9.103364944458008,0.015517650172114372,0.006496626418083906,0.8149745464324951,0.4999732971191406,-0.012171357708984308,13.476289148091702,3.8009464740753174,4.991883754730225,-7.787489414215088,0.09525108337402344,-0.6516291499137878,0.04871538281440735,0.08861835300922394,7.771625995635986,14.527802467346191,861.0559692382812,1634.125732421875,2.8579587936401367,0.016375217586755753,0.20304615795612335,0.09724724292755127,0.12638668715953827,0.12586459517478943,0.11406904458999634,0.09590110927820206,0.07050015777349472,0.0489976704120636,0.026458198204636574,0.006493941880762577
191,2010s,Centuries,-17.216824,-13.835267,-6.465156555175781,9.510371208190918,0.021474706009030342,0.02616385743021965,0.41748046875,0.49966397881507874,-0.0075559667243590735,6.344617526919944,3.6461985111236572,4.337709903717041,-6.622335433959961,-0.013870072551071644,-0.517203152179718,-0.01112664770334959,0.14114737510681152,8.782675743103027,3.502980947494507,2557.438232421875,4475.4755859375,1.5703895092010498,0.020625034347176552,0.21566709876060486,0.08534318208694458,0.1391781121492386,0.13062766194343567,0.10965297371149063,0.11891557276248932,0.10656316578388214,0.10284101217985153,0.06672801822423935,0.018202276900410652
192,2010s,Blood  Water,-10.679821,-9.663468,-8.355328559875488,6.912084579467773,0.019844170659780502,-0.002062747720628977,0.5725367069244385,0.5000002384185791,-0.023531004502072555,6.866139265915768,3.861116409301758,4.891881942749023,-6.614236831665039,0.031634848564863205,-0.4675825834274292,0.01987823098897934,0.17053551971912384,8.96448802947998,1.0806180238723755,2146.541015625,4432.58837890625,1.1301419734954834,0.027294058352708817,0.2602749764919281,0.10074499249458313,0.1436176896095276,0.09576935321092606,0.07922208309173584,0.07784926891326904,0.07785632461309433,0.06936974078416824,0.05874035134911537,0.01999226212501526
193,2010s,Lydi,-12.677366,-10.39246,-8.335055351257324,8.864950180053711,0.014059783890843391,0.055356040596961975,1.2303705215454102,0.5001179575920105,-0.06513634849696942,5.713154715634415,4.324772834777832,5.841170787811279,-6.75356912612915,-0.02878042496740818,-0.5755636692047119,0.004950976464897394,0.1132449358701706,8.550233840942383,7.163488864898682,2068.6845703125,3541.92138671875,1.942395567893982,0.013728882186114788,0.1504702866077423,0.06585627049207687,0.10168763250112534,0.1005769670009613,0.0965655967593193,0.09988351166248322,0.09536775946617126,0.07839136570692062,0.05276954174041748,0.011713876388967037
194,2010s,Figure It Out,-28.611307,-20.41804,-7.870548248291016,9.454574584960938,0.019033748656511307,-0.0013948155101388693,1.1362996101379395,0.5000554919242859,0.012164680874669138,13.844805362562912,3.7788398265838623,4.6249260902404785,-13.903648376464844,-0.12616591155529022,-0.7272064089775085,-0.007083093747496605,0.13446414470672607,8.54267692565918,10.959232330322266,2451.879150390625,3899.097412109375,2.0860862731933594,0.021582720801234245,0.13200068473815918,0.057792674750089645,0.13742375373840332,0.1558203548192978,0.1544542908668518,0.10635267198085785,0.08100620657205582,0.06150669977068901,0.04200957342982292,0.01094120740890503
195,2010s,No Roots,-10.584451,-9.557369,-8.971041679382324,4.072388648986816,0.018098097294569016,0.006919218227267265,0.5736463069915771,0.5007401704788208,0.005536363371288056,9.164749051075729,3.923351287841797,4.635517120361328,-7.155738353729248,0.003421805566176772,-0.7068807482719421,-0.00479123555123806,0.09807813912630081,7.801768779754639,19.874216079711914,1092.947998046875,2064.69091796875,2.734046220779419,0.016121143475174904,0.2061874121427536,0.08666445314884186,0.15478411316871643,0.13141387701034546,0.10236909985542297,0.08436860889196396,0.06903178989887238,0.04608110338449478,0.03134339675307274,0.008563808165490627
196,2010s,The Rush,-7.2135286,-6.31071,-5.9300055503845215,3.8240222930908203,0.03202152997255325,0.015158080495893955,-0.08079051971435547,0.5001161694526672,0.023393660631808373,8.700806616818271,3.258335590362549,3.669196367263794,-6.888427257537842,-0.07024671882390976,-0.6934493780136108,0.03020201064646244,0.10427851229906082,8.232657432556152,11.486696243286133,1142.3397216796875,2293.2099609375,2.2661006450653076,0.015689486637711525,0.2551296353340149,0.118753582239151,0.2037726193666458,0.19911010563373566,0.1466335505247116,0.12157998234033585,0.11943530291318893,0.09291894733905792,0.054780278354883194,0.013210223987698555
197,2010s,Believer,-14.461449,-10.582467,-9.006961822509766,4.728207111358643,0.012722679413855076,0.029858069494366646,0.5659189224243164,0.5000240206718445,-0.005537623916787035,3.5058346898828887,3.8737123012542725,5.583980083465576,-6.572373867034912,0.028501994907855988,-0.4797413647174835,-0.0006146368104964495,0.12276598066091537,8.42437744140625,5.502211093902588,1727.579833984375,3024.91162109375,1.9401681423187256,0.019437087699770927,0.1666136085987091,0.055662043392658234,0.10928786545991898,0.09303270280361176,0.09812618792057037,0.09702156484127045,0.08065888285636902,0.0662187710404396,0.03682459145784378,0.010016556829214096
198,2010s,Heathens,-17.909191,-13.659782,-9.20013427734375,11.193893432617188,0.013522150926291943,0.029987789690494537,2.2923460006713867,0.5000022649765015,-0.040490264894337685,4.437235125592466,4.08379602432251,5.968989849090576,-6.654445648193359,0.048408687114715576,-0.5473463535308838,-0.022913604974746704,0.12805376946926117,8.298935890197754,7.201577663421631,1983.3873291015625,3333.410888671875,2.033534288406372,0.0213586688041687,0.15554243326187134,0.06548862904310226,0.11822393536567688,0.10130157321691513,0.09341870993375778,0.07547754794359207,0.06252679228782654,0.04700960963964462,0.03323165327310562,0.010148021392524242
199,2010s,hometown,-19.064219,-15.067736,-6.871455669403076,4.739896774291992,0.021667737513780594,-0.0037081351038068533,-0.0053577423095703125,0.4999955892562866,0.026112032126884132,8.106869777089235,3.335303544998169,4.044788837432861,-7.649432182312012,-0.02063126303255558,-0.5562319755554199,-0.0005894738133065403,0.1407635658979416,8.563535690307617,4.969261646270752,2344.546630859375,4089.399169921875,1.6090562343597412,0.020696159452199936,0.19291363656520844,0.08194481581449509,0.1578928381204605,0.17205283045768738,0.11847394704818726,0.09305990487337112,0.09314431995153427,0.08823385089635849,0.06392151117324829,0.016607454046607018
200,2010s,Waste A Moment,-10.810563,-8.988616,-8.58681869506836,3.2035107612609863,0.015443781390786171,0.014105523936450481,0.6041595935821533,0.49991828203201294,-0.012988517374038628,4.828977523708993,3.780230760574341,4.6924004554748535,-7.16659688949585,-0.0791567713022232,-0.3206336498260498,-0.04385431110858917,0.10181338340044022,8.325682640075684,9.716806411743164,1446.8995361328125,2629.27880859375,2.2844431400299072,0.0156695619225502,0.17780201137065887,0.08500109612941742,0.14764761924743652,0.13186852633953094,0.1082855835556984,0.09677049517631531,0.08902274072170258,0.07176071405410767,0.04168875887989998,0.008492553606629372
201,2010s,Do I Wanna Kno,-12.083197,-10.625797,-9.41025447845459,7.474489688873291,0.013723921030759811,0.036358848214149475,0.8184733390808105,0.5,-0.0027904585351960828,5.426324586373682,3.634256601333618,5.282199382781982,-7.197628974914551,-0.030810438096523285,-0.4435155391693115,-0.027958055958151817,0.08440008014440536,7.907460689544678,11.916664123535156,1060.3228759765625,2021.5174560546875,2.6837921142578125,0.012353511527180672,0.16186778247356415,0.062345296144485474,0.1134379431605339,0.11627338081598282,0.11600438505411148,0.09971802681684494,0.08021620661020279,0.05335192382335663,0.02874147705733776,0.005427190568298101
202,2010s,Nearly Forgot My Broken Heart,-15.10237,-11.733339,-9.295565605163574,8.555306434631348,0.01195590291172266,0.07132319360971451,0.9482650756835938,0.5000019073486328,-0.00029713409619047367,10.919876334913338,4.186992645263672,5.619382858276367,-9.330856323242188,-0.06624707579612732,-0.6685274839401245,0.03351142257452011,0.11469775438308716,8.381539344787598,5.133184909820557,1831.8330078125,3124.73193359375,1.9240885972976685,0.016663331538438797,0.10763099789619446,0.050359874963760376,0.09823688119649887,0.11655823141336441,0.10975290834903717,0.10783302038908005,0.09438362717628479,0.0700865164399147,0.0437505766749382,0.010050109587609768
203,2010s,Teach Me To Fight,-8.146894,-7.16934,-6.207550525665283,5.005349636077881,0.02109862118959427,-0.010124272666871548,0.445772647857666,0.5000032782554626,-0.031085860595259522,4.20035438067234,3.908417224884033,4.608667850494385,-6.528061866760254,0.07522876560688019,-0.48984187841415405,0.018320009112358093,0.13391438126564026,8.969677925109863,2.370976448059082,2267.689453125,4218.94287109375,1.4701380729675293,0.017812196165323257,0.16321852803230286,0.06791630387306213,0.1370747685432434,0.13538901507854462,0.1340642273426056,0.1277623325586319,0.1390077918767929,0.10958290845155716,0.07169023901224136,0.020247645676136017
204,2010s,Radioactive,-35.320988,-32.21197,-17.238325119018555,11.166526794433594,0.002023101784288883,0.015213149599730968,0.8426790237426758,0.4999850392341614,0.05228646135773578,4.188542666958099,3.4114582538604736,4.5403242111206055,-6.541187763214111,-0.05114983394742012,-0.4638175964355469,0.009867031127214432,0.11549338698387146,8.242934226989746,9.897138595581055,2180.84716796875,3338.045654296875,2.4096219539642334,0.017946433275938034,0.06348919123411179,0.026952804997563362,0.0438806377351284,0.039150889962911606,0.03658870980143547,0.034171510487794876,0.028869619593024254,0.020192474126815796,0.011160696856677532,0.002666208427399397
205,2010s,Satellite,-15.2569895,-14.569395,-13.453277587890625,8.711125373840332,0.004058108199387789,-0.03849077224731445,0.8932003974914551,0.499992311000824,0.0433367707943091,3.987793614383188,4.257935523986816,5.3328857421875,-6.682723522186279,0.010076938197016716,-0.34889501333236694,0.025439152494072914,0.12530483305454254,8.730635643005371,3.409701347351074,1992.1346435546875,3785.32080078125,1.6162917613983154,0.017360275611281395,0.06475400924682617,0.02613906003534794,0.06826253980398178,0.06915635615587234,0.0643211230635643,0.05709848552942276,0.052914004772901535,0.04337863251566887,0.028471361845731735,0.007253748830407858
206,2010s,Stressed Out,-25.63175,-18.29181,-8.449604034423828,3.668426513671875,0.017384976148605347,0.059103842824697495,0.9894874095916748,0.5000118017196655,0.03576660020454403,7.085001363913431,3.681480884552002,5.0864973068237305,-11.446057319641113,-0.019658587872982025,-0.6035696864128113,0.0069389380514621735,0.15271303057670593,8.350225448608398,6.997208118438721,2554.62109375,4167.78515625,1.7533612251281738,0.02556397207081318,0.18891209363937378,0.0640864148736,0.1477048695087433,0.12579523026943207,0.09761019051074982,0.07801942527294159,0.05897266045212746,0.04812028259038925,0.0403858982026577,0.015231834724545479
207,2010s,Trigger,-10.12309,-8.85231,-5.972232818603516,5.399381160736084,0.023521674796938896,0.010003629140555859,0.3668081760406494,0.5000114440917969,-0.013830622392859345,4.251056741925539,3.5122456550598145,4.09431266784668,-7.242173194885254,-0.046293508261442184,-0.46231237053871155,-0.011360532604157925,0.1072123572230339,8.387970924377441,6.082104206085205,1259.620849609375,2715.27685546875,1.9392982721328735,0.015703128650784492,0.1983661949634552,0.0839725211262703,0.17268884181976318,0.1566585749387741,0.14278650283813477,0.12687940895557404,0.1109023317694664,0.08512809127569199,0.05297720432281494,0.01486702635884285
208,2010s,Major System Error,-8.975959,-7.2181287,-6.751721382141113,5.9860334396362305,0.019283071160316467,0.019874023273587227,0.4199380874633789,0.4998661279678345,0.02473855511062472,6.21200986516712,3.831038475036621,5.961345195770264,-6.605538845062256,-0.012446303851902485,-0.5278782248497009,-0.016611730679869652,0.12062719464302063,8.882287979125977,4.0327372550964355,2265.3349609375,3597.89013671875,1.8645039796829224,0.015443089418113232,0.14975036680698395,0.06211727485060692,0.11052721738815308,0.11005942523479462,0.1255211979150772,0.15570293366909027,0.15128375589847565,0.12675750255584717,0.06650121510028839,0.014569870196282864
209,2010s,Coming For You,-10.207298,-8.749667,-7.453738212585449,5.892010688781738,0.01553251687437296,0.019498825073242188,0.468747615814209,0.4998985826969147,-0.0070450842321828485,4.358607488081773,3.9261586666107178,4.875694751739502,-7.468000411987305,-0.004665435757488012,-0.5045061111450195,-0.006612527649849653,0.12515519559383392,8.734068870544434,9.843042373657227,2116.985595703125,3939.316650390625,1.8607667684555054,0.016987508162856102,0.16807331144809723,0.07264091819524765,0.13398456573486328,0.12079958617687225,0.11364444345235825,0.10409413278102875,0.1060212105512619,0.09229370951652527,0.06173146516084671,0.01755271852016449
210,2010s,BURN IT DOWN,-13.485694,-10.527022,-9.072896957397461,6.7408952713012695,0.013891461305320263,0.08554025739431381,0.849994421005249,0.4998711049556732,0.02147761593675501,9.855101904181266,3.9205775260925293,5.001676082611084,-7.750543117523193,0.008270085789263248,-0.6037958860397339,0.012212023138999939,0.14217568933963776,8.804011344909668,2.0688507556915283,1898.7188720703125,3597.857421875,1.5407383441925049,0.024624133482575417,0.1356302946805954,0.05344441533088684,0.10131654143333435,0.10675105452537537,0.12631674110889435,0.11065339297056198,0.09691832959651947,0.07078728824853897,0.043482474982738495,0.014229939319193363
211,2010s,Bored To Death,-14.8915825,-14.338763,-13.358527183532715,5.522556304931641,0.0038133757188916206,-0.006617829669266939,0.9228179454803467,0.49999502301216125,-0.032277001686046504,2.6455413669586214,4.232985496520996,5.48052453994751,-6.502687454223633,0.02885252796113491,-0.4134753942489624,-0.0007664990262128413,0.1250411719083786,8.728628158569336,3.3892605304718018,1885.0252685546875,3720.947265625,1.6459720134735107,0.018185723572969437,0.06955734640359879,0.029513854533433914,0.059732288122177124,0.06087425351142883,0.06404396891593933,0.0602872334420681,0.053080592304468155,0.04069776087999344,0.02615075372159481,0.007680133916437626
212,2010s,Nobody Praying For Me,-10.700859,-10.0936775,-8.502086639404297,10.130256652832031,0.013303629122674465,0.05113661289215088,2.072572708129883,0.5000695586204529,-0.03000207348505417,4.310818456764491,4.291210174560547,5.175403118133545,-6.489418983459473,0.04168321564793587,-0.3658064603805542,0.01582265831530094,0.11938736587762833,8.442092895507812,13.641404151916504,1543.325927734375,3240.118896484375,2.2374963760375977,0.018141809850931168,0.13075895607471466,0.06327752768993378,0.1153172105550766,0.12407924234867096,0.10803863406181335,0.09001840651035309,0.07843126356601715,0.06523188203573227,0.04504690691828728,0.01401236280798912
213,2010s,Freeze Me,-19.787895,-14.93673,-7.917247295379639,8.56927490234375,0.020577505230903625,0.02855534851551056,0.4174642562866211,0.49976566433906555,-0.053225591646519854,9.76737827530739,3.425849199295044,4.204366207122803,-8.21316146850586,0.07219725847244263,-0.6216447353363037,0.028927158564329147,0.12489985674619675,8.424609184265137,6.608301162719727,1790.8621826171875,3207.72412109375,1.9625712633132935,0.01921670325100422,0.22547735273838043,0.10422709584236145,0.16029959917068481,0.14815305173397064,0.11068082600831985,0.09767990559339523,0.09058814495801926,0.06579666584730148,0.0409749373793602,0.012480326928198338
214,2010s,Glitter & Gold,-23.305439,-18.349579,-8.906327247619629,4.551240921020508,0.016020972281694412,-0.03216687589883804,0.7266905307769775,0.5000102519989014,0.03873207092619909,7.995094528771365,3.720519542694092,4.740029335021973,-7.4926934242248535,-0.130629301071167,-0.7244445085525513,-0.016453972086310387,0.11933274567127228,8.381769180297852,6.298464775085449,1948.3846435546875,3105.225341796875,2.0792388916015625,0.020092427730560303,0.17753638327121735,0.08987472206354141,0.14855580031871796,0.15009620785713196,0.12689852714538574,0.11237423121929169,0.08105006068944931,0.05891013145446777,0.03606425225734711,0.008964240550994873
215,2010s,First,-8.96092,-8.215542,-6.733096599578857,4.981518268585205,0.018336426466703415,0.020191174000501633,0.3792095184326172,0.49995163083076477,0.010063776616603053,2.9582474636644696,3.8232994079589844,4.704580783843994,-6.477280139923096,-0.009314626455307007,-0.3548625707626343,0.008064422756433487,0.10151097923517227,8.330041885375977,7.423583984375,1701.3590087890625,2787.532470703125,2.209340810775757,0.012997301295399666,0.1679694503545761,0.056690312922000885,0.1240648403763771,0.11021407693624496,0.13651233911514282,0.14740590751171112,0.12356641888618469,0.09545630216598511,0.048804689198732376,0.01047502364963293
216,2010s,Run For Cover,-19.012533,-15.622496,-6.050265789031982,6.266157627105713,0.021991420537233353,0.006091156508773565,0.5524880886077881,0.49995875358581543,-0.02930719039162879,5.668464804589863,3.4960782527923584,4.335097312927246,-6.6094841957092285,0.03676548972725868,-0.5088174939155579,-0.0065804217010736465,0.13374224305152893,8.662734031677246,5.610005855560303,2096.997802734375,3812.811767578125,1.7513878345489502,0.02072439342737198,0.1970817893743515,0.08502614498138428,0.1609061062335968,0.14549784362316132,0.11615562438964844,0.09710710495710373,0.09230845421552658,0.07524247467517853,0.055557288229465485,0.017381366342306137
217,2010s,Way down We Go,-14.279558,-12.855973,-10.53891372680664,12.092449188232422,0.011256333440542221,0.009376299567520618,0.6638243198394775,0.5000142455101013,-0.10408891456797338,6.772926727723311,3.385753631591797,4.568134307861328,-7.115386486053467,0.10367073863744736,-0.5577206611633301,0.022054249420762062,0.06745944172143936,7.281844615936279,18.898563385009766,732.34130859375,1279.64990234375,3.4703354835510254,0.010519766248762608,0.15461616218090057,0.06244752183556557,0.10706663876771927,0.0952591747045517,0.0911504402756691,0.08118777722120285,0.05884718522429466,0.033451758325099945,0.018881551921367645,0.003249712521210313
218,2010s,High Enough,-8.144331,-7.840911,-7.393985271453857,5.111148357391357,0.02457837387919426,0.0030403558630496264,0.0672905445098877,0.49986445903778076,0.03331257414560412,5.386713477339308,3.4515676498413086,4.194618225097656,-6.693839073181152,0.04560885578393936,-0.5966829657554626,-0.01735828071832657,0.08528118580579758,7.813564300537109,14.364192008972168,898.767822265625,1751.4447021484375,2.7443320751190186,0.012960857711732388,0.23945352435112,0.10103920847177505,0.18256357312202454,0.1545846164226532,0.13312458992004395,0.12253813445568085,0.10637064278125763,0.06690056622028351,0.0382622592151165,0.008201231248676777
219,2010s,The Sky Is A Neighborhood,-19.512186,-15.523044,-12.61111068725586,12.48531436920166,0.004785848781466484,-0.024023374542593956,1.819058895111084,0.4999690651893616,-0.017616019138178635,4.438064562048168,4.146701335906982,6.954619407653809,-9.758016586303711,0.12561430037021637,-0.4390122890472412,0.03583107143640518,0.11391506344079971,8.548371315002441,6.989210605621338,1967.736083984375,3334.81201171875,2.0829548835754395,0.016219014301896095,0.07312525063753128,0.030732369050383568,0.06506204605102539,0.07235404849052429,0.061732448637485504,0.05584297329187393,0.05234397202730179,0.043385352939367294,0.02694728411734104,0.006176705006510019
220,2010s,Ain't It Fun,-20.499681,-13.540793,-8.120598793029785,3.4955644607543945,0.019988497719168663,0.03481912612915039,1.0646896362304688,0.4998224079608917,-1.77134000442835e-05,351.0200578882307,3.7158780097961426,5.016308307647705,-13.29589557647705,0.005248136818408966,-0.6455346941947937,0.004849305842071772,0.13570623099803925,8.626388549804688,3.203784227371216,2003.314697265625,3445.37646484375,1.702879548072815,0.023395275697112083,0.17168159782886505,0.0795135647058487,0.13932004570960999,0.14587518572807312,0.1319383680820465,0.11318748444318771,0.10259347409009933,0.07078605145215988,0.04639753699302673,0.011738891713321209
221,2010s,Something's Gotta Give,-10.368794,-9.349783,-7.747446060180664,5.558338165283203,0.013509477488696575,0.056726690381765366,0.8673169612884521,0.4999399185180664,-0.01519303292771767,2.931283661301896,4.197281360626221,5.759576320648193,-6.548791885375977,0.007339325733482838,-0.42042288184165955,-0.0035215166863054037,0.12565194070339203,8.683194160461426,5.813863754272461,2010.395263671875,3721.84228515625,1.7917228937149048,0.017965152859687805,0.1313728541135788,0.0522984080016613,0.11298134177923203,0.11508891731500626,0.11430935561656952,0.0996972993016243,0.09007416665554047,0.07619649916887283,0.05176416411995888,0.014988910406827927
222,2010s,Psycho,-11.036959,-10.382144,-8.338735580444336,9.315630912780762,0.016687771305441856,-0.0017269753152504563,0.6259453296661377,0.5000007748603821,-0.011503107593617497,8.335015788253049,3.758073091506958,4.629513263702393,-6.561578273773193,-0.03274280205368996,-0.47110307216644287,-0.0037895888090133667,0.10607793182134628,8.415827751159668,7.440460205078125,1469.201904296875,2888.942626953125,2.0193867683410645,0.013838229700922966,0.1756201982498169,0.07274138182401657,0.14214104413986206,0.1374683529138565,0.11287111788988113,0.1019042506814003,0.08808621019124985,0.07330569624900818,0.045026686042547226,0.011188744567334652
223,2010s,Bite My Tongue,-18.803976,-14.28637,-12.555880546569824,3.880873680114746,0.005807798821479082,0.022438444197177887,-0.03906083106994629,0.49999183416366577,0.04807736618022779,6.727453204510301,3.9158904552459717,6.453393936157227,-8.207710266113281,-0.02145286276936531,-0.5892685055732727,0.021167131140828133,0.09983040392398834,8.347272872924805,3.6071574687957764,1768.888916015625,3096.390869140625,1.5838159322738647,0.010765548795461655,0.0991966500878334,0.05158660560846329,0.09094493836164474,0.07904304563999176,0.0691370889544487,0.061642639338970184,0.06008889153599739,0.046492211520671844,0.027867374941706657,0.005823223385959864
224,2010s,45,-18.355959,-15.44334,-14.342972755432129,3.266087532043457,0.0034987060353159904,0.02921740710735321,0.6277546882629395,0.4998895227909088,0.029542349451604326,5.436470481143958,5.266987323760986,5.9229888916015625,-8.124093055725098,-0.1500178426504135,-0.42469820380210876,-0.04157017171382904,0.13511745631694794,8.841153144836426,4.463526725769043,2348.439453125,4063.256103515625,1.6725709438323975,0.01970585621893406,0.06165900081396103,0.02379208244383335,0.05820376053452492,0.06356792896986008,0.06373263150453568,0.054091982543468475,0.05208848789334297,0.04145847260951996,0.027688967064023018,0.006956284865736961
225,2010s,Sail,-15.356115,-12.253534,-9.355279922485352,12.843897819519043,0.01551029458642006,0.004133348818868399,1.9701080322265625,0.5000168681144714,0.08645886701448684,5.564047288496553,3.973533868789673,6.146538734436035,-6.8024091720581055,-0.22072511911392212,-0.26559460163116455,-0.049383699893951416,0.0865347608923912,7.852609157562256,15.916874885559082,1006.7525634765625,1742.619873046875,2.9480793476104736,0.014301670715212822,0.18018053472042084,0.08397514373064041,0.1208694726228714,0.12040510773658752,0.09899791330099106,0.07637020945549011,0.052542202174663544,0.03474343568086624,0.02061087265610695,0.005307105835527182
226,2010s,Do Your Worst,-10.288478,-8.928345,-6.601861953735352,4.542605400085449,0.022212274372577667,-0.00941046979278326,0.217512845993042,0.500681459903717,0.008791498866194247,4.721079946855592,3.691235303878784,4.678263187408447,-6.81766414642334,0.0180275347083807,-0.5383842587471008,0.004910430405288935,0.11689578741788864,8.665669441223145,4.7968573570251465,1608.98583984375,3181.18017578125,1.7778592109680176,0.016593338921666145,0.2212233990430832,0.08904247730970383,0.14025534689426422,0.12496133148670197,0.13287489116191864,0.12727554142475128,0.10909812897443771,0.08703085035085678,0.05290558189153671,0.015059366822242737
227,2010s,Throne,-8.023318,-7.8808355,-7.396183013916016,5.859190940856934,0.01518122386187315,0.02015247382223606,0.28424596786499023,0.4999043643474579,0.017820452039802082,2.4898629784932007,3.964087724685669,4.737196445465088,-6.595071792602539,-0.02342689223587513,-0.38635584712028503,-0.003523144405335188,0.12925271689891815,8.84514331817627,3.6616225242614746,2019.5889892578125,4064.740478515625,1.584062933921814,0.01800145022571087,0.1572401225566864,0.06698080152273178,0.11479099094867706,0.11626601219177246,0.12805311381816864,0.11147046834230423,0.10679049044847488,0.09112629294395447,0.05723920091986656,0.017737172544002533
228,2010s,Rx (Medicate),-14.809432,-11.2027,-9.65809154510498,3.458437919616699,0.013233598321676254,0.010935851372778416,0.8298232555389404,0.4999557137489319,0.017907991797984493,6.483227165115959,3.9361095428466797,5.1286163330078125,-9.291797637939453,-0.02640433982014656,-0.5646067261695862,0.011863993480801582,0.11896129697561264,8.354548454284668,5.151878833770752,1533.799560546875,2689.6513671875,1.8750780820846558,0.019192785024642944,0.17674918472766876,0.0706859827041626,0.13202381134033203,0.09965511411428452,0.09341918677091599,0.08913595974445343,0.08163805305957794,0.05963743478059769,0.032609377056360245,0.010310371406376362
229,2010s,Can You Feel My Heart,-9.639016,-8.279091,-7.2834906578063965,4.379176139831543,0.020693745464086533,0.002804011572152376,0.18509960174560547,0.5000419020652771,0.058241755791203366,6.220648569759144,3.642385721206665,4.678735256195068,-7.072977542877197,-0.029845669865608215,-0.5444357991218567,0.024870654568076134,0.11320655792951584,8.62169361114502,5.535125732421875,1676.53173828125,3087.1845703125,1.9222038984298706,0.01602007821202278,0.19442230463027954,0.08194306492805481,0.14463703334331512,0.140152707695961,0.1351049840450287,0.13470004498958588,0.12703685462474823,0.09361731261014938,0.05539172515273094,0.014010092243552208
230,1990s,Wonderwall,-18.762547,-17.660648,-13.559958457946777,13.156085968017578,0.0039293901063501835,0.12542971968650818,1.3520708084106445,0.5000000596046448,-0.009619875589911758,8.47633068724807,4.5832977294921875,8.121687889099121,-6.658968448638916,0.14273932576179504,-0.5618517398834229,0.04481170326471329,0.11297733336687088,8.457375526428223,4.1628899574279785,1545.3934326171875,2954.839599609375,1.8050097227096558,0.016742441803216934,0.06768947094678879,0.034086212515830994,0.05992843955755234,0.05843174830079079,0.057975273579359055,0.053624287247657776,0.05160747841000557,0.04014008492231369,0.022473804652690887,0.00544078228995204
231,1990s,Always,-12.473127,-11.327762,-9.62899398803711,10.150546073913574,0.009574144147336483,-0.010467170737683773,1.3282461166381836,0.5000051259994507,-0.07739062801302578,5.358528246562455,4.257688999176025,6.011992931365967,-7.23491907119751,0.14813104271888733,-0.46536919474601746,0.008241154253482819,0.11010100692510605,8.48902702331543,5.083922386169434,1820.4588623046875,3025.73486328125,1.9864351749420166,0.01476905308663845,0.08817117661237717,0.03530808165669441,0.07272147387266159,0.08537814766168594,0.09879373013973236,0.1007077619433403,0.09408266842365265,0.07507316768169403,0.03895428031682968,0.009066498838365078
232,1990s,Breakfast At Tiffany's,-11.4014635,-10.866721,-9.36523151397705,10.206855773925781,0.01167399063706398,-0.1179991215467453,1.1432785987854004,0.5000279545783997,-0.006964846819669464,5.811166577344575,4.202724456787109,5.416929721832275,-7.28062105178833,0.08201422542333603,-0.6737716197967529,0.06594061851501465,0.1426934450864792,8.623245239257812,4.142721176147461,1379.9813232421875,3126.447021484375,1.6643284559249878,0.028670188039541245,0.1256479024887085,0.048417527228593826,0.12109535932540894,0.12510636448860168,0.11896393448114395,0.0908631980419159,0.07385056465864182,0.05985172465443611,0.04172060266137123,0.013301712460815907
233,1990s,Iris,-16.470268,-15.708797,-12.776137351989746,12.839958190917969,0.00505994725972414,0.15184089541435242,2.349307060241699,0.4998679757118225,0.012935288237558325,5.098227771847751,4.181581020355225,6.762469291687012,-6.564571380615234,-0.0007920608040876687,-0.4476907551288605,0.017845425754785538,0.14155149459838867,8.553585052490234,2.6611201763153076,1518.1829833984375,3408.038330078125,1.5675393342971802,0.026580441743135452,0.09553312510251999,0.03853922709822655,0.06561405211687088,0.06996304541826248,0.05851374939084053,0.05143986642360687,0.04591435194015503,0.03814304620027542,0.027267728000879288,0.009970934130251408
234,1990s,What's Up,-16.717167,-14.223455,-12.765860557556152,9.697836875915527,0.005918920040130615,-0.007859081029891968,2.520972728729248,0.49999719858169556,-0.048002776110834214,7.055586889613371,4.128084182739258,6.810618877410889,-8.251724243164062,0.05261293426156044,-0.39748913049697876,0.012917626649141312,0.1136358380317688,8.232353210449219,4.0246429443359375,1238.35009765625,2585.147216796875,1.8212885856628418,0.01841355487704277,0.10041778534650803,0.040857572108507156,0.08518412709236145,0.07935600727796555,0.06350578367710114,0.05532201752066612,0.05154183506965637,0.03937597572803497,0.02453523874282837,0.0064374664798378944
235,1990s,Sweet Dreams (Are Made Of This),-21.852005,-20.745995,-16.54340934753418,13.055011749267578,0.0021313324104994535,0.003762581152841449,0.8997273445129395,0.4999966323375702,-0.05601671057796128,6.1508487634980265,4.067474365234375,5.457577228546143,-7.223585605621338,0.1103532463312149,-0.5098350048065186,-0.0035489113070070744,0.09652732312679291,8.107857704162598,12.046547889709473,1641.2816162109375,2707.46826171875,2.60556960105896,0.012726645916700363,0.05219623073935509,0.0223312396556139,0.04499311000108719,0.04792601987719536,0.03891950845718384,0.0380198210477829,0.03787447512149811,0.02560507506132126,0.014414556324481964,0.002828267402946949
236,1990s,Mr. Jones,-15.1671715,-14.560537,-13.864995956420898,6.112015724182129,0.0044318195432424545,-0.03646623715758324,1.1397457122802734,0.5000019073486328,0.061446209094987846,6.425779927280802,4.391499042510986,6.452237606048584,-6.633091926574707,-0.07320259511470795,-0.5118108987808228,0.056499041616916656,0.11846064031124115,8.389307022094727,5.007214546203613,1384.0408935546875,2545.32275390625,2.05543851852417,0.02270682156085968,0.0637398287653923,0.027971958741545677,0.0560092031955719,0.06941370666027069,0.0779452696442604,0.07363305985927582,0.06046966835856438,0.038155697286129,0.020606786012649536,0.006387581583112478
237,1990s,I Don't Want To Miss A Thing,-11.951333,-11.426155,-10.162198066711426,9.294538497924805,0.009248979389667511,-0.010240231640636921,0.6753151416778564,0.4999333918094635,0.010932136060487397,5.647213121455065,3.9505884647369385,5.017813682556152,-6.6904120445251465,-0.02723218873143196,-0.5362821221351624,0.013484508730471134,0.10373733937740326,8.353877067565918,6.505946636199951,1615.3790283203125,2873.029541015625,2.13012957572937,0.014510082080960274,0.10234656929969788,0.03947734460234642,0.08419840037822723,0.09085110574960709,0.10730720311403275,0.10461195558309555,0.09174861013889313,0.06943075358867645,0.037474021315574646,0.009065572172403336
238,1990s,Black Hole Sun,-11.097724,-9.474209,-8.270630836486816,5.878323078155518,0.013886716216802597,0.02626958116889,0.5007672309875488,0.4999811351299286,-0.05597952286926771,4.4642062840521985,3.905754327774048,5.535200595855713,-7.4275126457214355,0.0601683035492897,-0.3876463770866394,-0.0020768658723682165,0.12393087148666382,8.644176483154297,3.9341092109680176,2008.7183837890625,3769.83642578125,1.6068544387817383,0.016904644668102264,0.1435062736272812,0.06005903333425522,0.12071694433689117,0.12560106813907623,0.11232973635196686,0.09692508727312088,0.09447496384382248,0.0770653709769249,0.050088752061128616,0.01515437476336956
239,1990s,Under the Bridge,-20.548296,-19.856945,-18.39642333984375,9.618047714233398,0.0014956161612644792,0.057936713099479675,2.20963191986084,0.4999440908432007,-0.06812946794684242,13.828350063898508,4.401877403259277,7.336488723754883,-7.012439250946045,0.04867047071456909,-0.5929751396179199,0.05347604304552078,0.11093388497829437,7.942721843719482,10.19871997833252,1773.126953125,3060.943603515625,2.251270294189453,0.015358850359916687,0.03992632031440735,0.01574678346514702,0.03528944402933121,0.04463690146803856,0.03487163037061691,0.029504967853426933,0.029695361852645874,0.025182506069540977,0.015915196388959885,0.0038534009363502264
240,1990s,Crazy,-11.8672905,-11.423116,-10.075864791870117,3.927684783935547,0.009249884635210037,-0.017940599471330643,0.9854533672332764,0.5000044107437134,-0.02388946302893675,5.6199298301559075,4.234810829162598,6.035663604736328,-6.493966102600098,0.0456898957490921,-0.37464672327041626,0.0031700877007097006,0.1307864636182785,8.701802253723145,2.2168686389923096,2114.353515625,3971.314697265625,1.4256030321121216,0.01775779202580452,0.12012484669685364,0.05711817741394043,0.10095182061195374,0.10542764514684677,0.07795529067516327,0.0743761733174324,0.07702376693487167,0.06678437441587448,0.04686467722058296,0.012611486949026585
241,1990s,Smells Like Teen Spirit,-11.345474,-9.964066,-8.64776611328125,5.7132697105407715,0.011942010372877121,0.016963427886366844,0.8839442729949951,0.5000849962234497,0.007432811987041245,5.3576168087528515,4.249596118927002,5.447805404663086,-7.522650241851807,-0.05468130484223366,-0.5399610996246338,-0.019814923405647278,0.13209596276283264,8.783313751220703,3.201601028442383,2291.650390625,3932.076904296875,1.5598483085632324,0.018369145691394806,0.1334439218044281,0.061779819428920746,0.11181806772947311,0.10776954144239426,0.0913432165980339,0.08620549738407135,0.08774939924478531,0.0837404653429985,0.05667715147137642,0.013541758991777897
242,1990s,Two Princes,-16.474802,-15.448985,-14.564155578613281,2.542308807373047,0.0036715460009872913,-0.0005783726228401065,0.8172950744628906,0.4999907910823822,-0.02129799249498086,5.97563264408125,4.6325507164001465,7.170465469360352,-6.482086181640625,0.010038355365395546,-0.46717017889022827,-0.019869860261678696,0.13629493117332458,8.817895889282227,1.8690695762634277,1908.6981201171875,3730.9921875,1.4259709119796753,0.02083037607371807,0.07900205999612808,0.03219950944185257,0.0566241592168808,0.0698736384510994,0.05554747208952904,0.04963615536689758,0.047917481511831284,0.03780384361743927,0.026356566697359085,0.007123584393411875
243,1990s,Come As You Are,-15.866565,-11.517667,-8.804347038269043,4.29350471496582,0.013020621612668037,0.0074272193014621735,0.8993520736694336,0.5000882744789124,-0.042460412889305736,5.169951513365003,4.062984943389893,5.094052314758301,-7.5615034103393555,0.13955411314964294,-0.5107711553573608,0.0077652037143707275,0.12562815845012665,8.574728012084961,6.3744916915893555,1855.16552734375,3391.42236328125,1.8044114112854004,0.019093981012701988,0.13412164151668549,0.06382955610752106,0.13831369578838348,0.1336349993944168,0.11154083907604218,0.08694235980510712,0.08018031716346741,0.06747704744338989,0.04534991830587387,0.012007425539195538
244,1990s,Nothing Else Matters,-18.161022,-17.508987,-14.367086410522461,14.260161399841309,0.0035271074157208204,0.0498143695294857,1.9931812286376953,0.499994695186615,-0.03997636677693208,5.980799657479472,4.14577579498291,6.413692474365234,-6.964466094970703,0.15662983059883118,-0.5613653063774109,-0.05477994307875633,0.1273256540298462,8.267963409423828,4.84735107421875,1446.185546875,3228.167724609375,1.8011232614517212,0.021710995584726334,0.07414714992046356,0.03390951082110405,0.06517189741134644,0.0590088814496994,0.05503777414560318,0.046307239681482315,0.038369882851839066,0.031700827181339264,0.023356840014457703,0.007796987425535917
245,1990s,November Rain,-25.742634,-25.186901,-23.359888076782227,7.162252426147461,0.000397472147597,-0.017691679298877716,1.209320068359375,0.49998271465301514,0.02656009066390712,3.498376428248144,4.374940872192383,6.614517688751221,-6.652694225311279,-0.00035645204479806125,-0.4025288224220276,-0.002441963879391551,0.12016208469867706,8.666964530944824,4.310234069824219,2169.13232421875,3708.7373046875,1.7902321815490723,0.01642046496272087,0.025578513741493225,0.011519149877130985,0.01945941522717476,0.018377147614955902,0.0171799436211586,0.018401410430669785,0.01878354325890541,0.015193045139312744,0.009407122619450092,0.0023351870477199554
246,1990s,When I Come Around,-13.910504,-10.850968,-10.294775009155273,1.7727642059326172,0.008998267352581024,-0.014615889638662338,0.6149556636810303,0.5000222325325012,-0.03804080908120191,3.5759775690992357,4.251677989959717,5.6527228355407715,-7.866668224334717,0.03709985315799713,-0.47262823581695557,0.006098353303968906,0.14729763567447662,8.825753211975098,2.889026165008545,1740.00830078125,3697.802490234375,1.4720778465270996,0.024609066545963287,0.09620320796966553,0.03604237735271454,0.11254777014255524,0.11783937364816666,0.104893758893013,0.0742928683757782,0.06559276580810547,0.05756828188896179,0.0388776920735836,0.011676969937980175
247,1990s,Creep,-15.852929,-14.515217,-11.477882385253906,11.849185943603516,0.005274064373224974,0.027936017140746117,2.1922926902770996,0.49999555945396423,0.09789831318102105,3.5230561491618757,4.194922924041748,6.936761856079102,-6.549790859222412,-0.13074325025081635,-0.4210958778858185,0.04199710860848427,0.14687331020832062,8.358797073364258,2.958315372467041,1907.28466796875,3745.457275390625,1.539054274559021,0.02674430049955845,0.08427058160305023,0.03230481594800949,0.06786075979471207,0.06904248148202896,0.05704198032617569,0.05273842439055443,0.05111749470233917,0.04823680222034454,0.033496156334877014,0.011331325396895409
248,1990s,Losing My Religion,-27.19965,-23.689528,-14.617559432983398,4.404074668884277,0.0031534198205918074,-0.05931893736124039,1.2230520248413086,0.5000096559524536,-0.01937076215638748,5.273163194221753,4.176234245300293,6.69225549697876,-7.209600448608398,0.0809517577290535,-0.43268439173698425,0.07285971194505692,0.13273049890995026,8.578989028930664,3.9030168056488037,2217.93505859375,3727.72216796875,1.8089408874511719,0.021934354677796364,0.05452866479754448,0.02022690884768963,0.057461097836494446,0.05544903874397278,0.05831155925989151,0.04952065646648407,0.04093527793884277,0.03259394317865372,0.01997680775821209,0.0054488833993673325
249,1990s,Save Tonight,-14.852455,-14.446474,-14.115633964538574,3.1012439727783203,0.005093523301184177,0.08556155860424042,0.16067123413085938,0.49971261620521545,-0.022746605299396996,10.170073092239337,3.975639581680298,5.31265115737915,-6.73160982131958,-0.01043720729649067,-0.5855481624603271,-0.08261620998382568,0.09792529791593552,8.233197212219238,5.097323894500732,894.0942993164062,2039.500732421875,1.9598854780197144,0.014933722093701363,0.10731910169124603,0.03891735151410103,0.09519019722938538,0.08544720709323883,0.06734262406826019,0.05037922039628029,0.04362962767481804,0.0353957861661911,0.021539805456995964,0.005003165919333696
250,1990s,Lemon Tree,-13.916441,-11.50685,-10.951933860778809,5.188779830932617,0.008930956944823265,-0.14026905596256256,1.5787649154663086,0.49990561604499817,-0.04995367494568034,5.299605550076105,4.191356182098389,6.383635520935059,-7.931896686553955,0.11540199816226959,-0.5233184695243835,-0.005938739515841007,0.09970443695783615,7.814030647277832,14.47282600402832,1297.6304931640625,2125.16455078125,2.8153257369995117,0.017954543232917786,0.08611014485359192,0.038987673819065094,0.07944001257419586,0.09961705654859543,0.10722894221544266,0.09701545536518097,0.06619793176651001,0.04124020040035248,0.022383950650691986,0.006371076684445143
251,1990s,All Star,-13.454131,-11.44651,-10.096046447753906,8.529373168945312,0.011536979116499424,0.054721418768167496,1.9257807731628418,0.4999849498271942,-0.008064742647339466,8.804504766124264,4.955735206604004,6.704309940338135,-7.822627067565918,0.10511260479688644,-0.5304633975028992,0.024899784475564957,0.13833719491958618,8.702333450317383,3.445542335510254,1729.965087890625,3453.86767578125,1.6446114778518677,0.023540087044239044,0.12301599979400635,0.0500325970351696,0.10834625363349915,0.10833615809679031,0.09421084076166153,0.08592626452445984,0.07215537130832672,0.05323460325598717,0.03642769157886505,0.012116560712456703
252,1990s,Personal Jesus,-18.906826,-14.756057,-13.798615455627441,4.169794082641602,0.00486048823222518,0.03897809982299805,1.4083881378173828,0.4999811351299286,-0.05668879594636765,9.235926712903604,4.242513656616211,6.426209926605225,-8.46655559539795,0.019833162426948547,-0.5743386745452881,-0.0320180244743824,0.12481020390987396,8.594378471374512,4.093493938446045,1830.9605712890625,3619.075927734375,1.6877247095108032,0.018892332911491394,0.08360347896814346,0.03650139644742012,0.07651415467262268,0.08131547272205353,0.0676816925406456,0.053151678293943405,0.040614861994981766,0.03404800593852997,0.0251458790153265,0.008086166344583035
253,1990s,Wind Of Change,-12.721656,-12.376733,-10.852367401123047,9.738187789916992,0.006719307508319616,-0.02639654465019703,1.705636978149414,0.49999937415122986,-0.01475043985207296,4.5592430561825,4.211716651916504,5.749788761138916,-6.555226802825928,0.026860348880290985,-0.42147594690322876,0.0006171553977765143,0.10562481731176376,8.141590118408203,12.511155128479004,2084.574951171875,3159.92822265625,2.322329521179199,0.013340326957404613,0.07739045470952988,0.03139793872833252,0.07524485141038895,0.07915018498897552,0.08235867321491241,0.0748942643404007,0.07222142070531845,0.06144518777728081,0.04193916544318199,0.008141431026160717
254,1990s,Self Esteem,-12.979011,-12.218137,-11.30600357055664,4.8410139083862305,0.006134796421974897,0.0037643813993781805,0.9775385856628418,0.5001194477081299,-0.0006231370804321035,4.386966700685241,4.848460674285889,7.6905436515808105,-6.63883638381958,-0.054289527237415314,-0.5597289800643921,-0.02752836048603058,0.151262104511261,9.038949966430664,1.6035112142562866,2552.994873046875,4714.61083984375,1.3012089729309082,0.021369047462940216,0.07846833020448685,0.030314741656184196,0.0661073848605156,0.07323622703552246,0.08242689818143845,0.06824079155921936,0.07608005404472351,0.062305890023708344,0.04256632179021835,0.012391453608870506
255,1990s,Basket Case,-16.310081,-15.534811,-13.826157569885254,7.03870964050293,0.0034522104542702436,-0.06176469102501869,0.9482278823852539,0.5000144243240356,0.18649302043825094,5.005163921726507,4.142467975616455,5.960980415344238,-6.659335136413574,-0.33160310983657837,-0.4529702961444855,0.031174570322036743,0.12449578940868378,8.724498748779297,5.159858226776123,2164.60791015625,3674.260009765625,1.9193120002746582,0.017659803852438927,0.05449084937572479,0.020750030875205994,0.054482437670230865,0.06046705320477486,0.05756625905632973,0.05496750399470329,0.05000853165984154,0.045112092047929764,0.0292961448431015,0.006842523813247681
256,1990s,Bitter Sweet Symphony - Remastered 2016,-10.904171,-10.4977,-8.716861724853516,9.501132011413574,0.012150615453720093,-0.0517149455845356,0.8944737911224365,0.4999889135360718,0.04745825391750254,4.018237717922233,4.138613224029541,5.177026271820068,-6.446808338165283,-0.020002687349915504,-0.35507720708847046,-0.002594565972685814,0.10656996071338654,8.490949630737305,4.2517194747924805,1616.9451904296875,3158.32958984375,1.7779202461242676,0.013794171623885632,0.11822173744440079,0.042687978595495224,0.10684942454099655,0.11807803809642792,0.11779482662677765,0.10644460469484329,0.09011538326740265,0.06960364431142807,0.04266185685992241,0.011165785603225231
257,1990s,Are You Gonna Go My Way,-14.54119,-9.0661335,-8.353493690490723,5.288164138793945,0.01346899475902319,0.07788621634244919,0.797572135925293,0.4999832510948181,0.14604881882778617,4.382354979249209,4.155139446258545,5.688056945800781,-9.201001167297363,0.09028232097625732,-0.18808698654174805,0.15926264226436615,0.15699386596679688,8.960539817810059,1.4752540588378906,2499.278564453125,4415.58544921875,1.2953784465789795,0.023600397631525993,0.16170279681682587,0.08312208950519562,0.1349935233592987,0.11232827603816986,0.08066870272159576,0.07237166166305542,0.07806116342544556,0.0682578831911087,0.05716827139258385,0.014280327595770359
258,1990s,Don't Speak,-14.213668,-13.655352,-10.43451976776123,10.246746063232422,0.008534182794392109,-0.11285756528377533,0.9837970733642578,0.49996259808540344,-0.022938811603621392,5.72143989013819,3.9397902488708496,5.324693202972412,-6.576301097869873,0.025679580867290497,-0.45786184072494507,-0.028856219723820686,0.12249808013439178,8.410726547241211,5.851544380187988,1532.537109375,3244.720703125,1.8833078145980835,0.019853707402944565,0.09091909974813461,0.03426375240087509,0.09556547552347183,0.10504423081874847,0.0960254967212677,0.07116682082414627,0.06009529158473015,0.04610562324523926,0.034447044134140015,0.009038260206580162
259,1990s,Semi-Charmed Life,-18.006187,-15.84469,-15.367398262023926,5.176959991455078,0.0029950421303510666,-0.017403025180101395,1.2980270385742188,0.5013300776481628,-0.08456545185649264,5.62957001286305,4.52262544631958,7.820651531219482,-7.568819522857666,0.04561878368258476,-0.5187147855758667,-0.03796745836734772,0.13768169283866882,8.7999267578125,2.0679068565368652,1874.296142578125,3648.730224609375,1.486322283744812,0.022321246564388275,0.06294149905443192,0.030046429485082626,0.055621497333049774,0.05560937896370888,0.05335254222154617,0.05016183853149414,0.043977584689855576,0.03489484265446663,0.02298053912818432,0.006422374863177538
260,1990s,More Than Words,-17.283567,-16.523071,-15.898378372192383,5.930510520935059,0.0032755702268332243,-0.018272409215569496,0.9212050437927246,0.499999463558197,0.04083542058465526,24.643901577859882,3.8057632446289062,5.7151408195495605,-7.026581287384033,0.250154584646225,-0.7958608269691467,0.06053861230611801,0.07955574244260788,7.2560577392578125,10.141000747680664,819.1312866210938,1404.794677734375,2.7793898582458496,0.013297377154231071,0.03617378696799278,0.01203176286071539,0.047089509665966034,0.06001438945531845,0.07562058418989182,0.06117622181773186,0.038549263030290604,0.020875217393040657,0.01058282982558012,0.0027376741636544466
261,1990s,Don't Cry (Original),-30.854364,-29.73776,-24.1694393157959,9.041204452514648,0.0003214417665731162,0.02690575271844864,1.5157966613769531,0.49998950958251953,0.12364254201516262,4.55714925596617,3.9860386848449707,5.695700645446777,-6.914504051208496,-0.11573348194360733,-0.48600783944129944,0.009459766559302807,0.12027483433485031,8.400577545166016,7.390665054321289,1548.994384765625,2625.862548828125,2.105882167816162,0.018051696941256523,0.01889175735414028,0.008965348824858665,0.015270371921360493,0.016954069957137108,0.015049220994114876,0.01610758900642395,0.015406854450702667,0.012521680444478989,0.006895645521581173,0.0015446211909875274
262,1990s,Linger,-16.251106,-13.427563,-11.316818237304688,10.201231956481934,0.00790669210255146,0.10477238148450851,1.7235026359558105,0.4974996745586395,-0.029777780135485685,7.163111365896015,4.2161760330200195,5.696868896484375,-7.3078293800354,-0.01838468201458454,-0.4426279067993164,-0.05390032008290291,0.11663443595170975,8.262907028198242,4.286074161529541,1331.5609130859375,2719.77294921875,1.8849728107452393,0.019940802827477455,0.08591960370540619,0.03847033157944679,0.0793239027261734,0.10257060080766678,0.09529560804367065,0.07387024909257889,0.05823356285691261,0.04473411664366722,0.029533494263887405,0.007399737369269133
263,1990s,Everybody Hurts,-19.695915,-16.806833,-10.618207931518555,8.756105422973633,0.008986404165625572,-0.16129714250564575,1.7999897003173828,0.5000413656234741,0.03364196043264365,5.299900845354635,3.933580160140991,5.556869029998779,-6.887479305267334,-0.10241319984197617,-0.4905427396297455,0.010457184165716171,0.08357719331979752,7.60946798324585,21.262353897094727,1533.0782470703125,2386.765625,3.3409812450408936,0.012506323866546154,0.09126289933919907,0.03740465268492699,0.08612635731697083,0.10035450756549835,0.11267644912004471,0.09129810333251953,0.0682770311832428,0.04670826718211174,0.022136768326163292,0.00438871281221509
264,1990s,Killing In The Name,-17.029743,-16.046448,-15.440725326538086,4.6059112548828125,0.00259609567001462,-0.019418172538280487,1.195047378540039,0.5008792877197266,-0.007659292414120894,5.979102893206137,4.916617393493652,7.604831695556641,-6.7278947830200195,-0.1407025009393692,-0.40289196372032166,-0.04548051208257675,0.14908893406391144,8.992063522338867,2.0290355682373047,2520.367919921875,4555.1826171875,1.3668519258499146,0.02184799313545227,0.06430865824222565,0.027027031406760216,0.05365939065814018,0.050658732652664185,0.042005784809589386,0.038386985659599304,0.04167184978723526,0.03796027973294258,0.02741934172809124,0.007546283304691315
265,1990s,Song 2,-18.136683,-12.332062,-9.573365211486816,13.332651138305664,0.009483461268246174,-0.0015177612658590078,1.3268256187438965,0.49999648332595825,0.07202501392160321,12.391607080459238,4.314711570739746,5.876793384552002,-10.359057426452637,-0.03198808804154396,-0.5723056793212891,0.028321679681539536,0.1344446986913681,8.810210227966309,3.2586636543273926,2399.854736328125,3858.67822265625,1.6621170043945312,0.02016134187579155,0.0866461917757988,0.03340916335582733,0.09642381221055984,0.10108635574579239,0.09715982526540756,0.07845009863376617,0.08284802734851837,0.06816220283508301,0.044700223952531815,0.010993347503244877
266,1990s,Last Kiss,-13.190617,-10.43796,-9.872451782226562,4.039863586425781,0.011986023746430874,-0.09863381087779999,0.9344823360443115,0.5000124573707581,-0.09234001037013857,9.522559468765921,4.136849880218506,6.138204574584961,-8.01314640045166,0.1171296089887619,-0.5065466165542603,0.09213248640298843,0.10096175223588943,8.12044906616211,8.447195053100586,1357.7552490234375,2231.23095703125,2.4626822471618652,0.01689685881137848,0.10084570199251175,0.04675641655921936,0.09196683019399643,0.1132148876786232,0.1347585916519165,0.12133815139532089,0.08960208296775818,0.05876027047634125,0.028104033321142197,0.00655211228877306
267,1990s,Lovefool,-10.458857,-9.431584,-9.253761291503906,2.946714401245117,0.012877366505563259,0.004006430972367525,1.4178476333618164,0.4999997615814209,-0.10456466866198595,14.739144606117703,4.4268012046813965,5.946836471557617,-8.000834465026855,0.14526158571243286,-0.7990702986717224,-0.09899776428937912,0.1612984538078308,8.809898376464844,1.1902258396148682,2342.529052734375,4278.49169921875,1.248590350151062,0.024894816800951958,0.11625966429710388,0.04356234893202782,0.10416269302368164,0.1217418983578682,0.11385878175497055,0.09490557014942169,0.08538879454135895,0.07708248496055603,0.05643538013100624,0.014715339988470078
268,1990s,Zombie,-12.372922,-11.250527,-10.18380355834961,7.079939842224121,0.010004873387515545,0.20647668838500977,1.3105597496032715,0.49894654750823975,-0.014732785085569276,7.940362240723826,4.267116069793701,5.946013927459717,-7.4470133781433105,-0.04617363587021828,-0.6731842756271362,-0.029428569599986076,0.12941870093345642,8.465156555175781,4.431327819824219,1605.9483642578125,3227.9453125,1.7466459274291992,0.022298648953437805,0.11672824621200562,0.05148628354072571,0.10642227530479431,0.11328775435686111,0.09760376811027527,0.07149097323417664,0.07332033663988113,0.05671484395861626,0.04235473647713661,0.010733390226960182
269,1990s,Bed Of Roses,-18.596092,-16.247318,-10.959100723266602,17.091175079345703,0.0063927555456757545,-0.002289555035531521,2.0050058364868164,0.4999925494194031,-0.03151382677265686,4.923927639505975,4.045735836029053,5.455923557281494,-8.820693969726562,0.03328733146190643,-0.4839872419834137,0.0009938059374690056,0.11885493248701096,8.484614372253418,3.8952419757843018,1794.0377197265625,3373.47998046875,1.733293890953064,0.01700911484658718,0.08959242701530457,0.04169558733701706,0.07817645370960236,0.0718027874827385,0.07259242236614227,0.06557346135377884,0.056804489344358444,0.04434838891029358,0.031914468854665756,0.00850339699536562
270,1990s,Heart-Shaped Box,-16.514936,-13.640181,-11.881515502929688,7.159400939941406,0.0070963711477816105,0.08224836736917496,1.2326626777648926,0.49997904896736145,0.05374471254140023,7.058364479861227,4.012192726135254,5.441070079803467,-6.836708068847656,-0.06452842801809311,-0.5334319472312927,-0.057711515575647354,0.09050025045871735,8.027270317077637,11.417012214660645,1192.7425537109375,2155.12255859375,2.698837995529175,0.014552798122167587,0.0876723900437355,0.03754693269729614,0.09583932906389236,0.10270575433969498,0.08876706659793854,0.06896613538265228,0.054480619728565216,0.04326792433857918,0.02326672337949276,0.005040752235800028
271,1980s,Every Breath You Take,-13.793047,-12.917896,-12.711410522460938,3.4436216354370117,0.007319008931517601,0.0304883886128664,2.2455806732177734,0.5000364780426025,-0.04763190830542967,13.752072668615961,4.345401287078857,7.541400909423828,-7.465554237365723,0.02649734355509281,-0.7260919213294983,-0.05064709112048149,0.07882478088140488,7.673035621643066,18.175052642822266,793.327392578125,1590.7376708984375,2.9775075912475586,0.01241103932261467,0.09323626011610031,0.04110485687851906,0.10948898643255234,0.10705568641424179,0.09026820957660675,0.06525619328022003,0.042994484305381775,0.029649876058101654,0.01692332699894905,0.004615781828761101
272,1980s,Money for Nothing,-18.741663,-17.776485,-16.959856033325195,4.277856826782227,0.001750488649122417,0.12463250756263733,2.601839065551758,0.4999939203262329,0.04034452154656115,3.6613376239458,4.937577247619629,10.703822135925293,-6.910161018371582,-0.05452170595526695,-0.44014593958854675,0.012947194278240204,0.13426871597766876,8.66755199432373,5.333205699920654,2487.943115234375,4201.1259765625,1.7418019771575928,0.01949194259941578,0.04075220972299576,0.013081742450594902,0.03618764504790306,0.04383506625890732,0.04354357346892357,0.0406150221824646,0.03258378431200981,0.02854051999747753,0.01948797143995762,0.005920288152992725
273,1980s,Shout,-10.903305,-9.911134,-8.812443733215332,5.48451042175293,0.011541931889951229,-0.0019363153260201216,0.6569225788116455,0.49997037649154663,-0.014221990121503842,5.042249803849698,4.361201286315918,5.708744525909424,-7.204128265380859,0.04351411387324333,-0.5612707138061523,-0.004215920809656382,0.12927423417568207,8.791441917419434,3.36309814453125,2259.470458984375,3691.191162109375,1.7712267637252808,0.01892349310219288,0.09090613573789597,0.03272652253508568,0.07815217971801758,0.10972050577402115,0.1182091161608696,0.12113193422555923,0.10695098340511322,0.08112397789955139,0.04923078417778015,0.011636946350336075
274,1980s,Bad Medicine,-12.685563,-12.155397,-11.076579093933105,8.719494819641113,0.005935779307037592,0.005298163276165724,0.48333239555358887,0.49996939301490784,-0.052613557103282166,3.6052111403186604,4.437583923339844,5.909193992614746,-6.682704925537109,0.10862578451633453,-0.49954482913017273,-0.0021180191542953253,0.14164027571678162,9.06755256652832,2.422057628631592,2447.882568359375,4408.94970703125,1.5265542268753052,0.02045951783657074,0.07405930757522583,0.027613038197159767,0.06438586115837097,0.07342726737260818,0.07646813243627548,0.07684080302715302,0.08046466112136841,0.06487295031547546,0.041896604001522064,0.011993160471320152
275,1980s,Everybody Wants To Rule The World,-18.388313,-14.517678,-10.384645462036133,3.754641532897949,0.008453236892819405,0.010677610523998737,1.0139379501342773,0.4999895989894867,-0.03784708541429916,5.161712387516803,4.238927364349365,6.049684047698975,-8.872198104858398,0.0013605353888124228,-0.63074791431427,0.014518516138195992,0.13203352689743042,8.522923469543457,3.2690670490264893,1450.457763671875,2860.196533203125,1.7414332628250122,0.025676986202597618,0.08951649814844131,0.030284825712442398,0.08302287757396698,0.0919683650135994,0.10148297250270844,0.09052007645368576,0.06562365591526031,0.045633465051651,0.031521350145339966,0.0089424978941679
276,1980s,Glory Days,-19.147356,-17.909372,-14.90987777709961,12.62015438079834,0.0020744919311255217,0.06194886565208435,1.5443925857543945,0.49970680475234985,0.05057597860681405,4.438520304911497,4.695334434509277,9.371233940124512,-6.778326511383057,0.039882976561784744,-0.6067453026771545,-0.02650166116654873,0.12190486490726471,8.830952644348145,3.392033338546753,2788.9912109375,4191.52783203125,1.5739318132400513,0.011898516677320004,0.03304954990744591,0.006976382341235876,0.02378476783633232,0.028420137241482735,0.04332882538437843,0.050100188702344894,0.051193833351135254,0.044132299721241,0.027417857199907303,0.006225083488970995
277,1980s,Every Little Thing She Does Is Magic,-16.481176,-15.869581,-13.728728294372559,6.249958038330078,0.005366716533899307,0.0016925687668845057,1.2056665420532227,0.500007152557373,-0.01538465808408601,16.95470943140601,4.102115631103516,5.978180408477783,-7.174527168273926,0.029113924130797386,-0.7104671001434326,-0.030649365857243538,0.10425927489995956,8.121335983276367,5.933320999145508,870.7720336914062,1737.230224609375,2.1743569374084473,0.0197518952190876,0.09972721338272095,0.04149589315056801,0.0838329941034317,0.07539375126361847,0.06996026635169983,0.06079337000846863,0.04778348654508591,0.03133470192551613,0.017564725130796432,0.005003663711249828
278,1980s,Livin' On A Prayer,-12.536758,-10.070743,-7.638765335083008,3.5932812690734863,0.01499533373862505,-0.04943275451660156,0.7012515068054199,0.5000060796737671,0.006392595148432103,6.637660671180572,4.161017417907715,5.49470329284668,-7.67510986328125,-0.03868944197893143,-0.47398248314857483,-0.00900278054177761,0.13900792598724365,8.886860847473145,2.9384524822235107,2410.44970703125,4332.146484375,1.5303750038146973,0.02032851055264473,0.13789358735084534,0.05986917391419411,0.12801310420036316,0.12350860238075256,0.11366315186023712,0.10466449707746506,0.10942044854164124,0.08767972886562347,0.06518249213695526,0.01731901988387108
279,1980s,Hysteri,-24.255907,-23.176506,-22.20574188232422,4.759342193603516,0.0006200706702657044,0.00676350574940443,2.1760592460632324,0.49999964237213135,0.15689350789660853,5.30718040069898,4.584471225738525,7.498442649841309,-6.7757978439331055,-0.18648435175418854,-0.42975911498069763,0.0228731669485569,0.14105941355228424,8.805317878723145,2.2574946880340576,1992.7061767578125,4278.50537109375,1.3690983057022095,0.021250132471323013,0.03165006637573242,0.01525030191987753,0.02856590412557125,0.027875423431396484,0.022348834201693535,0.01930300146341324,0.01508244313299656,0.014274165034294128,0.01076975092291832,0.0037252716720104218
280,1980s,Need You Tonight,-11.991482,-11.304806,-11.060147285461426,3.6759729385375977,0.009610055014491081,0.029344825074076653,2.4045205116271973,0.49854594469070435,0.016318540058738416,13.389324987084228,5.676056861877441,7.907046794891357,-7.040081024169922,0.019385673105716705,-0.6414591073989868,0.00708190631121397,0.16072963178157806,8.854297637939453,1.6581507921218872,2749.985107421875,4634.736328125,1.2608580589294434,0.022807838395237923,0.13202187418937683,0.051624104380607605,0.10490752011537552,0.09036591649055481,0.059305477887392044,0.048003941774368286,0.054219771176576614,0.052327223122119904,0.04316072538495064,0.012866384349763393
281,1980s,Don't Stop Believin',-16.888618,-14.403769,-12.407062530517578,10.484516143798828,0.005450542084872723,-0.13380120694637299,1.9027953147888184,0.5000004768371582,-0.06205858045991999,5.717609426415912,4.201964855194092,6.257837772369385,-7.464610576629639,0.1647680401802063,-0.47394251823425293,0.01708943396806717,0.11545577645301819,8.430580139160156,6.295486927032471,1683.298828125,3059.126708984375,1.9953768253326416,0.017533622682094574,0.05430493503808975,0.020106244832277298,0.05430004745721817,0.07561053335666656,0.07798344641923904,0.07369239628314972,0.06736067682504654,0.04537435248494148,0.02714858204126358,0.00652847345918417
282,1980s,Hit Me With Your Best Shot,-11.073619,-8.199747,-7.718708038330078,3.452193260192871,0.012792135588824749,0.024258822202682495,0.8623387813568115,0.4999980032444,0.01830973239932119,3.4611209117973627,4.414524078369141,5.79709005355835,-6.737242698669434,-0.0248782429844141,-0.3939632475376129,0.0077552394941449165,0.13405011594295502,8.814826011657715,3.855609178543091,2940.728759765625,4442.0380859375,1.6600289344787598,0.01678343676030636,0.10040450096130371,0.03137234225869179,0.09386945515871048,0.11197589337825775,0.11129474639892578,0.10622984915971756,0.11825006455183029,0.09332720935344696,0.06713303178548813,0.013548558577895164
283,1980s,Beds Are Burning - Remastered,-15.29823,-12.41821,-11.75156021118164,2.746344566345215,0.008353807032108307,0.1143530011177063,1.0170083045959473,0.49530676007270813,-0.048131246214857065,7.896390276272194,3.9775452613830566,6.804177284240723,-7.034852027893066,0.06601838022470474,-0.5550587773323059,-0.01906217634677887,0.11816336959600449,8.30870246887207,5.0298542976379395,1131.2642822265625,2590.8369140625,1.894071340560913,0.020909354090690613,0.1335555911064148,0.06879574805498123,0.11645813286304474,0.10733045637607574,0.07621610909700394,0.057967301458120346,0.05008149892091751,0.0405535064637661,0.027210691943764687,0.008096082136034966
284,1980s,"Girls, Girls, Girls",-26.793314,-26.062635,-24.95301628112793,3.6528186798095703,0.0002589474315755069,-0.0028992020525038242,1.735422134399414,0.49999743700027466,-0.023586855444558564,3.61459084707205,4.738329887390137,7.757826328277588,-6.442166328430176,0.07605259120464325,-0.38358545303344727,0.0001870466221589595,0.1663944572210312,9.19077205657959,0.6524789333343506,2904.28564453125,5563.05419921875,1.0950937271118164,0.02491191402077675,0.018723659217357635,0.007494917139410973,0.015749491751194,0.014816583134233952,0.014503857120871544,0.013622883707284927,0.013903848826885223,0.012498383410274982,0.00918169878423214,0.0027517122216522694
285,1980s,Born in the U.S.A,-22.108429,-21.785936,-20.99327850341797,3.9172306060791016,0.000662760459817946,0.0010382820619270205,0.7078289985656738,0.4999958276748657,0.10402187372289805,4.753450208681369,4.4252705574035645,6.1300811767578125,-6.585643768310547,-0.15208007395267487,-0.4944152534008026,-0.004976928699761629,0.1385168731212616,9.027688026428223,2.2957684993743896,2800.572509765625,4679.77490234375,1.3866640329360962,0.01649191789329052,0.025148212909698486,0.008755815215408802,0.02099655754864216,0.026355432346463203,0.02423691935837269,0.02510504610836506,0.02557876519858837,0.021457986906170845,0.014381452463567257,0.0041196709498763084
286,1980s,Sweet Child O' Mine,-28.643156,-25.616722,-17.809040069580078,5.700915336608887,0.0015452555380761623,-0.013294070959091187,1.271592617034912,0.4999925494194031,-0.02355983271460004,6.893465982859857,4.184131622314453,6.197568416595459,-7.229374408721924,0.10830721259117126,-0.5134403705596924,0.06639397144317627,0.1310788244009018,8.69582748413086,3.6431119441986084,2711.41015625,4198.451171875,1.7096514701843262,0.018447909504175186,0.03437851741909981,0.009573966264724731,0.03633886203169823,0.03982784226536751,0.04095647111535072,0.04044216126203537,0.037971388548612595,0.029189512133598328,0.018925217911601067,0.003966003656387329
287,1980s,Heroes - 2017 Remaster,-12.032574,-11.250415,-9.507609367370605,2.33139705657959,0.011267575435340405,0.03532804548740387,0.5164961814880371,0.5000085830688477,-0.051106885204767125,8.157214155785812,4.1134724617004395,5.279412746429443,-6.67535400390625,0.07529943436384201,-0.6180859208106995,-0.00017914081399794668,0.10533837229013443,8.568583488464355,5.163834571838379,1955.4783935546875,3238.810302734375,1.9218958616256714,0.012644548900425434,0.12794063985347748,0.0658520832657814,0.11432632803916931,0.10914929956197739,0.09905030578374863,0.09782373160123825,0.09804955869913101,0.07962539792060852,0.04455376788973808,0.008674375712871552
288,1980s,Ace of Spades,-10.067211,-9.381814,-9.236974716186523,2.7708330154418945,0.009996236301958561,-0.022539330646395683,0.2106800079345703,0.49999749660491943,-0.019608424371010805,31.204578001915063,4.474464416503906,5.344906806945801,-7.540925979614258,0.22481626272201538,-0.7859221696853638,-0.018696976825594902,0.1427117884159088,9.168251991271973,2.4811909198760986,3246.343017578125,4739.99462890625,1.4968817234039307,0.016627982258796692,0.08375775814056396,0.023392310366034508,0.06138811260461807,0.07653921842575073,0.1010858491063118,0.1081196516752243,0.1255250722169876,0.11369450390338898,0.07380522787570953,0.016214732080698013
289,1980s,Don't Stand So Close To Me,-17.99597,-17.225286,-14.578829765319824,14.119349479675293,0.003818008815869689,-0.10452982038259506,8.035857200622559,0.49999770522117615,-0.008954042072698983,21.589593944649387,4.808879852294922,10.350443840026855,-6.978832721710205,-0.018186673521995544,-0.747023344039917,-0.01662907749414444,0.12989170849323273,8.388043403625488,4.911350727081299,1685.8690185546875,3411.923095703125,1.856641411781311,0.0224105603992939,0.07200420647859573,0.028125181794166565,0.06068813055753708,0.05267105624079704,0.047049447894096375,0.04054870828986168,0.03561190515756607,0.02921375259757042,0.01974155381321907,0.0065878829918801785
290,1980s,One (Remastered),-14.6688,-13.7822485,-10.645137786865234,11.178359031677246,0.006719243247061968,0.03523460403084755,2.030393123626709,0.500004768371582,-0.03131426410468733,3.1350785218210975,4.443905353546143,6.980556964874268,-6.531328201293945,0.02411682903766632,-0.47189781069755554,0.006759394891560078,0.13502909243106842,8.617911338806152,4.605789661407471,2462.703857421875,3964.232177734375,1.6595574617385864,0.017668578773736954,0.09975527226924896,0.027876777574419975,0.0911225825548172,0.0750565230846405,0.056066371500492096,0.0443231575191021,0.06333625316619873,0.05910404026508331,0.040191952139139175,0.009314258582890034
291,1980s,We're Not Gonna Take It,-20.73951,-19.212458,-17.189929962158203,7.778262138366699,0.00201737554743886,0.016914939507842064,2.1452016830444336,0.49994540214538574,-7.730818605083204e-07,200.56399653631024,4.516472339630127,7.706340789794922,-8.801292419433594,0.007589005399495363,-0.5917907357215881,0.00889253057539463,0.11444039642810822,8.505643844604492,5.89451265335083,1786.9515380859375,3126.331787109375,1.9512890577316284,0.015899231657385826,0.03943243995308876,0.013412406668066978,0.04334033653140068,0.044131383299827576,0.04173846170306206,0.03416763246059418,0.03405873104929924,0.026300175115466118,0.01721012406051159,0.0037079015746712685
292,1980s,Working for the Weekend,-13.188672,-11.6987095,-11.276676177978516,2.972771644592285,0.007499661762267351,0.058123402297496796,1.4153118133544922,0.49967414140701294,-0.01776269407245849,9.608586673417388,4.559697151184082,7.019291877746582,-7.356220722198486,-0.01797100342810154,-0.688181459903717,-0.021869489923119545,0.14301732182502747,8.996270179748535,2.24125337600708,2239.880615234375,4060.477783203125,1.5298858880996704,0.022341543808579445,0.09149979799985886,0.03358956798911095,0.08199790120124817,0.08082974702119827,0.08586898446083069,0.08279933780431747,0.07748068869113922,0.06854576617479324,0.043565548956394196,0.011590791866183281
293,1980s,Hells Bells,-10.809698,-9.928136,-8.984004974365234,7.140653133392334,0.011548476293683052,0.007564495783299208,0.9883546829223633,0.49995312094688416,0.04706257678503207,5.978179899951095,4.452907085418701,5.5669779777526855,-7.118005275726318,-0.05776961147785187,-0.4251193404197693,-0.012864915654063225,0.12216116487979889,8.573272705078125,9.821805000305176,2019.6927490234375,3551.057373046875,2.156332015991211,0.018015844747424126,0.12131340801715851,0.04010946303606033,0.10451598465442657,0.10337281972169876,0.10006114095449448,0.10368974506855011,0.09747450798749924,0.08355613797903061,0.04958471655845642,0.013558375649154186
294,1980s,You Give Love A Bad Name,-15.435882,-12.865344,-11.656789779663086,2.8537511825561523,0.005116859916597605,0.0036482990253716707,0.7293226718902588,0.4999827444553375,-0.022106844047260602,4.258915851213165,4.5291829109191895,6.40610408782959,-7.515980243682861,0.06073496490716934,-0.48247942328453064,0.025455670431256294,0.13655969500541687,9.098381996154785,2.898898124694824,2873.84814453125,4668.34423828125,1.5970548391342163,0.0176014956086874,0.06444796919822693,0.020033864304423332,0.05098959431052208,0.05846058204770088,0.07319661229848862,0.08045463263988495,0.0806286409497261,0.06410103291273117,0.04134649410843849,0.01018910575658083
295,1980s,You Shook Me All Night Long,-10.568774,-10.068458,-9.563905715942383,5.851559162139893,0.009758584201335907,-0.04857710376381874,1.1396894454956055,0.4999973177909851,0.055321603530950135,5.351980656555479,4.744039535522461,6.584456920623779,-6.781385898590088,-0.11600703746080399,-0.3678782880306244,-0.030048182234168053,0.15171021223068237,8.969560623168945,3.418389081954956,2561.36328125,4515.359375,1.5279271602630615,0.02345193549990654,0.11428955942392349,0.04172121733427048,0.09760385006666183,0.08644470572471619,0.08135224878787994,0.09506241232156754,0.09437564015388489,0.08338091522455215,0.05019093304872513,0.014685635454952717
296,1980s,Once in a Lifetime - 2005 Remaster,-13.589101,-12.630829,-11.093798637390137,2.576470375061035,0.007403546012938023,0.07844842225313187,1.8403940200805664,0.49998727440834045,0.01565436546133578,5.385047077020893,4.815161228179932,7.3374714851379395,-6.823517322540283,-0.00459292670711875,-0.5376659631729126,0.02864683046936989,0.12867020070552826,8.713079452514648,3.8357765674591064,2015.578369140625,3517.67236328125,1.807264804840088,0.020007530227303505,0.07952535152435303,0.030024297535419464,0.06462675333023071,0.07842086255550385,0.09383361041545868,0.09371136873960495,0.08056843280792236,0.05646151676774025,0.035369809716939926,0.008964897133409977
297,1980s,Jessie's Girl,-26.090755,-25.156065,-22.563432693481445,13.335779190063477,0.0005501745617948472,-0.050513941794633865,2.9582529067993164,0.49997851252555847,-7.499112380241468e-06,149.5365907941428,4.738452911376953,7.873433589935303,-8.629351615905762,0.0024037223774939775,-0.6822319030761719,0.002468870021402836,0.12475092709064484,8.64116096496582,3.431014060974121,2241.552978515625,3618.15185546875,1.648238182067871,0.01752667874097824,0.019122669473290443,0.006940834224224091,0.017893655225634575,0.02412632666528225,0.023654691874980927,0.022519778460264206,0.018612248823046684,0.01530145388096571,0.01014258898794651,0.0024074416141957045
298,1980s,Wanted Dead Or Alive,-11.980853,-10.238,-8.652541160583496,8.258140563964844,0.011389168910682201,-0.06636455655097961,1.3989200592041016,0.4999888241291046,0.01802740005038607,4.494802422272664,4.305275917053223,5.92258882522583,-7.615084171295166,-0.0337122306227684,-0.4762447774410248,-0.02706790156662464,0.14395633339881897,8.81773567199707,2.1002652645111084,2733.998046875,4531.69189453125,1.4530285596847534,0.02123423106968403,0.1114618182182312,0.04538580775260925,0.09678677469491959,0.09526480734348297,0.10055775940418243,0.09317713230848312,0.10360847413539886,0.08106708526611328,0.06266897171735764,0.015593052841722965
299,1980s,Call Me,-23.825184,-23.121078,-22.879013061523438,2.5642566680908203,0.0005662342882715166,0.01807532273232937,0.7747163772583008,0.49999552965164185,0.022652979581636538,7.090223827018425,4.504366397857666,6.101465702056885,-6.586153984069824,0.12480423599481583,-0.49626424908638,0.05687617510557175,0.0926298052072525,8.110514640808105,7.450616359710693,1229.9110107421875,2149.24658203125,2.4777653217315674,0.01496909186244011,0.02154395915567875,0.010034854523837566,0.025151653215289116,0.027909928932785988,0.026125282049179077,0.023312145844101906,0.018970102071762085,0.01405325811356306,0.006703962106257677,0.001191541668958962
300,1980s,When Doves Cry,-19.36563,-16.683083,-15.442302703857422,5.213775634765625,0.002745322184637189,0.05609191209077835,4.640676021575928,0.4999910295009613,-0.029772368550057698,4.130228060627096,5.428071022033691,25.012147903442383,-7.711486339569092,0.0071972450241446495,-0.4559131860733032,0.023131925612688065,0.11931050568819046,8.534197807312012,5.381248950958252,1972.903564453125,3535.6015625,1.9160850048065186,0.016418516635894775,0.051963821053504944,0.023023726418614388,0.04383020102977753,0.04830474779009819,0.04277242720127106,0.04230614751577377,0.03550126031041145,0.03061080351471901,0.016347894445061684,0.0051145912148058414
301,1980s,It's The End Of The World As We Know It (And I Feel Fine),-18.669043,-14.68707,-13.945221900939941,2.914158821105957,0.003305590245872736,-0.08586519956588745,1.05787992477417,0.4999910295009613,-0.002369272868871668,5.5062006134352215,4.798038482666016,6.864874362945557,-9.628202438354492,-0.03123624436557293,-0.571841835975647,0.007535160519182682,0.1556582897901535,9.127237319946289,1.8550469875335693,3177.972900390625,5198.76513671875,1.3697445392608643,0.022356189787387848,0.055006906390190125,0.016946664080023766,0.04318132624030113,0.045244112610816956,0.0614369660615921,0.06565066426992416,0.06118340045213699,0.0529082790017128,0.031942833214998245,0.009803586639463902
302,1980s,Dancing In the Dark,-14.945388,-14.509744,-14.186650276184082,2.7641944885253906,0.003826693631708622,0.025449588894844055,0.5666673183441162,0.4999726712703705,0.08860935865950491,8.443585728782105,4.463844299316406,6.225017070770264,-6.708456516265869,-0.22508588433265686,-0.6153776049613953,0.0063214232213795185,0.12804025411605835,8.928248405456543,2.3517940044403076,2123.48828125,3908.898193359375,1.5434868335723877,0.0175109151750803,0.057151082903146744,0.01703720912337303,0.05225641652941704,0.0653991624712944,0.07755690068006516,0.06687266379594803,0.057336319237947464,0.04694727808237076,0.028264034539461136,0.00826422031968832
303,1980s,Start Me Up - Remastered 2009,-10.4322405,-9.587376,-8.855274200439453,2.484005928039551,0.013318720273673534,-0.029182875528931618,0.7574994564056396,0.5000285506248474,0.013315823487486778,7.92471358080964,4.2469916343688965,5.72961950302124,-6.559381008148193,-0.07303012907505035,-0.4600417912006378,-0.030997883528470993,0.11459492146968842,8.66273021697998,4.743812084197998,1881.852783203125,3285.76953125,1.9244087934494019,0.016058359295129776,0.12084992974996567,0.04342283681035042,0.11308036744594574,0.11791820079088211,0.11779294908046722,0.11158748716115952,0.10715047270059586,0.08153707534074783,0.046660251915454865,0.010104553773999214
304,1980s,I Love Rock 'N Roll,-19.03338,-18.07339,-16.160356521606445,4.370575904846191,0.002218549372628331,-0.04061476141214371,1.9332451820373535,0.49999526143074036,0.08703893900634768,5.090920617834995,4.4043426513671875,6.5808024406433105,-7.3045783042907715,-0.08203775435686111,-0.45192965865135193,-0.02925797738134861,0.08230698108673096,8.157901763916016,11.721334457397461,1589.8858642578125,2565.7021484375,2.5759661197662354,0.007893750444054604,0.04231848940253258,0.015663757920265198,0.03565908595919609,0.04093345254659653,0.04633384197950363,0.04676682874560356,0.04394127428531647,0.030592262744903564,0.015860406681895256,0.0021242829971015453
305,1980s,Let's Dance - 2018 Remaster,-15.645263,-14.984889,-13.359885215759277,4.356525421142578,0.004812407307326794,-0.08978438377380371,2.268446922302246,0.4999993145465851,-0.002807983854386073,6.8786436294697655,4.864002227783203,8.867118835449219,-6.50351095199585,0.025798866525292397,-0.46052810549736023,0.002180451061576605,0.1292274296283722,8.705060005187988,3.918833017349243,1955.9141845703125,3630.59521484375,1.6908777952194214,0.019043540582060814,0.08005940169095993,0.024730458855628967,0.06878160685300827,0.065042644739151,0.05912359058856964,0.05812601372599602,0.05375780165195465,0.042250365018844604,0.026210559532046318,0.007549956440925598
306,1980s,Every Rose Has Its Thorn - Remastered 2003,-14.655728,-13.417438,-10.81457805633545,12.654233932495117,0.007693386636674404,-0.0005329387495294213,2.7951455116271973,0.49998748302459717,0.020041705088292477,6.839721502623637,4.425166130065918,7.302064418792725,-6.7356343269348145,-0.056906331330537796,-0.5548988580703735,0.01241004467010498,0.15933740139007568,8.759631156921387,1.2685365676879883,2541.701416015625,4835.96923828125,1.2067331075668335,0.025973208248615265,0.08849302679300308,0.030940642580389977,0.07280527055263519,0.0849425345659256,0.08491849154233932,0.07896570861339569,0.061717450618743896,0.04910687357187271,0.03760470077395439,0.014179983176290989
307,1980s,Back In Black,-12.799503,-11.571399,-9.480363845825195,4.999481201171875,0.009198369458317757,-0.004737606272101402,1.7488055229187012,0.5000215172767639,0.04163043518205632,5.365057606974662,4.686966896057129,7.702369689941406,-6.706655025482178,-0.06444486230611801,-0.42441505193710327,-0.0009354515932500362,0.14974099397659302,9.051541328430176,2.3187415599823,2741.322509765625,4540.25146484375,1.5015149116516113,0.02211878076195717,0.09124162793159485,0.029359489679336548,0.08306321501731873,0.08381586521863937,0.0829913467168808,0.09268014878034592,0.09679009020328522,0.08298593014478683,0.046691931784152985,0.012620005756616592
308,1980s,Welcome To The Jungle,-18.756111,-15.589879,-12.113171577453613,3.514810562133789,0.005404818337410688,-0.05602775141596794,1.315812587738037,0.4999624788761139,-0.014556543096558383,5.690052492193392,4.42091703414917,6.29179573059082,-6.8801655769348145,-0.001261402852833271,-0.4104691743850708,0.010983198881149292,0.1281760334968567,8.869881629943848,3.7161505222320557,2602.202392578125,4217.48974609375,1.6958897113800049,0.01718886010348797,0.07178366184234619,0.022074654698371887,0.07038511335849762,0.07148203253746033,0.06989096850156784,0.07128547132015228,0.07170996069908142,0.05473005026578903,0.0383535660803318,0.00800574105232954
309,1980s,Another One Bites The Dust - Remastered 2011,-12.322655,-11.405943,-10.860960006713867,5.278525352478027,0.009437588043510914,-0.10032513737678528,3.167407512664795,0.5000678896903992,0.016487585730368442,8.810727048311188,5.273635387420654,8.670331954956055,-6.817093849182129,-0.023945286870002747,-0.7169760465621948,-0.004856795538216829,0.12610585987567902,8.346639633178711,9.693730354309082,1932.700439453125,3232.76513671875,2.14452862739563,0.020167963579297066,0.10605724155902863,0.03652649000287056,0.09316986799240112,0.08658882230520248,0.07617217302322388,0.06484353542327881,0.062443461269140244,0.04682457074522972,0.03149222210049629,0.007956178858876228
310,1980s,Edge of Seventeen - 2016 Remaster,-13.009719,-12.316578,-11.134807586669922,5.633502960205078,0.007877814583480358,-0.06736374646425247,1.4644956588745117,0.5000025629997253,-0.03578178083511213,8.346898078980024,4.422984600067139,6.375854015350342,-6.722317695617676,0.13024179637432098,-0.5904245972633362,0.01924283243715763,0.11906348913908005,8.58315372467041,3.939667224884033,1687.6121826171875,3081.193359375,1.880690097808838,0.018480487167835236,0.07557020336389542,0.029521910473704338,0.08064964413642883,0.09328361600637436,0.09133893996477127,0.0896696150302887,0.0793568342924118,0.05911855772137642,0.03454222157597542,0.008014230988919735
311,1980s,Runaway,-19.680677,-11.591693,-7.3028764724731445,6.670110702514648,0.014972938224673271,-0.04646940529346466,1.1545977592468262,0.5000177025794983,-0.00032492482723702365,5.303768253737333,4.224475860595703,5.63203239440918,-10.019804954528809,-0.014566737227141857,-0.5021851062774658,-0.005242960061877966,0.14804409444332123,8.883354187011719,2.7349095344543457,3015.26171875,4882.619140625,1.4801890850067139,0.021853642538189888,0.12845930457115173,0.04961976036429405,0.11087509989738464,0.12011712789535522,0.10951260477304459,0.10776856541633606,0.10371522605419159,0.0884789451956749,0.06024736538529396,0.014861061237752438
312,1980s,I Remember You,-23.746017,-23.30222,-21.521902084350586,11.619098663330078,0.0005474113277159631,-0.01110460888594389,1.211679458618164,0.4999729096889496,-0.05978155977335559,3.4688789509594216,4.188131332397461,5.7757344245910645,-6.524169445037842,0.02790435217320919,-0.4407100975513458,-0.01990731991827488,0.13378039002418518,8.655678749084473,2.0320775508880615,2024.5283203125,3852.693603515625,1.433992862701416,0.019773133099079132,0.025735730305314064,0.011473624967038631,0.02529118023812771,0.026163581758737564,0.02051525190472603,0.017609041184186935,0.019198136404156685,0.015885941684246063,0.0120778763666749,0.0027315858751535416
313,1980s,Run To You,-9.812092,-9.352269,-8.227463722229004,4.846202850341797,0.015398588962852955,-0.001309392973780632,0.5978496074676514,0.5000137090682983,-0.03996855418329294,5.755124195886078,4.046436786651611,5.180157661437988,-6.861735820770264,0.02237134985625744,-0.4418037235736847,-0.01148038636893034,0.11020050942897797,8.486920356750488,5.473930358886719,1464.613525390625,2969.86474609375,1.9236268997192383,0.015731947496533394,0.14434528350830078,0.06974870711565018,0.12389720976352692,0.1256675273180008,0.12196776270866394,0.1161472424864769,0.10846826434135437,0.07657516747713089,0.04599162936210632,0.011848673224449158
314,1980s,Hold On Loosely,-12.666665,-12.309204,-11.967192649841309,4.666507720947266,0.007234182674437761,-0.02509303018450737,1.0834698677062988,0.5000011920928955,0.0028487494872806323,112.55285546046547,4.566474437713623,6.534983158111572,-8.116132736206055,0.053228382021188736,-0.8108872771263123,-0.00684572895988822,0.14332054555416107,8.89992618560791,2.578171730041504,2318.403564453125,4128.171875,1.515184760093689,0.021820854395627975,0.09786136448383331,0.04301673173904419,0.0938267707824707,0.09845327585935593,0.07521148771047592,0.0636257454752922,0.07662291079759598,0.0657135397195816,0.04325106367468834,0.010933239944279194
315,1980s,Mother,-15.7780285,-13.772298,-13.183856964111328,6.7442474365234375,0.0038837671745568514,0.034324780106544495,1.0256032943725586,0.49802523851394653,-0.09169599715505997,3.5517715557861176,4.290409088134766,6.253018856048584,-8.029840469360352,0.2440282702445984,-0.25971001386642456,0.09747416526079178,0.12876737117767334,8.716941833496094,4.436269760131836,2623.143798828125,4285.287109375,1.683520793914795,0.016530189663171768,0.07622488588094711,0.02322864718735218,0.05771220847964287,0.0583549439907074,0.05390767753124237,0.05482567101716995,0.05782170221209526,0.04950561374425888,0.0337735190987587,0.008055937476456165
316,1980s,The Stroke - Remastered 2010,-9.808468,-8.961849,-8.800389289855957,2.616848945617676,0.011423318646848202,0.08122315257787704,1.1129255294799805,0.4999830424785614,-0.014742735222991112,3.817019208112641,4.580819129943848,6.358857154846191,-6.44713830947876,0.07429783791303635,-0.40474945306777954,0.0199110247194767,0.11568094044923782,8.620388984680176,4.773153781890869,2050.261474609375,3423.83251953125,1.8743253946304321,0.014300214126706123,0.08694007992744446,0.030352456495165825,0.08689095824956894,0.09970086067914963,0.11620400846004486,0.11108070611953735,0.09951814264059067,0.07764086872339249,0.04399874061346054,0.009019221179187298
317,1980s,Epic,-18.690329,-17.818974,-16.028593063354492,5.703661918640137,0.0019591960590332747,-0.028088856488466263,0.6013002395629883,0.49998995661735535,0.01989722501443797,4.855033887670899,4.489571571350098,6.0134806632995605,-6.555486679077148,-0.11063316464424133,-0.46058622002601624,0.0012916254345327616,0.14194846153259277,8.904966354370117,3.9593448638916016,2979.7001953125,4741.59814453125,1.5335901975631714,0.018683379516005516,0.044139761477708817,0.014974961057305336,0.038084570318460464,0.04262344911694527,0.04256274551153183,0.041732024401426315,0.04345829039812088,0.0389181450009346,0.029964663088321686,0.007184161338955164
318,1980s,Panama - 2015 Remaster,-13.952111,-13.583104,-13.392210006713867,3.3426170349121094,0.004628963768482208,0.01252004038542509,1.1880393028259277,0.4999895393848419,-0.12511996529704067,6.605336865565892,4.498235702514648,6.5379719734191895,-6.766515254974365,0.30025583505630493,-0.4369921386241913,0.07146337628364563,0.15260763466358185,9.026603698730469,1.280377745628357,2012.595703125,4314.4013671875,1.2866992950439453,0.024996422231197357,0.0763111412525177,0.03479696437716484,0.06625429540872574,0.078334741294384,0.06386467069387436,0.05710339546203613,0.05448950082063675,0.04592366889119148,0.03338684141635895,0.010391204617917538
319,1980s,I Won't Back Down,-24.993221,-21.104881,-20.312082290649414,4.887601852416992,0.0008897496736608446,0.0877702459692955,1.7243647575378418,0.4999978244304657,0.03350270832138846,4.400584464057862,5.043881893157959,7.562895774841309,-7.700239181518555,-0.039711687713861465,-0.42298364639282227,0.03230588883161545,0.12935113906860352,8.499444961547852,4.641217231750488,1787.267333984375,3203.38525390625,1.8493163585662842,0.02240966632962227,0.030125297605991364,0.012223114259541035,0.029595468193292618,0.03064754605293274,0.031049665063619614,0.02670457400381565,0.023013832047581673,0.018037734553217888,0.010484756901860237,0.0032502247486263514
320,1980s,Pour Some Sugar On Me - Remastered 2017,-9.536092,-8.682233,-8.247875213623047,3.847749710083008,0.013887065462768078,0.008016304112970829,0.7942943572998047,0.5000061392784119,-0.04570497023975039,5.224537211650344,4.252120494842529,5.709886074066162,-6.524544715881348,0.03918296843767166,-0.47943195700645447,-0.002046228852123022,0.15695694088935852,9.196443557739258,1.2712111473083496,2807.473876953125,5125.1962890625,1.2180726528167725,0.02195090241730213,0.14357781410217285,0.06130390614271164,0.11574186384677887,0.12073584645986557,0.10485152155160904,0.09978018701076508,0.09743360430002213,0.08569031208753586,0.06450538337230682,0.019428446888923645
321,1980s,Fade To Black (Remastered),-11.507845,-10.955073,-8.901805877685547,9.868209838867188,0.0095748882740736,0.016216212883591652,1.0531163215637207,0.49999749660491943,0.04289609978660989,3.4186856536726284,4.305469036102295,5.637942790985107,-6.471972465515137,-0.10696690529584885,-0.4489384889602661,-0.005685737822204828,0.13939033448696136,8.817524909973145,2.703054666519165,2853.857421875,4472.84912109375,1.4867281913757324,0.01856560818850994,0.10366634279489517,0.03666025772690773,0.09820745885372162,0.09843318909406662,0.08434237539768219,0.07456084340810776,0.09107335656881332,0.07833826541900635,0.06133905425667763,0.014105034992098808
322,1980s,Fight For Your Right,-16.735714,-14.1684,-12.509954452514648,8.311432838439941,0.004626869689673185,-0.026615098118782043,2.248368263244629,0.5000022649765015,-0.09315601513265756,4.313610526602688,4.4620361328125,7.387728691101074,-7.674803733825684,0.17151594161987305,-0.523561954498291,0.07462086528539658,0.11860078573226929,8.520709037780762,7.971314907073975,2325.412353515625,3929.2548828125,1.8374860286712646,0.014378140680491924,0.07044001668691635,0.024764811620116234,0.058005258440971375,0.060213979333639145,0.06334049254655838,0.05028418079018593,0.0550052747130394,0.046195462346076965,0.03386371582746506,0.008649788796901703
323,1980s,I Hate Myself for Loving You,-15.3361635,-14.726358,-13.833489418029785,4.409797668457031,0.0035552626941353083,0.007394176907837391,0.8767492771148682,0.49999964237213135,0.03292547410631154,5.573417272416334,4.5442047119140625,6.553140640258789,-6.775267601013184,-0.1406489908695221,-0.4994005560874939,-0.05057273060083389,0.11786960065364838,8.788982391357422,3.736427068710327,2289.119873046875,3919.1826171875,1.674224853515625,0.014383962377905846,0.04682553559541702,0.015074611641466618,0.04944761469960213,0.05734407156705856,0.067385733127594,0.06196390092372894,0.06259028613567352,0.048331573605537415,0.030072977766394615,0.007155981380492449
324,1980s,Hurts So Good,-19.926975,-18.250252,-17.662443161010742,5.48585319519043,0.0013356927083805203,-0.05172668397426605,2.518253803253174,0.5000051259994507,0.0014164792461570845,15.197292744428701,5.432663440704346,10.908674240112305,-7.788681983947754,-0.2576075494289398,-0.77720707654953,0.017805926501750946,0.17170210182666779,9.266284942626953,1.279154658317566,3806.12451171875,5921.25048828125,1.1712291240692139,0.022159157320857048,0.02870165929198265,0.004420476499944925,0.022956686094403267,0.028273575007915497,0.03236532583832741,0.03718429431319237,0.03756245970726013,0.036170680075883865,0.024525800719857216,0.007668443955481052
325,1980s,The Boys Of Summer,-13.668776,-13.167654,-11.773820877075195,8.274025917053223,0.005709028337150812,-0.025367097929120064,1.4189262390136719,0.4999982416629791,-0.0007921261365074449,3.5374920303090045,4.764636039733887,7.178401470184326,-6.564632892608643,-0.09991174191236496,-0.3861110806465149,-0.03922174125909805,0.12813839316368103,8.714631080627441,3.6805715560913086,2002.8826904296875,3504.59814453125,1.7805256843566895,0.019142813980579376,0.06002188101410866,0.02075604535639286,0.06030967831611633,0.07743118703365326,0.08258160203695297,0.082923524081707,0.06838686764240265,0.05299282819032669,0.029572583734989166,0.007271606475114822
326,1980s,Burning Heart - From Rocky IV Soundtrack,-17.061666,-16.39534,-15.372757911682129,6.165081977844238,0.002275235718116164,-0.06638943403959274,1.725409984588623,0.4999690055847168,0.04256150615871234,4.170611728663731,4.662120342254639,7.367617130279541,-6.548650741577148,-0.04428843408823013,-0.5000946521759033,0.003925377037376165,0.1456817239522934,8.97879695892334,2.7380189895629883,2722.689697265625,4667.49072265625,1.5478776693344116,0.021925218403339386,0.04209079593420029,0.013183328323066235,0.03230657801032066,0.04210250452160835,0.04642947390675545,0.04732770472764969,0.04960041865706444,0.0396844819188118,0.026827361434698105,0.006730304565280676
327,1980s,Free Fallin',-27.211185,-23.173286,-21.31258201599121,6.1175537109375,0.0007683116127736866,0.19329193234443665,2.8931784629821777,0.4999971389770508,-0.0020779454110384675,8.769055910052229,4.381659030914307,7.580540657043457,-9.45167064666748,0.02889373153448105,-0.5017340779304504,0.058239880949258804,0.1392982453107834,8.639508247375488,2.0864782333374023,1751.5355224609375,3452.110107421875,1.5050153732299805,0.023829946294426918,0.023824112489819527,0.009292501956224442,0.02422923967242241,0.02833554334938526,0.028356334194540977,0.025134894996881485,0.020973531529307365,0.015715807676315308,0.009616942144930363,0.003084119874984026
328,1980s,Rebel Yell,-12.520803,-10.145042,-9.869997024536133,1.608250617980957,0.013770954683423042,0.057349711656570435,0.17209911346435547,0.499295175075531,0.11346369631625265,6.634445672687118,3.7201290130615234,4.688512802124023,-7.53843879699707,-0.09139968454837799,-0.5294090509414673,0.04186522215604782,0.09609685838222504,8.133716583251953,4.5814056396484375,866.7650756835938,1974.29638671875,1.8795987367630005,0.013738700188696384,0.18159575760364532,0.07273519039154053,0.14537711441516876,0.15018750727176666,0.08847512304782867,0.06648027151823044,0.05844370275735855,0.04500449448823929,0.0296814925968647,0.007211357355117798
329,1980s,Summer Of '69,-9.269991,-9.095473,-8.717819213867188,5.728610992431641,0.013318676501512527,0.05002131313085556,0.4275827407836914,0.49999386072158813,0.007744467044066675,5.534339774875612,4.079707145690918,5.057791233062744,-6.683865070343018,-0.039273254573345184,-0.46628686785697937,-0.006732323672622442,0.1228560209274292,8.681537628173828,3.8673484325408936,1845.19921875,3444.32470703125,1.78460693359375,0.018566375598311424,0.12384524196386337,0.04839793220162392,0.11007444560527802,0.11742765456438065,0.13065612316131592,0.11654148995876312,0.1060231477022171,0.08090297132730484,0.05013148486614227,0.012660047970712185
330,1980s,Jane Says,-16.351223,-14.570338,-14.0487060546875,4.442824363708496,0.0044511971063911915,-0.09752193093299866,0.9625728130340576,0.499906063079834,0.020495874841894485,9.170160042171432,4.2158684730529785,6.419401168823242,-7.396169185638428,0.017738575115799904,-0.6692078113555908,0.01497487910091877,0.10741997510194778,8.371319770812988,5.310946464538574,1434.951904296875,2518.15087890625,2.1311168670654297,0.01791452430188656,0.07191671431064606,0.030031433328986168,0.06377822160720825,0.07272963970899582,0.06578031182289124,0.062328774482011795,0.053782057017087936,0.04049530625343323,0.02104540728032589,0.0045629809610545635
331,1980s,Jump - 2015 Remaster,-15.746326,-14.956693,-13.317947387695312,4.827901840209961,0.0038563190028071404,-0.015814725309610367,1.6270647048950195,0.49999335408210754,-0.04550017746538956,3.0596493188028244,4.780655860900879,7.374575614929199,-6.593979835510254,0.034296657890081406,-0.3938494920730591,0.0056528872810304165,0.1636963188648224,9.146093368530273,0.3721851706504822,2243.20263671875,5206.65576171875,1.0686798095703125,0.02644784189760685,0.058925215154886246,0.021161673590540886,0.04943787679076195,0.06848639994859695,0.06600397825241089,0.06097747012972832,0.050062984228134155,0.04026676341891289,0.030724862590432167,0.010708337649703026
332,1980s,Walk This Way (feat. Aerosmith),-13.204086,-12.487251,-11.627431869506836,6.899846076965332,0.007233154959976673,-0.0071683600544929504,0.8127522468566895,0.500021755695343,-0.06955289824832937,5.841066050446309,4.065622329711914,5.6118483543396,-6.979002952575684,0.1259870082139969,-0.6763949990272522,-0.07383979856967926,0.12321937084197998,8.408780097961426,4.296507358551025,1404.10400390625,3057.11474609375,1.8086026906967163,0.0210062637925148,0.09536895900964737,0.04571504890918732,0.08603634685277939,0.08928682655096054,0.08317416161298752,0.07322826981544495,0.05719519779086113,0.039078764617443085,0.023658500984311104,0.010480893775820732
333,1980s,I Wanna Rock,-20.294939,-16.88705,-14.035435676574707,10.173047065734863,0.0027490616776049137,0.021401995792984962,3.5479507446289062,0.49993136525154114,-0.016001800543103982,7.936686926677756,5.068397045135498,10.557373046875,-8.598970413208008,0.03486722335219383,-0.6040588617324829,-0.0047347224317491055,0.14396464824676514,8.897308349609375,3.4503750801086426,3309.895751953125,4888.17578125,1.3903813362121582,0.015862125903367996,0.04466014355421066,0.010065493173897266,0.03902711719274521,0.036905836313962936,0.04040384665131569,0.041418250650167465,0.04698481038212776,0.04416222870349884,0.03281748294830322,0.0086094681173563
334,1980s,Don't You (Forget About Me),-12.966139,-11.026176,-10.684526443481445,4.017346382141113,0.01026348490267992,-0.07144239544868469,1.9962210655212402,0.500144362449646,0.009467617858519918,6.263563235707289,4.31423807144165,9.553864479064941,-8.188282012939453,0.01325251255184412,-0.6218148469924927,0.02445884980261326,0.14205528795719147,8.683423042297363,2.0047507286071777,1602.40283203125,3315.259765625,1.5077537298202515,0.026913009583950043,0.11845089495182037,0.05274127796292305,0.11181559413671494,0.11079482734203339,0.1025780588388443,0.09094823151826859,0.06489717215299606,0.047621048986911774,0.0339961014688015,0.012894420884549618
335,1980s,Rock You Like A Hurricane,-11.688188,-11.146058,-10.959602355957031,3.5380687713623047,0.007129597943276167,-0.019092470407485962,1.3039894104003906,0.4999767243862152,-0.016529941653242692,5.956126708357239,4.528628826141357,6.696244239807129,-6.662906169891357,0.04682903364300728,-0.38600030541419983,0.04759824648499489,0.13813497126102448,8.949482917785645,2.7283809185028076,2739.012451171875,4304.11376953125,1.4911389350891113,0.017475880682468414,0.08226414024829865,0.026701845228672028,0.09386149793863297,0.09222447127103806,0.07592232525348663,0.07167799770832062,0.07892944663763046,0.06979982554912567,0.05028119310736656,0.01089242473244667
336,1980s,Kickstart My Heart,-19.936436,-19.36115,-18.868377685546875,3.091398239135742,0.0012122181942686439,0.02378898300230503,0.5365991592407227,0.499994158744812,0.09025885488419333,4.767982402472304,4.39707088470459,5.93774938583374,-6.618964195251465,-0.16278938949108124,-0.4922328591346741,0.025149989873170853,0.1505477875471115,9.09203815460205,1.4559879302978516,2448.708740234375,4740.29248046875,1.2855572700500488,0.021996885538101196,0.04663022980093956,0.02113238163292408,0.03316914290189743,0.03427502140402794,0.028754351660609245,0.02943425253033638,0.031038319692015648,0.026761695742607117,0.018046870827674866,0.005469193682074547
337,1980s,Should I Stay or Should I Go - Remastered,-13.049788,-11.829309,-11.008398056030273,4.523175239562988,0.007738480810075998,-0.07929129153490067,2.0636773109436035,0.4999975860118866,-0.04014094218765116,5.833800803813665,4.678559303283691,7.619470119476318,-6.814965724945068,0.002581381006166339,-0.41267094016075134,-0.01953725703060627,0.12478307634592056,8.691534996032715,4.17197322845459,2064.31298828125,3774.5595703125,1.7385064363479614,0.017518343403935432,0.0912366732954979,0.03637632355093956,0.08147114515304565,0.07985130697488785,0.08814889192581177,0.08257881551980972,0.07289386540651321,0.0583595372736454,0.03667306527495384,0.009578707627952099
338,1980s,Afric,-16.554428,-12.655771,-11.370927810668945,4.865699768066406,0.008016683161258698,-0.04939940199255943,2.016871452331543,0.5001218318939209,0.009072341625477343,4.876060511641149,4.197170257568359,7.171025276184082,-9.505773544311523,0.058511342853307724,-0.42768293619155884,0.02874189242720604,0.12228789180517197,8.307193756103516,4.044075965881348,1404.6807861328125,2437.021240234375,1.9200948476791382,0.02342338301241398,0.09548023343086243,0.04433557763695717,0.08801975846290588,0.09337341785430908,0.08545812219381332,0.07968995720148087,0.05779438838362694,0.04294586181640625,0.024452295154333115,0.007563553750514984
339,1980s,Rock the Casbah - Remastered,-13.732241,-13.01194,-11.090339660644531,3.4146108627319336,0.00720295449718833,0.024244066327810287,2.037100315093994,0.4999871253967285,-0.021769652585593643,5.188799194169274,4.634965419769287,7.296855926513672,-6.670680046081543,-0.0021894678939133883,-0.4883444309234619,-0.02016136422753334,0.14517267048358917,8.863445281982422,1.9885855913162231,1978.601318359375,3900.248779296875,1.439882755279541,0.024298792704939842,0.07925901561975479,0.02973889745771885,0.06921645253896713,0.0739748403429985,0.08361522853374481,0.0868808701634407,0.06849866360425949,0.050629615783691406,0.03264905884861946,0.011622557416558266
340,1980s,Under Pressure - Remastered 2011,-17.136435,-15.796695,-10.33116626739502,11.619032859802246,0.00745011679828167,-0.021504834294319153,2.526859760284424,0.49999284744262695,-0.1445674388252885,3.9470273286479163,5.022684097290039,12.553976058959961,-6.854072093963623,0.20204554498195648,-0.518795371055603,-0.0023124709259718657,0.12681394815444946,8.49985408782959,4.888073921203613,2215.265625,3714.60693359375,1.8612537384033203,0.018672006204724312,0.09076195955276489,0.037110406905412674,0.06750492751598358,0.07753821462392807,0.08139163255691528,0.08021234720945358,0.06445863842964172,0.04923223704099655,0.030768461525440216,0.00775045994669199
341,1980s,How Soon Is Now - 2011 Remaster,-10.615973,-10.324695,-9.949564933776855,2.991929054260254,0.01144575048238039,-0.033826980739831924,0.9197602272033691,0.5000038146972656,0.12710637329206884,5.074974906230777,4.066590785980225,5.537822246551514,-6.643970966339111,-0.19760966300964355,-0.4900236129760742,-0.07316289842128754,0.11766183376312256,8.600144386291504,3.792724132537842,1327.10205078125,2867.884765625,1.7379555702209473,0.01829805038869381,0.13391081988811493,0.05644496530294418,0.12365727126598358,0.11762897670269012,0.10422708839178085,0.08036477118730545,0.07686212658882141,0.05996747314929962,0.03914080932736397,0.009959250688552856
342,1980s,Paradise City,-14.9298315,-13.576439,-13.137870788574219,3.775205612182617,0.004420661833137274,-0.046811215579509735,1.032073974609375,0.49996259808540344,-0.027371765977349666,5.032084452110413,4.785769462585449,7.653295516967773,-7.00600004196167,0.023772383108735085,-0.4208378195762634,0.01726173423230648,0.12587621808052063,8.870611190795898,3.9499049186706543,2304.5947265625,3798.55078125,1.771584153175354,0.017727820202708244,0.06438561528921127,0.020358532667160034,0.0618140883743763,0.0642186626791954,0.0652688518166542,0.06842004507780075,0.0656980499625206,0.05206149071455002,0.034281644970178604,0.00715427054092288
343,1980s,The Final Countdown,-16.20257,-15.663483,-14.285015106201172,9.211503028869629,0.002992341062054038,0.0010381255997344851,1.0129714012145996,0.4999983608722687,0.19968021949188208,3.2245614691254243,4.355053901672363,5.474358558654785,-6.8440260887146,-0.34277811646461487,-0.3099989891052246,-0.025564881041646004,0.13821540772914886,8.913591384887695,1.9187517166137695,1746.8807373046875,3541.9794921875,1.5293374061584473,0.023182518780231476,0.04572730138897896,0.01680246740579605,0.044524185359478,0.05581782013177872,0.05807265639305115,0.06135614588856697,0.054194990545511246,0.03900505229830742,0.024331672117114067,0.006989757996052504
344,1980s,Here I Go Again - 2018 Remaster,-11.210597,-10.680373,-9.932494163513184,3.2633981704711914,0.008533869870007038,-0.057724323123693466,0.6193947792053223,0.5000004768371582,0.042330952118659136,3.416273680370806,4.5969157218933105,5.984039306640625,-6.588700771331787,-0.04021857678890228,-0.39916202425956726,0.002019704319536686,0.12059576064348221,8.775199890136719,2.4207189083099365,2173.737548828125,3865.0068359375,1.4881442785263062,0.014716395176947117,0.1046326756477356,0.03763824328780174,0.09539908170700073,0.09828866273164749,0.09068717062473297,0.08501221984624863,0.0861947163939476,0.0715121328830719,0.04693575203418732,0.010387184098362923
345,1980s,Dude (Looks Like A Lady),-13.024799,-10.8513365,-9.997269630432129,4.268156051635742,0.007777057122439146,-0.03707378730177879,0.8772487640380859,0.5000032186508179,-0.0014371047072757525,5.187027158661965,4.795279502868652,7.222029685974121,-7.408131122589111,0.0011711969273164868,-0.44687893986701965,-0.022835461422801018,0.13320904970169067,8.989422798156738,2.826772689819336,2959.508544921875,4573.36767578125,1.5808173418045044,0.016378968954086304,0.07985150068998337,0.02357468381524086,0.05636526271700859,0.07297110557556152,0.08745864778757095,0.09815113991498947,0.09857930988073349,0.08420056104660034,0.05436461418867111,0.011822507716715336
346,1980s,Crazy Train,-10.035654,-9.392012,-8.32972240447998,5.180356025695801,0.012035239487886429,0.018799077719449997,0.8430163860321045,0.5000184774398804,0.0227634171119069,3.4564368589007604,4.222146034240723,5.570866584777832,-6.729840278625488,-0.001071518287062645,-0.425669401884079,-0.001028821337968111,0.11303118616342545,8.559189796447754,3.4699134826660156,1953.2789306640625,3590.225341796875,1.6468027830123901,0.013949918560683727,0.0997323989868164,0.03277398645877838,0.09912324696779251,0.11416970193386078,0.12744960188865662,0.1075887605547905,0.09244222939014435,0.07627525925636292,0.05603606626391411,0.010895516723394394
347,1980s,Tom Sawyer,-15.322989,-12.373536,-11.94499683380127,3.1306066513061523,0.0061502777971327305,-0.09319403022527695,1.400904655456543,0.500011146068573,-0.046683626506356414,4.507658779055399,4.439543724060059,7.193310737609863,-8.727401733398438,0.10086178034543991,-0.4558071196079254,0.015266084112226963,0.1226448267698288,8.71893310546875,3.8577771186828613,2065.533935546875,3650.31787109375,1.7658019065856934,0.01768605411052704,0.09109790623188019,0.039419643580913544,0.07578376680612564,0.08198370039463043,0.07704231888055801,0.07275781035423279,0.0681019052863121,0.05496826022863388,0.03330371156334877,0.008509719744324684
348,1980s,Hungry Like the Wolf - 2009 Remaster,-13.83362,-13.239815,-12.465815544128418,3.647547721862793,0.0061766160652041435,-0.03416005149483681,2.044661521911621,0.4999968111515045,0.04498369858312907,5.960890063480329,4.486011505126953,7.536613941192627,-6.714658737182617,-0.10720489174127579,-0.44162848591804504,-0.0065170349553227425,0.13731876015663147,8.734781265258789,2.5147457122802734,1963.31884765625,3666.984130859375,1.5526965856552124,0.021706238389015198,0.10078998655080795,0.041130296885967255,0.08166316896677017,0.0736892819404602,0.07212667167186737,0.06096451357007027,0.05630919709801674,0.046747297048568726,0.03229724243283272,0.008783846162259579
349,1980s,She Sells Sanctuary,-20.63329,-19.983007,-17.96652603149414,2.7564239501953125,0.002208538819104433,0.05205382779240608,0.615100622177124,0.49999985098838806,-0.11136231806002504,145.33043943985916,3.8721721172332764,5.4834136962890625,-8.272643089294434,0.2586127519607544,-1.0608620643615723,-0.22601884603500366,0.09300267696380615,8.015785217285156,7.947798728942871,1326.5238037109375,2604.20361328125,2.1429648399353027,0.010646761395037174,0.07810749858617783,0.03628663346171379,0.07020194083452225,0.0417947843670845,0.027450835332274437,0.024277957156300545,0.02878829650580883,0.02581743709743023,0.015407184138894081,0.002270556753501296
