s_no,eng_name,songname,momentaryLoudness.mean,shortTermLoudness.mean,integratedLoudness,loudnessRange,pmfSpread,pmfSkewness,pmfKurtosis,pmfCentroid,LRImbalance,midSideRatio,crest100ms.mean,crest1sec.mean,panningCoeffs0.mean,panningCoeffs1.mean,panningCoeffs2.mean,panningCoeffs3.mean,spectralCentroid.mean,spectralEntropy.mean,spectralKurtosis.mean,spectralRollOff85.mean,spectralRollOff95.mean,spectralSkewness.mean,spectralSpread.mean,subBandFlux0.mean,subBandFlux1.mean,subBandFlux2.mean,subBandFlux3.mean,subBandFlux4.mean,subBandFlux5.mean,subBandFlux6.mean,subBandFlux7.mean,subBandFlux8.mean,subBandFlux9.mean
0,Manny Marroquin,"SUPPOSED TO BE LOVED (feat. Lil Baby, Future & Lil Uzi Vert)",-9.813972,-8.719983,-7.960200786590576,5.823892116546631,0.03554866835474968,0.0449414998292923,-0.4842488765716553,0.4997684359550476,0.01645604457158946,74.5864840900272,3.3174192905426025,4.240564823150635,-7.372946739196777,-0.12864431738853455,-0.7424282431602478,0.04326440766453743,0.12265252321958542,8.146347045898438,3.136583089828491,965.0390014648438,2096.138671875,1.6233625411987305,0.01999392919242382,0.4224036931991577,0.13144400715827942,0.20985890924930573,0.11174049973487854,0.09548640996217728,0.09880921244621277,0.07696888595819473,0.061520759016275406,0.03822789713740349,0.014430828392505646
1,Manny Marroquin,Esta Vida - VINNE Remix,-13.571603,-11.303463,-10.92758560180664,4.508334159851074,0.012639857828617096,0.10027945786714554,0.5619232654571533,0.49999335408210754,0.005236575476243288,11.171952099191502,3.957582473754883,69.9857177734375,-7.713339805603027,0.015589011833071709,-0.5181233882904053,0.01847274787724018,0.1290023773908615,8.396212577819824,5.587779998779297,1425.623291015625,2960.156005859375,1.8140956163406372,0.02184593491256237,0.19263258576393127,0.06444109231233597,0.1288679987192154,0.09311899542808533,0.07958940416574478,0.07125727087259293,0.058574821799993515,0.04381341487169266,0.030236266553401947,0.0104611711576581
2,Manny Marroquin,GOD'S COUNTRY,-14.180688,-12.935082,-10.25473403930664,11.679533004760742,0.01911832205951214,0.0067442734725773335,1.2187981605529785,0.500046968460083,-0.0004225907711875145,20.375252593541,3.597729444503784,5.3133864402771,-7.404868125915527,-0.015701008960604668,-0.7366765141487122,-0.0219096876680851,0.09926673024892807,7.423109531402588,24.901031494140625,1135.9710693359375,2178.648681640625,2.9342808723449707,0.016119541600346565,0.2725788354873657,0.1456274837255478,0.09700127691030502,0.0813513770699501,0.07163762301206589,0.07244507223367691,0.05687493085861206,0.041929468512535095,0.02684519998729229,0.011201644316315651
3,Manny Marroquin,Don't Get Me Wrong,-17.085995,-16.301243,-15.703100204467773,5.530607223510742,0.0027617684099823236,0.06323980540037155,0.8644552230834961,0.5,0.012673976611577752,4.811424172073406,4.5012993812561035,6.239463806152344,-6.517608165740967,0.10458954423666,-0.3322518467903137,0.06451626121997833,0.12294843047857285,8.678071022033691,4.190430641174316,1809.056396484375,3601.666748046875,1.6274045705795288,0.01697966828942299,0.0675688087940216,0.030421936884522438,0.05048219859600067,0.04967315122485161,0.05241217464208603,0.04561331123113632,0.04179267957806587,0.033463843166828156,0.022051116451621056,0.006466251332312822
4,Manny Marroquin,What A Night - Buzzer Beater Sped Up Mix,-8.3264065,-6.795037,-6.55179500579834,1.2553324699401855,0.022716457024216652,0.0032842892687767744,0.2196204662322998,0.4999770522117615,-0.026108750450126034,5.018358462924717,3.861571788787842,4.422125339508057,-6.615934371948242,0.053936220705509186,-0.49891138076782227,-0.005102838855236769,0.14031481742858887,8.484519004821777,2.971522331237793,1869.625,3738.4638671875,1.6174581050872803,0.02386881597340107,0.20398159325122833,0.07247313857078552,0.1655273586511612,0.14846786856651306,0.13674190640449524,0.11526753008365631,0.10344666242599487,0.08430077880620956,0.05831321328878403,0.017255786806344986
5,Manny Marroquin,Pulling Strings - From the Paramount+ Series Grease Rise of the Pink Ladies',-23.166708,-22.140827,-18.011638641357422,12.931268692016602,0.002617187099531293,0.033755283802747726,3.5085806846618652,0.5001864433288574,0.01121160169743777,22.72027452090043,3.672384023666382,4.865560054779053,-6.994657039642334,-0.010120399296283722,-0.7592102885246277,0.012903592549264431,0.08683963119983673,7.747531414031982,12.396651268005371,994.8987426757812,1783.0245361328125,2.87119197845459,0.014604371972382069,0.06765968352556229,0.02309737354516983,0.051695335656404495,0.03820769861340523,0.03487637639045715,0.029510414227843285,0.022120824083685875,0.013261038810014725,0.007245183922350407,0.0017530829645693302
6,Manny Marroquin,Disciples,-12.796454,-11.347451,-8.383091926574707,16.433847427368164,0.05417568236589432,-0.007746858522295952,-0.8773162364959717,0.5077729821205139,0.00012653198733846995,191.752273774942,2.4441256523132324,2.9417619705200195,-7.496387004852295,-0.07132533937692642,-0.6080389022827148,-0.06962580233812332,0.08866550028324127,6.957267761230469,22.94863510131836,398.5481872558594,785.6808471679688,3.194178342819214,0.017689909785985947,0.6609592437744141,0.37231284379959106,0.1883634775876999,0.10371467471122742,0.0752430334687233,0.06451352685689926,0.04504513740539551,0.03565450385212898,0.02420663647353649,0.009611799381673336
7,Manny Marroquin,Man's World (with James Brown),-11.622286,-10.499122,-9.385967254638672,5.251258850097656,0.026520418003201485,-0.0278738122433424,-0.031108856201171875,0.4998978078365326,-0.005139205478317716,72.4304783235579,2.9951815605163574,3.942383050918579,-8.002134323120117,-0.001450372044928372,-0.8433850407600403,-0.00938483513891697,0.09474972635507584,7.269233703613281,15.907204627990723,567.655517578125,1148.2891845703125,2.7505393028259277,0.01914234273135662,0.36936601996421814,0.15160709619522095,0.16048510372638702,0.11969248205423355,0.09294112026691437,0.0795787051320076,0.05872676521539688,0.0370117649435997,0.024810126051306725,0.007776242680847645
8,Manny Marroquin,Cheerleader,-21.55404,-15.715827,-7.63203763961792,3.3487138748168945,0.018179085105657578,-0.0027147699147462845,0.35837697982788086,0.4999009966850281,6.615344181613666e-05,2.993109321228647,3.732961416244507,31.123268127441406,-6.918926239013672,0.007185731548815966,-0.4045444130897522,0.0046713524498045444,0.19451576471328735,8.931147575378418,0.8563563227653503,3112.617919921875,5645.091796875,1.0477837324142456,0.03590081259608269,0.23026326298713684,0.09811992943286896,0.11511725932359695,0.1234469935297966,0.10676223039627075,0.09899343550205231,0.0836799144744873,0.06602948904037476,0.0562630258500576,0.022241167724132538
9,Manny Marroquin,Number 9 (feat. Lil Yachty),-10.538462,-8.843165,-8.376425743103027,5.464041709899902,0.016950884833931923,-0.03805640712380409,0.9782617092132568,0.5000563859939575,0.04255925808175538,3.9789389093879963,4.126587867736816,6.133005142211914,-6.853393077850342,-0.09012465924024582,-0.4937390089035034,0.014789693988859653,0.12294184416532516,8.263307571411133,6.4579997062683105,1623.255126953125,2902.255615234375,1.9464571475982666,0.019211966544389725,0.1855258047580719,0.07092133164405823,0.12521658837795258,0.11721497029066086,0.11345873773097992,0.09803584218025208,0.07600592076778412,0.057697609066963196,0.03848783299326897,0.01202776376157999
10,Manny Marroquin,TOPIA TWINS (feat. Rob49 & 21 Savage),-11.423774,-9.904665,-9.56983470916748,4.912879943847656,0.02645644173026085,0.022086769342422485,0.7286686897277832,0.49996477365493774,0.06013889905760533,36.7883327128616,4.1830549240112305,5.452549457550049,-7.989264011383057,-0.002803653944283724,-0.7934092879295349,0.022323254495859146,0.13730251789093018,8.293487548828125,3.0567209720611572,1787.3414306640625,3313.2138671875,1.4295244216918945,0.020367326214909554,0.33205124735832214,0.17146918177604675,0.12521857023239136,0.10328113287687302,0.0935206487774849,0.0884673073887825,0.06709746271371841,0.06039019674062729,0.043342068791389465,0.017605584114789963
11,Manny Marroquin,Barbie Dreams (feat. Kaliii),-8.516354,-7.206107,-6.67557430267334,2.346116542816162,0.019898483529686928,0.026974191889166832,0.28932785987854004,0.49976930022239685,0.034858700023777126,4.877256291708213,4.610261917114258,4.89992094039917,-6.714765548706055,-0.03132211044430733,-0.5496790409088135,0.010522926226258278,0.1643032431602478,8.901975631713867,1.867774248123169,3085.62646484375,5320.21240234375,1.2624725103378296,0.02446729503571987,0.15879306197166443,0.04775068536400795,0.11276596039533615,0.12443219870328903,0.13682596385478973,0.13188397884368896,0.12770871818065643,0.0958218052983284,0.07551389187574387,0.024176012724637985
12,Manny Marroquin,RIOT (Rowdy Pipe'n),-8.80396,-7.937341,-7.035383224487305,8.670848846435547,0.02659378945827484,0.02254173345863819,0.31692028045654297,0.4999600350856781,-0.019795213336385478,9.733086421724805,3.673168897628784,4.802520275115967,-7.075546741485596,0.0727498009800911,-0.6092677116394043,0.0014573930529877543,0.12281935662031174,8.506239891052246,6.097545623779297,1862.00390625,3270.48876953125,2.0076236724853516,0.018660027533769608,0.23445378243923187,0.09661011397838593,0.12609845399856567,0.13183610141277313,0.13705259561538696,0.1390668749809265,0.11678609251976013,0.0868476927280426,0.05654854699969292,0.017619388177990913
13,Manny Marroquin,FEARLESS (2023 Ver.),-10.131583,-8.108425,-7.971108913421631,2.4100093841552734,0.02806420437991619,-0.004864808171987534,-0.0973062515258789,0.5004854798316956,0.026801184995180305,16.166731300214966,3.1099541187286377,3.955052137374878,-7.068967819213867,0.05432407185435295,-0.5525174140930176,0.0320870541036129,0.12054096162319183,7.848881721496582,4.58418607711792,683.7574462890625,1612.4527587890625,1.8358122110366821,0.024913975968956947,0.3249697685241699,0.11426626890897751,0.20126070082187653,0.15520954132080078,0.09893234074115753,0.07093056291341782,0.056662507355213165,0.043794162571430206,0.03366100788116455,0.011823670007288456
14,Manny Marroquin,Silly Me - D.O.D Remix,-7.909715,-6.875125,-6.433362007141113,4.36883544921875,0.024532891809940338,-0.03721851482987404,0.11078715324401855,0.5001291632652283,-0.005378006976884251,4.697556125503992,3.647911310195923,4.3642802238464355,-6.570772171020508,0.024295467883348465,-0.4693712294101715,0.0035584948491305113,0.1370404213666916,8.657069206237793,2.904533624649048,1537.5635986328125,3237.179931640625,1.6027377843856812,0.023031292483210564,0.17979267239570618,0.06965349614620209,0.14876937866210938,0.14320464432239532,0.15064989030361176,0.15189452469348907,0.1305229514837265,0.08883778750896454,0.0535057932138443,0.017892666161060333
15,Manny Marroquin,Radioactive (with Skillibeng),-11.163013,-10.507141,-8.901451110839844,6.801320552825928,0.02615041472017765,-0.0069985962472856045,0.1452016830444336,0.5001676678657532,0.02004315363248383,17.818727845728045,3.235865354537964,4.475470066070557,-7.0264506340026855,-0.12113756686449051,-0.6501603722572327,-0.019820470362901688,0.09106767177581787,7.316254138946533,27.2459716796875,762.660888671875,1478.449462890625,3.3486881256103516,0.01687251590192318,0.31302371621131897,0.13370171189308167,0.15965040028095245,0.12291886657476425,0.0986485704779625,0.08376356214284897,0.05963512137532234,0.03684059903025627,0.022537780925631523,0.006476081442087889
16,Manny Marroquin,Girls Can't Drive - From the Paramount+ Series Grease Rise of the Pink Ladies',-20.503239,-19.540127,-18.01148796081543,8.725200653076172,0.002483080606907606,-0.13574175536632538,4.487521171569824,0.5000888109207153,-1.8442948558975782e-05,1415.2628263865652,4.402087688446045,7.3052825927734375,-9.439383506774902,0.0069952914491295815,-0.6736767292022705,0.006599154323339462,0.09172836691141129,7.914115905761719,7.391647815704346,911.8660888671875,1754.46240234375,2.382826328277588,0.015654342249035835,0.06414656341075897,0.03284962847828865,0.05068843439221382,0.04921568185091019,0.04200312867760658,0.032158587127923965,0.0265545342117548,0.019072044640779495,0.010850457474589348,0.002326692920178175
17,Manny Marroquin,ANTIFRAGILE,-22.239283,-14.954832,-7.6575775146484375,5.6809234619140625,0.021202905103564262,0.04010028392076492,0.9452738761901855,0.5002982020378113,-0.004069424237782659,7.054683818990112,3.9903364181518555,4.590307235717773,-7.267885684967041,-0.005020701792091131,-0.47883835434913635,-0.00904422253370285,0.16498340666294098,8.545281410217285,13.954197883605957,2750.02734375,4702.5830078125,1.8490517139434814,0.02846664935350418,0.2203305959701538,0.09969854354858398,0.1413550227880478,0.11919223517179489,0.1051570251584053,0.09409932047128677,0.08063524216413498,0.06322477012872696,0.04808560386300087,0.01640281453728676
18,Manny Marroquin,PORSCHE TOPLESS,-12.942571,-12.179157,-10.302297592163086,12.66762638092041,0.01410016231238842,-0.05859808996319771,3.1576576232910156,0.5002231597900391,0.03136197061891584,11.935813147776182,4.335071563720703,5.655389785766602,-6.546300411224365,0.05947371572256088,-0.3884698152542114,0.030444687232375145,0.1015840619802475,7.9485931396484375,14.378759384155273,1600.994140625,2588.778076171875,2.672466516494751,0.014287103898823261,0.15926019847393036,0.06307016313076019,0.09104250371456146,0.07436629384756088,0.07939675450325012,0.07813546806573868,0.06830257177352905,0.042071517556905746,0.025519948452711105,0.006955006625503302
19,Manny Marroquin,Patty Cake (feat. Takeoff),-10.091841,-9.593288,-9.090109825134277,5.698751926422119,0.02530808188021183,-0.06951502710580826,0.14053726196289062,0.5002950429916382,-0.007323905287799885,18.02533764753791,3.5493030548095703,4.220199108123779,-7.009329319000244,0.1469859629869461,-0.6181377172470093,-0.02854609489440918,0.11310689896345139,7.9981560707092285,10.053091049194336,1040.82275390625,2253.079833984375,2.1814591884613037,0.018462521955370903,0.35064202547073364,0.156352236866951,0.1327623873949051,0.09542611986398697,0.09299075603485107,0.09799399226903915,0.07269111275672913,0.058453429490327835,0.03596882149577141,0.014045758172869682
20,Manny Marroquin,SKITZO (feat. Young Thug),-11.3070755,-10.262728,-9.665963172912598,4.156978607177734,0.024403344839811325,-0.006719876546412706,0.502882719039917,0.4998641908168793,0.0003237249999900919,9.850288173997168,3.8647401332855225,5.728780746459961,-7.607847690582275,-0.010553281754255295,-0.7330835461616516,-0.03800887241959572,0.11185479909181595,7.819300174713135,23.354841232299805,1281.189697265625,2437.927490234375,2.5511138439178467,0.017476681619882584,0.31667864322662354,0.16857407987117767,0.1367264688014984,0.11167767643928528,0.09604194760322571,0.08563268184661865,0.05960255488753319,0.04819786548614502,0.031231828033924103,0.012594436295330524
21,Manny Marroquin,Stain (feat. Hunxho and BabyDrill),-9.293359,-8.600672,-8.17959976196289,3.060307502746582,0.045413538813591,0.0014927367446944118,-0.4389498233795166,0.4994681179523468,0.014932558720007786,79.40239423913276,3.3151631355285645,3.959916591644287,-7.279535293579102,0.16997511684894562,-0.7548143267631531,-0.012537488713860512,0.127798393368721,7.990211009979248,4.871182918548584,1116.5657958984375,2319.161376953125,1.7624075412750244,0.024170439690351486,0.5036436915397644,0.2617066502571106,0.1716729998588562,0.12358897179365158,0.10570075362920761,0.09544540196657181,0.06983349472284317,0.057221852242946625,0.041732773184776306,0.017097901552915573
22,Manny Marroquin,Friends,-15.814192,-12.566134,-8.620683670043945,9.942448616027832,0.01354594063013792,-0.010483301244676113,1.5404319763183594,0.4999925196170807,0.06643777545865931,3.704792828560573,3.930840253829956,5.569029331207275,-6.987005710601807,-0.21691693365573883,-0.38918548822402954,-0.03951483964920044,0.12460797280073166,8.554854393005371,3.7307918071746826,1695.8529052734375,3012.879638671875,1.808022379875183,0.020507238805294037,0.15959900617599487,0.06193426251411438,0.1131187453866005,0.10358621925115585,0.09610021114349365,0.08833374083042145,0.08110036700963974,0.061191704124212265,0.0347018800675869,0.009671795181930065
23,Manny Marroquin,Rocket Power,-9.891753,-9.23873,-8.69443130493164,4.085851192474365,0.023291904479265213,-0.004208846483379602,2.0681138038635254,0.5001478791236877,0.002224157281827938,8.694069770965426,3.8133761882781982,4.805757522583008,-6.767843246459961,-0.015966882929205894,-0.553795576095581,-0.007316191680729389,0.08678655326366425,7.521439075469971,34.85955810546875,957.8668212890625,1834.2557373046875,3.639338970184326,0.013930154033005238,0.21764038503170013,0.06190742179751396,0.15527954697608948,0.12410243600606918,0.10641114413738251,0.09041164070367813,0.05562594160437584,0.03929498419165611,0.026403507217764854,0.006489001680165529
24,Manny Marroquin,Speed Drive (From Barbie The Album),-9.527358,-8.194713,-6.5873589515686035,9.175439834594727,0.03112204000353813,0.00924498587846756,0.08901047706604004,0.4996672570705414,0.001192487943823314,7.095126104064294,3.408906936645508,4.306645393371582,-6.725551128387451,-0.013936575502157211,-0.4819686710834503,0.0013773755636066198,0.11556115746498108,7.997348785400391,7.2613935470581055,1024.685791015625,1953.502197265625,2.142143964767456,0.022708900272846222,0.29610663652420044,0.11563326418399811,0.21797651052474976,0.15543997287750244,0.1130240261554718,0.08906527608633041,0.07209180295467377,0.05125010386109352,0.03372357785701752,0.010281539522111416
25,Manny Marroquin,Galaxy,-9.891753,-9.23873,-8.69443130493164,4.085851192474365,0.023291904479265213,-0.004208846483379602,2.0681138038635254,0.5001478791236877,0.002224157281827938,8.694069770965426,3.8133761882781982,4.805757522583008,-6.767843246459961,-0.015966882929205894,-0.553795576095581,-0.007316191680729389,0.08678655326366425,7.521439075469971,34.85955810546875,957.8668212890625,1834.2557373046875,3.639338970184326,0.013930154033005238,0.21764038503170013,0.06190742179751396,0.15527954697608948,0.12410243600606918,0.10641114413738251,0.09041164070367813,0.05562594160437584,0.03929498419165611,0.026403507217764854,0.006489001680165529
26,Manny Marroquin,11.11,-10.588929,-9.717934,-9.263407707214355,4.056159019470215,0.05002519488334656,-0.001323516946285963,-0.6050782203674316,0.5002383589744568,0.00113150363405163,143.1981667143697,2.738163471221924,3.2723124027252197,-7.619646072387695,0.030850987881422043,-0.7471564412117004,0.05958913266658783,0.09850414097309113,7.34691047668457,13.049221992492676,485.62445068359375,1085.5867919921875,2.504124164581299,0.019915394484996796,0.5953284502029419,0.35533714294433594,0.17717598378658295,0.10975220799446106,0.07871575653553009,0.05942365527153015,0.04157309979200363,0.03295310586690903,0.026149127632379532,0.008950704708695412
27,Manny Marroquin,Rebels,-10.9693985,-10.224249,-8.15931510925293,6.793184280395508,0.016151363030076027,-0.020341014489531517,1.1080551147460938,0.49993178248405457,0.012182372235506469,4.208902689841513,3.8348388671875,4.806788921356201,-6.500614166259766,-0.013856787234544754,-0.4108327031135559,0.03880264610052109,0.11358684301376343,8.373028755187988,5.7970452308654785,1310.802978515625,2648.00927734375,1.964442491531372,0.018387209624052048,0.17064619064331055,0.07124266773462296,0.1329299360513687,0.1346443146467209,0.11103418469429016,0.09733688086271286,0.0840628370642662,0.06453948467969894,0.04071075841784477,0.01164163462817669
28,Manny Marroquin,Tempo,-21.112654,-13.967516,-6.781927108764648,2.050258159637451,0.033892713487148285,-0.0027229893021285534,0.013810873031616211,0.5005307793617249,-0.015109118364699315,12.697706737837697,3.3923141956329346,3.770411729812622,-7.558115005493164,0.04499361291527748,-0.7584530115127563,-0.05096818506717682,0.1327497512102127,8.030863761901855,8.78651237487793,2160.119873046875,3223.772705078125,2.1000618934631348,0.023421531543135643,0.3028712868690491,0.10521639883518219,0.18492640554904938,0.15680193901062012,0.13243384659290314,0.1198050007224083,0.08124735206365585,0.05597813427448273,0.03661009296774864,0.014321401715278625
29,Manny Marroquin,Aqu Te Espero,-12.99113,-10.603113,-9.379830360412598,7.271640777587891,0.013826077803969383,-0.02535203844308853,0.5094037055969238,0.5001320242881775,0.0084861190522276,4.055846922022992,3.5182769298553467,5.092942714691162,-6.687349796295166,-0.03051445633172989,-0.5141109228134155,-0.005134094040840864,0.07858702540397644,7.212117671966553,22.379650115966797,691.29638671875,1238.255859375,3.474663257598877,0.01582879200577736,0.15855666995048523,0.07656441628932953,0.1355656236410141,0.14106358587741852,0.11579642444849014,0.08812461048364639,0.05168256536126137,0.03028029203414917,0.01682431809604168,0.005843291524797678
30,Manny Marroquin,LOOOVE (feat. Kid Cudi),-9.400628,-7.766644,-6.952983856201172,7.767238616943359,0.031065573915839195,0.021541589871048927,0.18152523040771484,0.49989718198776245,-0.026487604571225197,15.847377102960907,3.260033130645752,3.7449278831481934,-7.843698501586914,0.07045012712478638,-0.7138885259628296,0.036521703004837036,0.11740954965353012,8.125160217285156,7.7055745124816895,989.169189453125,2182.702392578125,1.9896453619003296,0.02116553485393524,0.2960449457168579,0.13254183530807495,0.2091858834028244,0.18981550633907318,0.15357021987438202,0.12889480590820312,0.08307947963476181,0.07050479203462601,0.04347088560461998,0.015061009675264359
31,Manny Marroquin,Forgiving Myself,-12.216252,-8.991087,-8.708648681640625,3.9231786727905273,0.01896771229803562,0.004766985774040222,1.079087734222412,0.5000714659690857,0.006098351999960608,16.118898424139825,3.9301254749298096,4.73776388168335,-7.051075458526611,-0.00526445684954524,-0.7627646923065186,0.02145104855298996,0.09289266914129257,7.929666042327881,10.890593528747559,1184.555908203125,2197.32177734375,2.6216392517089844,0.01475766021758318,0.1951182782649994,0.08477018773555756,0.16312961280345917,0.13569283485412598,0.12529237568378448,0.10763557255268097,0.08843084424734116,0.058221470564603806,0.033588629215955734,0.007649729028344154
32,Manny Marroquin,Calling Your Name,-7.965445,-7.543789,-7.424989223480225,2.9847631454467773,0.02530914545059204,-0.0015569523675367236,0.26277804374694824,0.500123918056488,0.017288535191946966,9.896467268891286,3.805689573287964,4.409574508666992,-6.991745948791504,-0.0041797165758907795,-0.5920637845993042,0.0032975098583847284,0.11031055450439453,7.9149370193481445,6.7904229164123535,1022.3109130859375,2101.26318359375,2.0899810791015625,0.019572285935282707,0.21612955629825592,0.07531032711267471,0.18787214159965515,0.16054418683052063,0.13478578627109528,0.10549895465373993,0.0843106135725975,0.06052883714437485,0.03690816089510918,0.011311701498925686
33,Manny Marroquin,Sacrifice (Eat Me Up),-14.84495,-10.62778,-8.4613618850708,7.386187553405762,0.012927954085171223,-0.024345921352505684,1.5922975540161133,0.49998655915260315,0.01578154723953944,2.380289505652334,3.865568161010742,5.676863670349121,-6.438419818878174,-0.018471797928214073,-0.37873825430870056,-0.011357403360307217,0.10957662761211395,8.189007759094238,11.745889663696289,1472.85009765625,2569.063720703125,2.38389253616333,0.018418053165078163,0.129154771566391,0.04800427332520485,0.10323148220777512,0.11064254492521286,0.12251610308885574,0.10059453547000885,0.07800005376338959,0.052624475210905075,0.030318070203065872,0.008627899922430515
34,Manny Marroquin,Sexual Love (feat. James Fauntleroy),-11.289901,-10.288292,-8.07043170928955,12.595315933227539,0.015426266007125378,-0.004459819756448269,2.0999836921691895,0.49996063113212585,0.007574414961772992,3.5944243933180458,3.694082498550415,5.015551567077637,-7.153730869293213,0.01303091924637556,-0.664522647857666,-0.012776768766343594,0.08642318844795227,7.6077728271484375,13.515841484069824,884.340087890625,1718.7523193359375,2.8018798828125,0.014556467533111572,0.11789581179618835,0.04861734062433243,0.12109479308128357,0.1364201158285141,0.128231480717659,0.09813281893730164,0.06859941780567169,0.04520954564213753,0.02932230569422245,0.006800360511988401
35,Manny Marroquin,Queen of New York City,-18.249657,-14.946341,-9.664654731750488,15.315622329711914,0.00898002739995718,-0.0881757065653801,3.183009147644043,0.500061571598053,0.03407250408281677,6.301150576952289,4.138330936431885,6.1445817947387695,-6.769216537475586,-0.06730128824710846,-0.638542115688324,-0.031168557703495026,0.10167118161916733,7.938345432281494,22.342426300048828,1597.7000732421875,2562.838623046875,3.0687828063964844,0.015269269235432148,0.07970882952213287,0.03185996413230896,0.07763852924108505,0.09081930667161942,0.08919889479875565,0.0820121318101883,0.0634944811463356,0.04838469997048378,0.02679269388318062,0.007451153360307217
36,Manny Marroquin,Fueled U,-12.510473,-11.440881,-9.540214538574219,14.299314498901367,0.017898082733154297,0.04249399155378342,2.0049076080322266,0.4994617700576782,0.018405987810218644,15.080142064278059,3.78662109375,4.4128098487854,-6.964035511016846,-0.03051142394542694,-0.6357076168060303,0.03840479999780655,0.11781301349401474,8.241872787475586,2.907362937927246,1379.28564453125,2791.3818359375,1.7297590970993042,0.02020399644970894,0.19320707023143768,0.08822786062955856,0.11108982563018799,0.10229676961898804,0.10925927013158798,0.09623662382364273,0.0644785687327385,0.04862245172262192,0.036839716136455536,0.010991920717060566
37,Manny Marroquin,Narkedo Speaks,-18.49256,-16.579277,-14.653393745422363,7.596384048461914,0.0028242450207471848,0.011685581877827644,3.619961738586426,0.4999745488166809,0.009426331935314298,2.4032034455068247,4.262705326080322,6.128882884979248,-6.766602516174316,0.012354867532849312,-0.440402090549469,0.01724196970462799,0.06322040408849716,7.455807209014893,56.42633056640625,1078.8408203125,1815.1336669921875,4.665088653564453,0.0070478469133377075,0.0389479361474514,0.013891239650547504,0.05060999467968941,0.05815849453210831,0.05821585655212402,0.04407745227217674,0.029919546097517014,0.022221755236387253,0.013402034528553486,0.0027894130907952785
38,Manny Marroquin,Como Yo (,-18.337732,-12.445428,-10.205509185791016,8.918140411376953,0.013628171756863594,0.06549330800771713,2.380239486694336,0.4997968077659607,0.014320006421873898,5.529176787189282,4.296377182006836,11.365192413330078,-7.680505275726318,-0.09957292675971985,-0.7092965245246887,0.0481468066573143,0.13472773134708405,8.136396408081055,7.914849281311035,1887.2537841796875,3391.85546875,1.8400096893310547,0.022342251613736153,0.16689051687717438,0.05379458889365196,0.1199783980846405,0.09886474907398224,0.07667136192321777,0.07147558778524399,0.04870134964585304,0.03700381517410278,0.029019780457019806,0.009537991136312485
39,Manny Marroquin,Everything Ends (feat. Lizzy McAlpine and Tiny Habits),-15.152552,-14.113293,-11.93789005279541,9.236970901489258,0.00788386631757021,-0.05683630332350731,1.1416301727294922,0.5000612735748291,-0.006381683279050943,5.094884526227882,3.678748846054077,4.9019646644592285,-8.081697463989258,0.010369314812123775,-0.7852347493171692,-0.0025324560701847076,0.10030768066644669,7.59659481048584,8.736544609069824,815.4302368164062,1391.552490234375,2.358006000518799,0.019243858754634857,0.08754149079322815,0.024406731128692627,0.10386420786380768,0.10618313401937485,0.09037066251039505,0.059647295624017715,0.03291206434369087,0.021724162623286247,0.014461700804531574,0.0048215556889772415
40,Manny Marroquin,Bite Me,-18.03263,-14.329986,-11.339471817016602,7.664392471313477,0.00904740858823061,0.11034971475601196,2.7507781982421875,0.5000051259994507,-0.00904074019040362,10.8073092283748,4.402369022369385,10.852755546569824,-7.864037036895752,0.060962893068790436,-0.621741533279419,0.00747599545866251,0.11693726480007172,8.08789348602295,21.168306350708008,1671.45263671875,2797.179931640625,2.8636276721954346,0.020112190395593643,0.1142112985253334,0.045235827565193176,0.08412124216556549,0.08067269623279572,0.07870987057685852,0.06512962281703949,0.051989372819662094,0.0362631194293499,0.02229420095682144,0.0070283059030771255
41,Manny Marroquin,A Year Ago,-12.52142,-11.032467,-9.313602447509766,9.925789833068848,0.01354440301656723,0.021210508421063423,1.3590669631958008,0.49990224838256836,0.046476770822899936,3.327349258739486,3.795907735824585,5.29863166809082,-7.0183820724487305,-0.05521479621529579,-0.517512857913971,-0.011468052864074707,0.08397049456834793,7.568732261657715,10.024199485778809,920.4265747070312,1590.7635498046875,2.6861817836761475,0.01425954420119524,0.16378583014011383,0.07140040397644043,0.1202840730547905,0.1103970929980278,0.10955360531806946,0.09526563435792923,0.06364994496107101,0.03714797645807266,0.019783122465014458,0.005577181000262499
42,Manny Marroquin,Sexy!,-19.55745,-15.305876,-9.729866027832031,4.3645524978637695,0.012987877242267132,-0.12918926775455475,2.5504355430603027,0.5002175569534302,0.006067318269635143,9.904875060873545,4.181497097015381,6.2251482009887695,-7.028702735900879,0.016883235424757004,-0.6870810985565186,0.07542546838521957,0.13036809861660004,8.125118255615234,8.735471725463867,1790.1363525390625,3164.388671875,2.1783084869384766,0.023747511208057404,0.14279338717460632,0.06148935481905937,0.1309320479631424,0.12903034687042236,0.08941687643527985,0.07240212708711624,0.05672115460038185,0.04195023700594902,0.026796400547027588,0.008934888057410717
43,Manny Marroquin,Man I A,-11.30323,-10.085686,-9.147181510925293,3.3422017097473145,0.017512409016489983,0.03531607612967491,1.880115032196045,0.49960196018218994,0.020727997594179714,10.713290830267042,4.402239799499512,5.580314636230469,-6.805778503417969,-0.010184107348322868,-0.5848676562309265,0.020527904853224754,0.169534832239151,8.965680122375488,0.757608950138092,2084.070556640625,4497.65625,1.1001496315002441,0.029308807104825974,0.2102506309747696,0.07736067473888397,0.14056408405303955,0.1009196862578392,0.0918334499001503,0.07792119681835175,0.06300421059131622,0.052014339715242386,0.04185981675982475,0.01601230353116989
44,Manny Marroquin,Who You Are,-18.25742,-14.830751,-11.310193061828613,7.020110130310059,0.007325821556150913,0.0218820720911026,2.3523168563842773,0.4999929368495941,0.003663745361018874,2.5123693769775364,4.352541923522949,6.295714855194092,-6.726799488067627,0.01248174998909235,-0.45769959688186646,-0.004971352871507406,0.10765691846609116,8.016525268554688,7.342262268066406,1491.1357421875,2527.8115234375,2.277632236480713,0.018014399334788322,0.08828836679458618,0.03200111910700798,0.07965250313282013,0.08740414679050446,0.0872519239783287,0.07213062047958374,0.051853571087121964,0.03239167854189873,0.01768415793776512,0.005581088364124298
45,Manny Marroquin,Hold Me,-12.892216,-11.35369,-9.83364200592041,6.817887306213379,0.021851802244782448,0.13908734917640686,0.7060608863830566,0.49995970726013184,0.005517897133165716,20.681034978595434,3.942275285720825,4.825985431671143,-7.671987056732178,-0.06043360382318497,-0.7947708964347839,0.014501038007438183,0.09935774654150009,7.462795257568359,15.284089088439941,906.305419921875,1745.8397216796875,2.711656332015991,0.017027722671628,0.29000040888786316,0.14067131280899048,0.13205638527870178,0.10160528123378754,0.10014084726572037,0.07229974865913391,0.04461033642292023,0.035708580166101456,0.025942815467715263,0.010533801279962063
46,Manny Marroquin,I KNOW ,-12.328119,-10.631377,-9.393823623657227,5.379696846008301,0.020861666649580002,0.07434642314910889,1.5432329177856445,0.5002880096435547,-0.013780846458061507,52.41133038649054,4.55663537979126,5.302682399749756,-8.09601879119873,0.024498378857970238,-0.7503061890602112,-0.05275239050388336,0.12440325319766998,7.985256671905518,11.096339225769043,1430.7022705078125,3029.619873046875,1.9504470825195312,0.019759226590394974,0.2352343499660492,0.10794325917959213,0.12758047878742218,0.10920776426792145,0.09238560497760773,0.08075283467769623,0.05513860657811165,0.0506429560482502,0.03411564230918884,0.015121875330805779
47,Manny Marroquin,"Wont Back Down (feat. YoungBoy Never Broke Again, Dermot Kennedy & Bailey Zimmerman)",-23.342377,-17.943752,-7.514442443847656,10.990701675415039,0.021337520331144333,0.017945142462849617,1.1691908836364746,0.49995094537734985,-0.0071852018885466,8.365359916836017,3.4087092876434326,4.563776969909668,-6.851218223571777,-0.025381283834576607,-0.584906816482544,0.015868695452809334,0.12114278972148895,7.983942031860352,15.003398895263672,1884.998291015625,2964.7294921875,2.522130012512207,0.020452363416552544,0.21312560141086578,0.09249945729970932,0.13094006478786469,0.12065674364566803,0.10505397617816925,0.09847178310155869,0.08328798413276672,0.053119536489248276,0.03210199251770973,0.009707765653729439
48,Manny Marroquin,Lightning,-11.253541,-9.984754,-8.637252807617188,8.133654594421387,0.013270547613501549,0.01689114049077034,0.4672877788543701,0.499922513961792,0.016135550319204505,2.202005920753429,3.5624406337738037,4.621550559997559,-6.5339765548706055,-0.036174483597278595,-0.4362778961658478,-0.0053597791120409966,0.10925658792257309,8.091824531555176,13.501031875610352,1015.2959594726562,2303.28857421875,2.3936703205108643,0.019264057278633118,0.1666272133588791,0.07228174805641174,0.12253137677907944,0.11348293721675873,0.09618216753005981,0.09665139764547348,0.06825137138366699,0.048141151666641235,0.032433465123176575,0.010512501932680607
49,Manny Marroquin,Back Where It Begins (feat. Future and Takeoff),-11.158481,-9.864461,-8.837532997131348,5.660316467285156,0.036827996373176575,0.10476229339838028,-0.02651238441467285,0.4990849494934082,0.0011609027593167498,74.85548970671286,3.280754327774048,4.2253618240356445,-7.3006696701049805,0.1284017562866211,-0.7498043775558472,-0.02527284063398838,0.09607207030057907,7.398040771484375,21.616844177246094,921.7838134765625,1659.0050048828125,2.9976212978363037,0.015647782012820244,0.46005475521087646,0.2804262638092041,0.12817177176475525,0.09564515203237534,0.09044331312179565,0.09642498940229416,0.07097718119621277,0.05700879544019699,0.031483959406614304,0.010301979258656502
50,Manny Marroquin,Esta Vida - Jess Bays Remix,-13.925321,-9.895528,-8.226603507995605,5.0096611976623535,0.024996403604745865,0.01281941682100296,0.329164981842041,0.49999257922172546,0.0024844503753199284,34.086337961472964,4.244531154632568,5.432211875915527,-7.571732521057129,0.008557407185435295,-0.5561158657073975,0.015142234042286873,0.14191849529743195,8.147294998168945,2.8292269706726074,1721.95068359375,3056.925048828125,1.5608927011489868,0.025519609451293945,0.25837382674217224,0.0917050912976265,0.1941576600074768,0.1368187814950943,0.08334100246429443,0.065986268222332,0.047532688826322556,0.042245399206876755,0.032846782356500626,0.013825234025716782
51,Manny Marroquin,Home,-12.10937,-11.289088,-10.16619873046875,6.078561782836914,0.02158302254974842,0.01811748556792736,-0.21845722198486328,0.4999268352985382,0.011513387024127273,24.32209574419751,2.930385112762451,3.9271042346954346,-6.936702728271484,-0.0014919366221874952,-0.6720425486564636,-0.018018709495663643,0.09818772226572037,7.072786808013916,19.88576316833496,346.0623474121094,744.3564453125,2.864807605743408,0.024124793708324432,0.33984726667404175,0.11154323071241379,0.20673106610774994,0.11098388582468033,0.0736401304602623,0.04665747657418251,0.029599659144878387,0.01987512782216072,0.015292629599571228,0.006519341375678778
52,Manny Marroquin,Hang on Every Word,-15.689104,-14.82933,-11.818214416503906,12.179986000061035,0.007499569095671177,0.04101424664258957,2.1241345405578613,0.4999732971191406,-0.008957704905138503,4.418057405327539,3.6569621562957764,5.244660377502441,-6.673186779022217,0.012252879329025745,-0.4746040403842926,0.011377054266631603,0.0702299177646637,7.222970485687256,35.5544319152832,769.0789184570312,1331.2159423828125,4.183159828186035,0.011605925858020782,0.11210346221923828,0.04536211118102074,0.07817722111940384,0.08350840210914612,0.08786889165639877,0.07433489710092545,0.04740118235349655,0.02917056530714035,0.015378568321466446,0.003406533505767584
53,Manny Marroquin,WHEN U WERE PSYCHO,-7.8158736,-6.697355,-5.712591171264648,4.8664116859436035,0.03610847890377045,-0.009299198165535927,-0.44524073600769043,0.4999331831932068,0.018010498981941,14.264785024650175,3.132438898086548,3.4865686893463135,-6.964537143707275,-0.03182346373796463,-0.645757257938385,0.024982478469610214,0.14405153691768646,8.576726913452148,4.73679256439209,1705.6080322265625,3568.69287109375,1.6244431734085083,0.02437767945230007,0.3253098130226135,0.11845951527357101,0.18955454230308533,0.1616133749485016,0.16277533769607544,0.14807100594043732,0.1297406256198883,0.09832879900932312,0.0727737694978714,0.025559933856129646
54,Manny Marroquin,Speed Drive,-9.527358,-8.194713,-6.5873589515686035,9.175439834594727,0.03112204000353813,0.00924498587846756,0.08901047706604004,0.4996672570705414,0.001192487943823314,7.095126104064294,3.408906936645508,4.306645393371582,-6.725551128387451,-0.013936575502157211,-0.4819686710834503,0.0013773755636066198,0.11556115746498108,7.997348785400391,7.2613935470581055,1024.685791015625,1953.502197265625,2.142143964767456,0.022708900272846222,0.29610663652420044,0.11563326418399811,0.21797651052474976,0.15543997287750244,0.1130240261554718,0.08906527608633041,0.07209180295467377,0.05125010386109352,0.03372357785701752,0.010281539522111416
55,Manny Marroquin,Hit Me Again - From the Paramount+ Series Grease Rise of the Pink Ladies',-29.230124,-22.771986,-17.87799072265625,10.737014770507812,0.002138074254617095,0.13975045084953308,4.17850399017334,0.4999748170375824,-5.324330482080411e-06,514.0230662356495,4.440398216247559,8.0637845993042,-8.947635650634766,0.016209011897444725,-0.6123825907707214,-0.005309779196977615,0.11096420139074326,8.339666366577148,7.431382179260254,1507.7938232421875,2526.173583984375,2.2388010025024414,0.019263923168182373,0.05406047776341438,0.027597544714808464,0.04637232422828674,0.039765555411577225,0.04188141971826553,0.032023437321186066,0.02493666671216488,0.01928967423737049,0.010800682939589024,0.0027603148482739925
56,Manny Marroquin,Where Can I Start,-9.983051,-8.577496,-6.710690021514893,4.0563578605651855,0.037322770804166794,-0.019855095073580742,0.15273547172546387,0.4985072612762451,0.005800813461120597,17.82192273320952,3.384636640548706,3.8965983390808105,-7.1117424964904785,0.012953242287039757,-0.6890082359313965,0.03416314348578453,0.11777746677398682,8.044947624206543,5.281346321105957,1335.906982421875,2779.748291015625,1.8682096004486084,0.01895456574857235,0.3508649468421936,0.16072513163089752,0.20491625368595123,0.1461656391620636,0.12891077995300293,0.11715282499790192,0.08636223524808884,0.06720196455717087,0.04752218723297119,0.014989473856985569
57,Manny Marroquin,After Last Night,-9.135839,-7.8652167,-7.751961708068848,2.256074905395508,0.02316231280565262,0.004047672264277935,-0.22703099250793457,0.5002367496490479,-0.00035105145042567485,6.567337096728787,3.5395596027374268,4.169130802154541,-6.872379779815674,0.041276171803474426,-0.48436516523361206,0.009104089811444283,0.1504100263118744,8.472615242004395,1.6688718795776367,1389.4324951171875,3149.818603515625,1.3470466136932373,0.027572400867938995,0.2829318046569824,0.11527342349290848,0.1838674247264862,0.1301434189081192,0.11165214329957962,0.09927338361740112,0.0920870453119278,0.06646151840686798,0.04605839401483536,0.018353382125496864
58,Manny Marroquin,Caught Up On You,-16.696898,-12.320922,-9.155290603637695,8.855356216430664,0.017650268971920013,-0.00953673105686903,0.9175195693969727,0.49967309832572937,-0.03507047180174519,4.883806733557184,3.47359037399292,4.6856865882873535,-7.21744966506958,-0.0305964145809412,-0.6370608806610107,-0.006928252521902323,0.07609598338603973,7.155912399291992,23.603174209594727,954.2080078125,1461.2161865234375,3.735712766647339,0.013948806561529636,0.2081700712442398,0.07159623503684998,0.16131818294525146,0.14277340471744537,0.1097266748547554,0.08827033638954163,0.045562680810689926,0.026282867416739464,0.014426372945308685,0.003849320812150836
59,Manny Marroquin,Life Is Yours - Dan Carey Dub,-9.768111,-9.156809,-8.394729614257812,3.445794105529785,0.023945216089487076,-0.02148105390369892,0.638115406036377,0.5000118613243103,0.02406802014105081,54.08047906619941,4.31342887878418,4.9177069664001465,-7.0164594650268555,-0.18607880175113678,-0.6867963671684265,-0.03333505615592003,0.11667827516794205,8.29190444946289,5.267689228057861,1394.558349609375,2707.046875,1.8776166439056396,0.018428366631269455,0.27185818552970886,0.12236388772726059,0.18268777430057526,0.13783416152000427,0.1015043705701828,0.08125566691160202,0.06650646030902863,0.0577702634036541,0.03987349942326546,0.014515398070216179
60,Manny Marroquin,Wild Green - Dan Carey Dub,-9.62919,-8.982421,-8.422268867492676,6.208240985870361,0.025943782180547714,-0.009284497238695621,-0.010462284088134766,0.4997890889644623,0.06774821205296787,65.30012182474147,3.8729135990142822,4.543659687042236,-7.371853351593018,-0.2787432372570038,-0.8537406921386719,0.1516946256160736,0.09750842303037643,7.910549640655518,8.738296508789062,868.2589721679688,1808.142822265625,2.256059169769287,0.015586796216666698,0.27847784757614136,0.10117779672145844,0.19618889689445496,0.1525873988866806,0.09649594128131866,0.07748741656541824,0.06414521485567093,0.048403769731521606,0.031304311007261276,0.009207635186612606
61,Manny Marroquin,Focused (feat. Young Thug),-8.753476,-8.343318,-7.7220072746276855,3.3752684593200684,0.024491675198078156,0.06766125559806824,0.47116971015930176,0.49946969747543335,-0.018123141563330312,5.555393921798044,3.7857770919799805,4.455583095550537,-7.0757832527160645,0.29003575444221497,-0.7226362228393555,-0.01054749358445406,0.12178362905979156,8.064118385314941,7.389093399047852,1356.4334716796875,2662.490478515625,2.0955922603607178,0.02227793075144291,0.25063973665237427,0.10005836933851242,0.1473708301782608,0.13955822587013245,0.1337297558784485,0.120330311357975,0.08903554081916809,0.07095542550086975,0.04612456262111664,0.014150859788060188
62,Manny Marroquin,Turn Yo Clic Up (feat. Future),-11.308571,-10.25723,-8.763830184936523,4.746331214904785,0.027220038697123528,0.047942597419023514,0.949324369430542,0.4985172152519226,0.010417295781567873,64.2759422617381,3.9830479621887207,4.957363128662109,-7.372182846069336,-0.02810050919651985,-0.7739220261573792,0.050604239106178284,0.09842967987060547,7.589744567871094,18.381736755371094,1347.6446533203125,2270.99560546875,2.877507448196411,0.01455232035368681,0.2746511995792389,0.08762603998184204,0.14253050088882446,0.10787251591682434,0.10435778647661209,0.09152037650346756,0.0645117238163948,0.04806764796376228,0.03280065953731537,0.009948146529495716
63,Manny Marroquin,JOY (Unspeakable) (feat. Pharrell Williams),-8.862172,-8.179957,-7.803997039794922,3.782398223876953,0.023372715339064598,0.008797495625913143,0.616666316986084,0.4998646080493927,0.022714322214405714,11.85505882998709,3.939589262008667,4.640562057495117,-6.956140041351318,-0.056661393493413925,-0.5518646240234375,0.006325962487608194,0.11948160827159882,8.392525672912598,4.517481327056885,1745.5084228515625,3056.395263671875,1.8826725482940674,0.01684878207743168,0.2104405015707016,0.06743068248033524,0.1308581680059433,0.10868553817272186,0.1133967861533165,0.1202733963727951,0.10876044631004333,0.07983794808387756,0.04863046854734421,0.01246131956577301
64,Manny Marroquin,Who Wit Me,-10.744763,-9.597783,-8.067249298095703,2.533195972442627,0.025753434747457504,0.05161913484334946,-0.09277033805847168,0.5014321804046631,0.04778219709412936,13.505348303760677,3.4688239097595215,4.0144171714782715,-6.895019054412842,0.10720368474721909,-0.6411900520324707,0.0876535102725029,0.11952129751443863,8.203387260437012,4.045778274536133,914.1223754882812,2325.403564453125,1.7567514181137085,0.02170555293560028,0.3041094243526459,0.12577193975448608,0.17068713903427124,0.1501006931066513,0.13637523353099823,0.10498813539743423,0.06743193417787552,0.05422893911600113,0.042041849344968796,0.014611970633268356
65,Manny Marroquin,High Rollin - From the Paramount+ Series Grease Rise of the Pink Ladies',-23.826134,-18.647154,-16.803377151489258,5.18283748626709,0.0031178933568298817,-0.4619567096233368,5.915740013122559,0.5000519156455994,-2.4702874772348755e-06,516.0534891178588,4.367110729217529,8.194686889648438,-8.819297790527344,0.00929699745029211,-0.604780375957489,0.004189975559711456,0.10852757096290588,8.335870742797852,4.927489757537842,1416.83349609375,2388.40673828125,2.03025221824646,0.017811663448810577,0.06556826084852219,0.03112191893160343,0.05730808153748512,0.055593281984329224,0.0528414323925972,0.04113948345184326,0.03435386344790459,0.023211056366562843,0.012984980829060078,0.0033077269326895475
66,Manny Marroquin,Esta Vida - Deorro Remix,-12.01674,-10.398396,-8.562883377075195,5.970022678375244,0.023158831521868706,-0.010680822655558586,0.9155876636505127,0.49912112951278687,-0.009140523474117762,10.087107264161599,3.8242266178131104,4.688689708709717,-7.364689350128174,0.009635933674871922,-0.5459774136543274,-0.0009388650651089847,0.11200324445962906,8.194779396057129,7.378983974456787,1309.0579833984375,2422.6044921875,2.121196746826172,0.01898099109530449,0.25739720463752747,0.10636189579963684,0.16159571707248688,0.11524385958909988,0.10330364108085632,0.09687141329050064,0.07541672140359879,0.05435166135430336,0.03377620130777359,0.011119424365460873
67,Manny Marroquin,Forever & Again,-11.998868,-10.696168,-9.112547874450684,5.416107177734375,0.015277162194252014,0.003255723509937525,0.4094820022583008,0.5004433393478394,0.012149312112566328,4.830080587882198,3.6090400218963623,4.660013198852539,-6.657753944396973,0.023745981976389885,-0.5431538224220276,0.024231011047959328,0.12201149761676788,8.212030410766602,5.8192949295043945,1424.5234375,2763.916259765625,1.87567937374115,0.020388390868902206,0.18469327688217163,0.07668875902891159,0.10079963505268097,0.10387321561574936,0.11582374572753906,0.10259611159563065,0.08144150674343109,0.0603056475520134,0.03744310885667801,0.010891292244195938
68,Manny Marroquin,La Estrella del Show,-14.345933,-13.424795,-11.012128829956055,9.412527084350586,0.009105376899242401,-0.004229043144732714,2.579578399658203,0.5000123977661133,-0.001204787424889624,4.521235872053321,3.9123170375823975,5.781055927276611,-7.085505485534668,0.009173107333481312,-0.5603923797607422,-0.016183532774448395,0.09633040428161621,7.787657737731934,23.087228775024414,1044.71875,1883.2568359375,2.930103302001953,0.016316933557391167,0.11134647578001022,0.048156797885894775,0.10230768471956253,0.09118807315826416,0.08816741406917572,0.07233016192913055,0.04598644748330116,0.032938387244939804,0.018601566553115845,0.0058672805316746235
69,Manny Marroquin,Better Man,-21.398392,-19.227104,-15.941146850585938,12.424914360046387,0.002528953365981579,0.09905356913805008,2.888908863067627,0.49989867210388184,-0.10604537416449755,10.992691769294943,3.7302727699279785,6.1755475997924805,-6.9836955070495605,0.09108362346887589,-0.644317626953125,0.005252565257251263,0.058995846658945084,6.966235160827637,61.62117385864258,801.5233154296875,1293.00537109375,5.379605770111084,0.008453458547592163,0.03595244511961937,0.015886107459664345,0.03606671839952469,0.05491900071501732,0.05538242682814598,0.05018893629312515,0.032200559973716736,0.01992059499025345,0.009730283170938492,0.001700324472039938
70,Manny Marroquin,TUYA,-11.698246,-10.487932,-8.180031776428223,6.929969787597656,0.020588282495737076,0.020395945757627487,0.6061699390411377,0.5000525116920471,0.02691454555355164,19.139037100523545,3.7555155754089355,5.184794902801514,-6.8865227699279785,-0.07247912138700485,-0.63379967212677,0.006656684447079897,0.10175539553165436,7.522491931915283,10.358695030212402,1171.1026611328125,1920.637451171875,2.521138906478882,0.019232401624321938,0.18021976947784424,0.09297368675470352,0.1452264040708542,0.1299336850643158,0.10998284816741943,0.11173643171787262,0.0803898274898529,0.04487206041812897,0.027074744924902916,0.006696802563965321
71,Manny Marroquin,Wall To Wall,-9.600589,-8.69506,-8.266264915466309,4.796570777893066,0.044109757989645004,-0.06837397813796997,-0.33677124977111816,0.5006422400474548,0.0038201576771290592,133.01434588369204,3.1280598640441895,3.838728666305542,-7.832311630249023,-0.05021358281373978,-0.8727902770042419,0.05599082633852959,0.12018952518701553,7.76266622543335,7.9697089195251465,912.7857055664062,1933.0394287109375,2.1276986598968506,0.022635670378804207,0.5114988088607788,0.2638588547706604,0.1860424280166626,0.12379207462072372,0.11124308407306671,0.09090892225503922,0.06709346920251846,0.0528477281332016,0.04537113755941391,0.015151219442486763
72,Manny Marroquin,UNFORGIVEN (feat. Nile Rodgers),-17.154566,-11.9749,-7.673813343048096,14.357233047485352,0.018735045567154884,-0.0018153596902266145,1.6140427589416504,0.4999428391456604,-0.007845921852787653,6.167655984497076,4.003311634063721,9.30958080291748,-6.773157596588135,0.013204117305576801,-0.5622109174728394,0.018037064000964165,0.1264742612838745,8.311137199401855,7.686592102050781,1807.027587890625,3143.950439453125,2.0480098724365234,0.02122998610138893,0.18470492959022522,0.06187049299478531,0.11877060681581497,0.10271037369966507,0.10361325740814209,0.0932125598192215,0.07865242660045624,0.059086889028549194,0.039116308093070984,0.011719009838998318
73,Manny Marroquin,Sugar Rush Ride,-14.138359,-10.117635,-6.310187339782715,3.3189125061035156,0.028366895392537117,0.030162129551172256,0.482835054397583,0.49936366081237793,0.0005140070807219604,8.011184493232664,3.6916167736053467,4.382896423339844,-6.835166931152344,0.05561554804444313,-0.6016406416893005,0.0031496386509388685,0.15565720200538635,8.648581504821777,3.9691293239593506,2247.895263671875,4184.39111328125,1.5534753799438477,0.026422880589962006,0.2611938416957855,0.09648557007312775,0.15484164655208588,0.1226780116558075,0.11479650437831879,0.1148107498884201,0.09807043522596359,0.08859836310148239,0.056613702327013016,0.020732946693897247
74,Manny Marroquin,2am - Dan Carey Dub,-11.213401,-10.648766,-9.689732551574707,3.0130701065063477,0.024252720177173615,0.05513572320342064,-0.07652473449707031,0.4998485743999481,0.01878818191699769,46.70248652881389,3.2334513664245605,4.247035503387451,-7.307035446166992,-0.2173943668603897,-0.7382782101631165,0.016811717301607132,0.08311135321855545,7.413599967956543,23.084426879882812,609.9375,1533.09375,3.0875306129455566,0.013677329756319523,0.38687336444854736,0.18908889591693878,0.1711418628692627,0.10648898035287857,0.07468069344758987,0.06468307971954346,0.05486207455396652,0.04532439634203911,0.02737312763929367,0.00815311074256897
75,Manny Marroquin,Barbie Dreams (feat. Kaliii) [From Barbie The Album],-8.516354,-7.206107,-6.67557430267334,2.346116542816162,0.019898483529686928,0.026974191889166832,0.28932785987854004,0.49976930022239685,0.034858700023777126,4.877256291708213,4.610261917114258,4.89992094039917,-6.714765548706055,-0.03132211044430733,-0.5496790409088135,0.010522926226258278,0.1643032431602478,8.901975631713867,1.867774248123169,3085.62646484375,5320.21240234375,1.2624725103378296,0.02446729503571987,0.15879306197166443,0.04775068536400795,0.11276596039533615,0.12443219870328903,0.13682596385478973,0.13188397884368896,0.12770871818065643,0.0958218052983284,0.07551389187574387,0.024176012724637985
76,Manny Marroquin,Shadow,-11.244909,-9.382223,-8.84229850769043,4.617528915405273,0.015090559609234333,0.05066914111375809,0.8619747161865234,0.5001071095466614,-0.023377100146983035,3.0624326428520896,3.9938833713531494,10.254998207092285,-6.830466270446777,0.036916207522153854,-0.43005046248435974,0.01959547959268093,0.14269091188907623,8.26440715789795,5.7903337478637695,1391.123291015625,3062.53369140625,1.769255518913269,0.027373215183615685,0.17801433801651,0.07133914530277252,0.13236379623413086,0.11980786919593811,0.10203300416469574,0.08036184310913086,0.06421290338039398,0.04240480437874794,0.033391110599040985,0.012605400756001472
77,Manny Marroquin,Pink,-12.959496,-11.655394,-10.920486450195312,4.818312644958496,0.010056626982986927,0.04435069113969803,2.1751151084899902,0.5000595450401306,0.030036325974275635,6.175817451569467,4.236184120178223,6.780923843383789,-6.786959648132324,-0.05468708276748657,-0.5933664441108704,-0.0019573012832552195,0.14981262385845184,8.519447326660156,2.077244520187378,1455.5653076171875,3171.88671875,1.4127981662750244,0.02789871022105217,0.13805712759494781,0.05715519189834595,0.11417553573846817,0.10481587052345276,0.08355583250522614,0.07006046921014786,0.05625214800238609,0.04140693321824074,0.02961299940943718,0.011334152892231941
78,Manny Marroquin,Mama Told Me,-10.389336,-9.437023,-8.581182479858398,7.133269309997559,0.0444871224462986,0.05525140091776848,-0.7110996246337891,0.4968024790287018,0.0009570496311242101,17.09066533785675,2.8916752338409424,3.3742668628692627,-6.938869476318359,0.03437681868672371,-0.5745764374732971,0.026002369821071625,0.08901885896921158,7.3672966957092285,19.4486141204834,686.1162109375,1504.99267578125,2.9630041122436523,0.015327041037380695,0.548663854598999,0.3568803071975708,0.15252827107906342,0.11912422627210617,0.11017893254756927,0.08718159794807434,0.06652899086475372,0.04743948578834534,0.03367328271269798,0.011198603548109531
79,Manny Marroquin,Not Done Yet,-9.180236,-8.112315,-7.772111892700195,3.299994468688965,0.02540402300655842,0.021008944138884544,0.35585546493530273,0.4999992251396179,-0.02192075024169083,4.116054518323021,3.6012213230133057,4.392865180969238,-6.7397260665893555,0.11383017152547836,-0.6056933403015137,0.04154133051633835,0.112171970307827,7.917848110198975,9.686722755432129,1197.10205078125,2648.294677734375,2.050642251968384,0.017725512385368347,0.26622843742370605,0.1111496090888977,0.1805894821882248,0.13416093587875366,0.11825373023748398,0.09684107452630997,0.06731558591127396,0.052341096103191376,0.04427399858832359,0.014074893668293953
80,Josh Gudwin,JEANS (with Miguel),-10.635945,-9.797883,-8.890190124511719,8.025677680969238,0.019668743014335632,0.23798874020576477,1.65362548828125,0.4998288154602051,0.002427421930057694,66.95265061455778,4.025371551513672,5.077280521392822,-7.842195510864258,-0.006461438722908497,-0.9525551199913025,-0.005210740491747856,0.1003117561340332,7.920286178588867,6.9769816398620605,973.3862915039062,1969.8912353515625,2.187460422515869,0.017024386674165726,0.1921556293964386,0.07869896292686462,0.1473640501499176,0.15243631601333618,0.12595942616462708,0.09851747751235962,0.07182902842760086,0.052936870604753494,0.034265901893377304,0.009911864995956421
81,Josh Gudwin,Miracle Man,-9.751968,-8.846676,-7.9746246337890625,4.30849027633667,0.02227599173784256,0.004802430979907513,0.3559906482696533,0.5001517534255981,-0.015124879267616884,8.455856057087894,3.6907706260681152,4.286324501037598,-6.996252536773682,0.023691808804869652,-0.5550656914710999,-0.013301396742463112,0.11702293902635574,8.070261001586914,15.297301292419434,1005.6565551757812,2135.171142578125,2.273775100708008,0.02103836089372635,0.21493636071681976,0.08981006592512131,0.14701040089130402,0.15550436079502106,0.13401095569133759,0.12120711803436279,0.08683041483163834,0.053963206708431244,0.036412376910448074,0.011704854667186737
82,Josh Gudwin,Stupid Cupid,-13.545096,-11.326016,-8.813497543334961,11.767620086669922,0.015257295221090317,0.0014752536080777645,2.0506296157836914,0.5003001093864441,-0.012100478853799288,3.85541320925448,3.7632603645324707,5.387142658233643,-7.081672191619873,0.03309784457087517,-0.4503974914550781,0.014588871970772743,0.11401013284921646,8.033072471618652,10.001235008239746,1169.951416015625,2407.24462890625,2.2259888648986816,0.01970008760690689,0.1887410432100296,0.07711359113454819,0.12160157412290573,0.10299147665500641,0.09506881237030029,0.08181361854076385,0.06656390428543091,0.0428573377430439,0.027901042252779007,0.008931216783821583
83,Josh Gudwin,Feather - Sped U,-13.368902,-9.450759,-8.15338134765625,2.710122585296631,0.022110063582658768,0.06413765996694565,0.5758261680603027,0.49986064434051514,-0.018725957847751724,16.047903176979528,3.893545389175415,4.734170913696289,-8.302005767822266,0.017193984240293503,-0.701210618019104,-0.016610927879810333,0.1456221640110016,8.436895370483398,5.7797956466674805,1664.9761962890625,3096.38916015625,1.7594430446624756,0.028701886534690857,0.22728231549263,0.0931093841791153,0.16004712879657745,0.14668938517570496,0.12563207745552063,0.11436127126216888,0.09253992140293121,0.061403315514326096,0.04068419337272644,0.012492496520280838
84,Josh Gudwin,CAMA KING (feat. Chita),-10.561582,-9.7268,-9.30158805847168,3.902205467224121,0.014923236332833767,-0.08799245953559875,1.8483662605285645,0.5001062154769897,0.011933119961922417,8.56039905335097,4.246042728424072,5.417423248291016,-6.955935001373291,0.012888526543974876,-0.6398530602455139,0.030061760917305946,0.12395146489143372,8.28452205657959,24.371280670166016,1766.055419921875,3192.954345703125,2.4023261070251465,0.018673820421099663,0.16354352235794067,0.0610731802880764,0.10191009193658829,0.09369514137506485,0.10021980851888657,0.09579911828041077,0.08790753781795502,0.0650147944688797,0.03977680578827858,0.013557735830545425
85,Josh Gudwin,Call on Me - David Guetta Remix,-8.715511,-7.623273,-6.957432746887207,5.3082451820373535,0.030561378225684166,-0.00028086904785595834,-0.0009469985961914062,0.4997556507587433,-0.020076261932297605,11.6550542646382,3.462714433670044,3.9107024669647217,-6.726200103759766,0.05583712086081505,-0.637604832649231,-0.009247105568647385,0.11981778591871262,8.478517532348633,6.365610599517822,1130.33837890625,2672.37841796875,1.9291845560073853,0.021135110408067703,0.30864056944847107,0.1320134550333023,0.19695475697517395,0.15917548537254333,0.13768641650676727,0.1274452954530716,0.10896580666303635,0.07909101992845535,0.0548228994011879,0.016758427023887634
86,Josh Gudwin,E No Fit Be Me,-14.196621,-13.398347,-12.168088912963867,7.347847938537598,0.008719844743609428,0.009528761729598045,3.5317564010620117,0.5000427961349487,0.00777708927494191,10.403909950122753,4.341482639312744,7.338129997253418,-6.6340107917785645,0.035858623683452606,-0.5255906581878662,0.013182946480810642,0.12099025398492813,8.274740219116211,4.509607791900635,1263.2520751953125,2597.15869140625,1.927889347076416,0.02223927341401577,0.133967787027359,0.053893569856882095,0.08327601850032806,0.08292952924966812,0.0757673904299736,0.06918223202228546,0.049012716859579086,0.03662540018558502,0.022866928949952126,0.00770141277462244
87,Josh Gudwin,Vicious,-7.301829,-6.0829773,-4.937299728393555,7.883600234985352,0.03203650191426277,-0.002286273054778576,0.3915233612060547,0.5000521540641785,0.03362447165424558,2.9779246861056548,3.5551445484161377,4.625309944152832,-6.705740451812744,-0.022864514961838722,-0.42796221375465393,0.013776851817965508,0.11856056749820709,8.294530868530273,5.0528059005737305,1449.6253662109375,2798.2724609375,1.9095189571380615,0.019043022766709328,0.20530155301094055,0.0854027271270752,0.16138190031051636,0.17012245953083038,0.18366855382919312,0.15701782703399658,0.1293201893568039,0.0872192531824112,0.056239284574985504,0.015345933847129345
88,Josh Gudwin,Ireland,-10.562454,-9.791352,-9.088604927062988,5.239752769470215,0.014506665989756584,-0.01738159731030464,0.8711197376251221,0.5000907182693481,0.012772076308085393,3.4955989095468123,3.904460906982422,5.076469898223877,-6.76423978805542,-0.004555255174636841,-0.5321233868598938,0.014053386636078358,0.11063941568136215,8.259765625,4.208154201507568,1047.4327392578125,2155.022705078125,1.9026511907577515,0.019460465759038925,0.17037847638130188,0.0695330798625946,0.11710384488105774,0.11631046235561371,0.12131114304065704,0.10520067065954208,0.08310748636722565,0.05253874137997627,0.03038877807557583,0.010019563138484955
89,Josh Gudwin,"Hello, Billy Bob",-8.408042,-7.647045,-6.708316802978516,6.1750288009643555,0.021230686455965042,-0.014608649536967278,0.1995851993560791,0.5000923871994019,-0.052949508521232126,2.2145443953159294,3.5284996032714844,4.238982677459717,-7.68015193939209,0.08359073847532272,-0.6714869737625122,-0.006736060604453087,0.0675605982542038,7.161001205444336,60.577796936035156,1343.4990234375,2176.706787109375,4.8521013259887695,0.008486433885991573,0.18071480095386505,0.08026735484600067,0.13995975255966187,0.13888609409332275,0.13831083476543427,0.14138594269752502,0.11622413247823715,0.07844953238964081,0.037774957716464996,0.007158876396715641
90,Josh Gudwin,si preguntas por mi,-11.419576,-8.938817,-8.274957656860352,6.897733688354492,0.0196792334318161,0.07740972191095352,0.8700671195983887,0.49997350573539734,0.012673284321125057,6.714923693340853,3.6423730850219727,4.615269184112549,-6.69663143157959,-0.023946255445480347,-0.5614855289459229,-0.0024375412613153458,0.11104121059179306,8.045083045959473,11.791254043579102,1306.547119140625,2181.198974609375,2.311145067214966,0.019747665151953697,0.1912546455860138,0.07953620702028275,0.1334003210067749,0.12892833352088928,0.1356227695941925,0.12069229036569595,0.0872139260172844,0.06131305918097496,0.03519430011510849,0.010780368000268936
91,Josh Gudwin,Heart Wants What It Wants - MK Remix,-10.042497,-9.308088,-8.15748405456543,5.742469787597656,0.025742480531334877,-0.13744103908538818,0.7142751216888428,0.5003772377967834,0.010124544807073097,14.56184922996565,3.7820358276367188,4.313460350036621,-6.702023029327393,-0.019086429849267006,-0.5568667054176331,-0.009047655388712883,0.12617677450180054,8.142313003540039,4.328187942504883,1290.935546875,2652.6591796875,1.7500096559524536,0.022010639309883118,0.2890627086162567,0.12031818926334381,0.18115057051181793,0.12888936698436737,0.0999879315495491,0.08887505531311035,0.06877622753381729,0.0497794970870018,0.0361902229487896,0.013810199685394764
92,Josh Gudwin,LEJOS DEL CIELO,-16.962467,-13.613143,-11.080513954162598,13.239063262939453,0.010487406514585018,-0.005624832585453987,2.1789369583129883,0.5000594854354858,-0.024482475603108244,13.043830857269066,3.7901415824890137,6.555136203765869,-7.324904918670654,0.0973435491323471,-0.5637096762657166,0.03171714022755623,0.09236053377389908,7.501659870147705,24.92694664001465,1332.49853515625,2049.556640625,3.3016180992126465,0.015506110154092312,0.13565783202648163,0.04488256573677063,0.09696914255619049,0.07522793114185333,0.08781503885984421,0.07752025872468948,0.057492777705192566,0.034322429448366165,0.01703895442187786,0.0043473332189023495
93,Josh Gudwin,PARANORMAL,-11.84055,-8.952302,-7.117156982421875,9.217353820800781,0.019175246357917786,-0.014759859070181847,0.7626368999481201,0.5000035762786865,0.016367600073570143,5.419749840212193,3.862415313720703,4.941060543060303,-6.742916107177734,-0.020692791789770126,-0.5625207424163818,-0.00926839280873537,0.12876272201538086,8.622090339660645,5.092103004455566,1946.5064697265625,3446.716064453125,1.760133147239685,0.02036360464990139,0.15249131619930267,0.06028425693511963,0.12442860752344131,0.13414758443832397,0.13041692972183228,0.12885132431983948,0.10277372598648071,0.07986167073249817,0.05142141506075859,0.01653778925538063
94,Josh Gudwin,Dancing By Night,-11.289633,-10.379735,-8.256963729858398,6.082523822784424,0.024933084845542908,0.015010551549494267,0.2329423427581787,0.49996599555015564,0.0029710531189056396,7.2580455084302224,3.142530918121338,3.776747226715088,-6.902151584625244,-0.009679049253463745,-0.5301824808120728,0.0010958383791148663,0.07729382812976837,7.305868148803711,26.195419311523438,624.8899536132812,1112.001708984375,3.3316357135772705,0.015115791000425816,0.3567616641521454,0.18678855895996094,0.16167289018630981,0.11565331369638443,0.10980575531721115,0.08821292966604233,0.08045843243598938,0.046004533767700195,0.0249557476490736,0.005994644947350025
95,Josh Gudwin,Para No Verte Ms,-12.485473,-11.485906,-9.472822189331055,11.503053665161133,0.010845276527106762,0.02058095671236515,1.1674718856811523,0.5000166296958923,0.0006305437146896904,5.382607351485169,4.190667152404785,5.637209415435791,-7.351162433624268,0.020824505016207695,-0.49775516986846924,0.0034132767468690872,0.12022615224123001,8.373980522155762,7.340672016143799,1573.0107421875,3201.249755859375,1.8952593803405762,0.017618725076317787,0.14120344817638397,0.06002973020076752,0.1009080708026886,0.09462191164493561,0.08970228582620621,0.0797833502292633,0.07211524248123169,0.05878252536058426,0.03742178902029991,0.012290130369365215
96,Josh Gudwin,VIBE (feat. Jimin of BTS),-14.875756,-9.709283,-8.34446907043457,5.6523284912109375,0.022315381094813347,-0.015110808424651623,1.0987048149108887,0.49982479214668274,-0.007287618977336134,13.855015103935196,4.01831579208374,4.883458137512207,-7.361651420593262,0.052775733172893524,-0.6050509810447693,-0.006868944503366947,0.14688299596309662,8.514745712280273,2.345728635787964,2167.0537109375,3789.75341796875,1.4165927171707153,0.02319915220141411,0.22327442467212677,0.07205402851104736,0.1560545563697815,0.1153922826051712,0.11033344268798828,0.09341441094875336,0.0788809284567833,0.0657406896352768,0.04279179871082306,0.015278337523341179
97,Josh Gudwin,Nonsense,-9.130122,-8.245762,-7.790538311004639,2.9979257583618164,0.02740614116191864,0.021279428154230118,0.24783015251159668,0.5000278353691101,0.016202978744805856,32.47231005444682,3.8797659873962402,4.090396404266357,-7.338540554046631,-0.09162821620702744,-0.8088505268096924,0.02891846001148224,0.12381240725517273,8.122160911560059,5.238365173339844,1268.69482421875,2652.73828125,1.8024836778640747,0.021202489733695984,0.2780059278011322,0.12124663591384888,0.1683626025915146,0.1561095416545868,0.12717664241790771,0.10563025623559952,0.09056870639324188,0.07036904245615005,0.04820829629898071,0.015808911994099617
98,Josh Gudwin,Florecita Rockera,-14.463805,-13.617544,-12.548660278320312,6.199838638305664,0.005400166846811771,0.02836129441857338,0.9530329704284668,0.4999542236328125,0.005652146560191011,3.473083541776309,4.273499011993408,6.2007341384887695,-7.049026012420654,0.01569499261677265,-0.39631518721580505,0.00422118091955781,0.1297796368598938,8.640153884887695,2.796452283859253,1669.2974853515625,3380.607421875,1.5600459575653076,0.020330581814050674,0.10075182467699051,0.03840046748518944,0.07358881831169128,0.06863618642091751,0.07139596343040466,0.06283488124608994,0.05555257946252823,0.04305383563041687,0.02650471031665802,0.008918097242712975
99,Josh Gudwin,"I'm Not High, I'm In Love",-10.448487,-9.501029,-8.799063682556152,3.9248719215393066,0.016738303005695343,0.03342800959944725,0.5277583599090576,0.4999980032444,0.011444331189368485,5.625803776010617,3.788196086883545,4.698412895202637,-6.88173246383667,-0.007275032345205545,-0.4912676215171814,0.010063362307846546,0.10777298361063004,8.070958137512207,5.2156476974487305,1219.8221435546875,2187.8056640625,2.0123653411865234,0.01796112395823002,0.22461917996406555,0.08472288399934769,0.1448346972465515,0.11083026975393295,0.09494771808385849,0.0960567444562912,0.08764689415693283,0.06580010056495667,0.03531366214156151,0.009397265501320362
100,Josh Gudwin,Me Enamora,-10.992669,-10.044148,-9.595666885375977,4.397930145263672,0.014227586798369884,0.024103254079818726,0.9244356155395508,0.4997974932193756,0.007044250313254106,6.557339292666758,3.846463680267334,5.040239334106445,-7.405965805053711,0.014006980694830418,-0.6687253713607788,0.015454442240297794,0.12528488039970398,8.23298168182373,3.446345090866089,1109.5487060546875,2321.952880859375,1.7583752870559692,0.023473061621189117,0.15083323419094086,0.06195148825645447,0.13335905969142914,0.12413758784532547,0.10336174815893173,0.08548562228679657,0.06199507415294647,0.04606911540031433,0.03097722865641117,0.009518366307020187
101,Josh Gudwin,bet u wanna,-11.773335,-9.6242695,-8.7722749710083,4.333939552307129,0.02112596109509468,-0.013542641885578632,0.7338976860046387,0.500015377998352,0.008824478920864944,22.545266654852405,3.7824974060058594,4.650761127471924,-7.326171875,-0.06510142982006073,-0.607627272605896,-0.005342562682926655,0.13397109508514404,8.241019248962402,5.788547992706299,1194.2265625,2645.189697265625,1.6868455410003662,0.02347964607179165,0.2296290546655655,0.09383903443813324,0.17832395434379578,0.1381625086069107,0.1017533540725708,0.07392708957195282,0.055234283208847046,0.04596574977040291,0.03507768735289574,0.010924319736659527
102,Josh Gudwin,Bota Fuego,-10.899841,-9.461676,-8.788370132446289,4.1140217781066895,0.016229867935180664,0.025331120938062668,0.6324906349182129,0.4999111592769623,-0.006413825927129978,4.431323766951883,3.6938750743865967,5.084712028503418,-7.024349689483643,-0.03926490992307663,-0.547307550907135,-0.003955226857215166,0.10256893187761307,7.704309940338135,14.5739107131958,1095.35791015625,2031.3046875,2.512521266937256,0.01669713482260704,0.1617552489042282,0.060418251901865005,0.12639395892620087,0.12163817137479782,0.12542183697223663,0.10690507292747498,0.06778467446565628,0.047053445130586624,0.02820109762251377,0.008753878995776176
103,Josh Gudwin,Persiana Americana,-13.088664,-10.291099,-9.147882461547852,3.062636375427246,0.018157821148633957,-0.006842088419944048,0.8673698902130127,0.5000544786453247,-0.02732271667004518,16.575845467618514,3.7984542846679688,5.490785598754883,-7.5184245109558105,0.013253302313387394,-0.6263518333435059,-0.008242816664278507,0.11533434689044952,8.326896667480469,6.398099422454834,1285.6495361328125,2586.1474609375,2.038489580154419,0.019232934340834618,0.22333146631717682,0.10069957375526428,0.1629149317741394,0.12403522431850433,0.11645697802305222,0.09599675983190536,0.08273222297430038,0.06136282905936241,0.03533979877829552,0.010416504926979542
104,Josh Gudwin,Bad for Business,-13.344394,-11.849332,-10.424363136291504,7.0898942947387695,0.011785168200731277,0.011077692732214928,2.4043383598327637,0.4999713897705078,-0.006116395315209364,7.089015178152921,4.125189304351807,5.816786289215088,-7.10358190536499,0.004045239649713039,-0.5522248148918152,0.009512579068541527,0.16962265968322754,8.67180061340332,1.88932466506958,1672.2200927734375,3629.873046875,1.2091962099075317,0.033418647944927216,0.13281698524951935,0.04954762011766434,0.11213675141334534,0.1161455512046814,0.1019076332449913,0.07486832141876221,0.05019281432032585,0.03920212388038635,0.033418070524930954,0.01310757640749216
105,Josh Gudwin,Rayando el Sol,-14.320881,-11.999551,-9.622344970703125,5.7338972091674805,0.012649166397750378,-0.07983138412237167,1.130253791809082,0.5000663995742798,-0.025429172311834045,5.454480494932141,4.065896511077881,5.637269973754883,-7.149914741516113,0.026776159182190895,-0.4518771469593048,-0.007306499872356653,0.12511689960956573,8.441595077514648,3.7932443618774414,1352.6097412109375,2635.326171875,1.774722695350647,0.022781210020184517,0.16366881132125854,0.07058510929346085,0.11250990629196167,0.0964542105793953,0.10416048765182495,0.09074337035417557,0.07804696261882782,0.05386897921562195,0.031129011884331703,0.010626569390296936
106,Josh Gudwin,GATITA GANGSTER,-11.118501,-10.103596,-9.601336479187012,5.508455276489258,0.017682502046227455,0.016999246552586555,2.2036280632019043,0.5000576376914978,-0.0032180804115766897,15.298618573156384,4.035001754760742,5.011473655700684,-6.981545448303223,-0.009411480277776718,-0.6911744475364685,-0.00013786065392196178,0.11249929666519165,7.927261829376221,17.17106819152832,1224.682861328125,2429.01806640625,2.4536218643188477,0.01936149224638939,0.18857797980308533,0.06404081732034683,0.13327398896217346,0.10179688036441803,0.11058463156223297,0.09304776787757874,0.06896177679300308,0.04770765081048012,0.031839288771152496,0.011407976038753986
107,Josh Gudwin,Visions (Don't Go),-11.107392,-10.115776,-8.750288009643555,6.949518203735352,0.015370628796517849,0.0003951650287490338,0.6894822120666504,0.49998652935028076,0.03434053452420007,5.032585843448848,3.831707239151001,4.772700786590576,-6.816518783569336,-0.06324780732393265,-0.4425733983516693,0.0011388111161068082,0.13056986033916473,8.406432151794434,4.5961785316467285,1232.607666015625,2542.392822265625,1.7893567085266113,0.02484404481947422,0.18142135441303253,0.06710337847471237,0.11508935689926147,0.10320427268743515,0.11231747269630432,0.10767287015914917,0.09394323080778122,0.05694136768579483,0.03598926216363907,0.012131071649491787
108,Josh Gudwin,Bills,-9.579592,-8.769902,-8.408503532409668,4.662113189697266,0.025903142988681793,-0.027998626232147217,0.017475605010986328,0.499994158744812,0.03284708179066981,9.980567670788961,3.5526533126831055,3.952789306640625,-7.065527439117432,-0.03448181599378586,-0.5339239835739136,0.010064701549708843,0.10354512184858322,7.909964084625244,7.268368244171143,935.8019409179688,1937.837646484375,2.038755416870117,0.017193682491779327,0.3345445394515991,0.11652620136737823,0.1711268573999405,0.12132971733808517,0.11663785576820374,0.09807170927524567,0.07589476555585861,0.05592070147395134,0.03237558901309967,0.01146040391176939
109,Josh Gudwin,EN VISTO,-13.891472,-10.150423,-9.01252269744873,7.9693217277526855,0.014201990328729153,-0.01023946050554514,2.6365957260131836,0.500041127204895,-0.014007220640274253,3.5957017345009175,3.9708759784698486,5.460834980010986,-6.701990127563477,-0.00491915550082922,-0.5190909504890442,-0.017832444980740547,0.10544032603502274,7.657234191894531,35.27103805541992,1620.52587890625,2704.15478515625,3.5268876552581787,0.01572207547724247,0.13265827298164368,0.051514096558094025,0.11476384848356247,0.10214615613222122,0.09776108711957932,0.08205877989530563,0.0631934329867363,0.047799788415431976,0.033365119248628616,0.011240668594837189
110,Josh Gudwin,I Miss You Amore (feat. Amaal Mallik),-13.791547,-13.026421,-11.1166353225708,10.7412109375,0.00932911317795515,-0.010882197879254818,2.605501174926758,0.4999767243862152,-0.004074486428152255,4.814950653880393,3.9800004959106445,5.168980121612549,-7.126842975616455,-0.014066440053284168,-0.5825062990188599,0.004155410919338465,0.10192880779504776,7.5632243156433105,12.907622337341309,901.70068359375,1696.6064453125,2.669196844100952,0.020583635196089745,0.10330969840288162,0.04299209266901016,0.08931808173656464,0.1139022707939148,0.09660021960735321,0.07508371770381927,0.047893133014440536,0.03124881349503994,0.019311953336000443,0.006308716721832752
111,Josh Gudwin,Me Cuesta Tanto Olvidarte,-14.372331,-11.010098,-8.813338279724121,4.184804439544678,0.0157187357544899,0.13527274131774902,0.8746776580810547,0.4999845325946808,0.0028705157697707425,9.732894807261696,4.117327690124512,5.411910533905029,-7.577434062957764,-0.04259346425533295,-0.5362007021903992,-0.013772739097476006,0.13168902695178986,8.439455032348633,3.735807180404663,1669.365234375,3092.98681640625,1.6460027694702148,0.021893933415412903,0.1798543930053711,0.081753209233284,0.14300231635570526,0.11458148062229156,0.10821139812469482,0.09368530660867691,0.08755893260240555,0.06313097476959229,0.03725052252411842,0.012736071832478046
112,Josh Gudwin,Red Lights,-11.36901,-10.611612,-10.183491706848145,5.159276962280273,0.011666499078273773,0.04492659866809845,1.8609166145324707,0.5000074505805969,-0.0009626926569130793,8.257954135767562,4.269986152648926,5.841186046600342,-6.989319324493408,0.0006943935877643526,-0.5722700953483582,0.009779083542525768,0.1279139518737793,8.443504333496094,3.6106607913970947,1639.2801513671875,3074.506591796875,1.7098530530929565,0.01957177370786667,0.12187672406435013,0.05068202316761017,0.10085257142782211,0.1072564497590065,0.09813578426837921,0.09057974070310593,0.0737263634800911,0.05772056058049202,0.03320023790001869,0.010276972316205502
113,Josh Gudwin,No Puede Ser,-13.30595,-12.23028,-10.609478950500488,11.501372337341309,0.014133324846625328,-0.004192786291241646,0.44258594512939453,0.49999380111694336,-0.020967013631875166,12.369686050683061,3.7155253887176514,5.181369304656982,-7.368760585784912,0.04355911910533905,-0.6162317395210266,-0.009300442412495613,0.10101926326751709,7.984755992889404,12.62294864654541,1007.1427612304688,2132.746826171875,2.460441827774048,0.016670886427164078,0.22783836722373962,0.09982367604970932,0.11519422382116318,0.09642189741134644,0.08606446534395218,0.08032754063606262,0.05863003805279732,0.04620152339339256,0.0283771101385355,0.008431828580796719
114,Josh Gudwin,Crickets,-11.2164545,-10.060552,-8.620013236999512,10.595588684082031,0.01821601577103138,-0.0036067229229956865,1.269303798675537,0.4999893605709076,0.02211752873492129,6.323500947567389,3.758307933807373,4.8990631103515625,-7.133844375610352,-0.04396061599254608,-0.541953444480896,-0.0011740223271772265,0.10584314167499542,7.962388515472412,9.303730964660645,1003.3271484375,2013.4755859375,2.258161783218384,0.018378030508756638,0.18849465250968933,0.07636181265115738,0.14121828973293304,0.13914671540260315,0.11509794741868973,0.09127090126276016,0.06959641724824905,0.04499419406056404,0.02845761738717556,0.008489374071359634
115,Josh Gudwin,Too Much,-14.441014,-8.340138,-7.123165130615234,2.6867942810058594,0.025408854708075523,0.02452952414751053,0.41826844215393066,0.499834269285202,0.025347552618240985,8.203195314790753,3.6298744678497314,4.8590569496154785,-11.142313003540039,-0.07039286196231842,-0.48933514952659607,-0.003702933667227626,0.13350476324558258,8.46269416809082,3.1856446266174316,1706.9755859375,3124.2294921875,1.6094228029251099,0.02284422144293785,0.2002546638250351,0.08439569175243378,0.16051243245601654,0.16416437923908234,0.1643385887145996,0.1383642703294754,0.08829712867736816,0.06513617932796478,0.04062506929039955,0.015988262370228767
116,Josh Gudwin,OKI DOKI,-11.083953,-9.958361,-9.211397171020508,6.813222885131836,0.018670298159122467,0.03209581971168518,1.726534366607666,0.4999541640281677,-0.003022361424642249,34.522931524634664,3.9603159427642822,5.0556721687316895,-7.428550720214844,0.018692100420594215,-0.8887140154838562,-0.0039917766116559505,0.10741046816110611,7.849554538726807,9.68132209777832,1351.9549560546875,2520.142333984375,2.263496160507202,0.01610781066119671,0.19306661188602448,0.06428626924753189,0.12591111660003662,0.10892357677221298,0.11504879593849182,0.09424810111522675,0.07965802401304245,0.05972312390804291,0.03601811081171036,0.010968578979372978
117,Josh Gudwin,When It Rains,-10.586081,-9.571781,-8.913999557495117,5.226531028747559,0.018618296831846237,-0.018663739785552025,0.10225105285644531,0.4999527633190155,-0.00031023870629288085,7.831872679021874,3.488452434539795,4.310177326202393,-6.931614398956299,0.003700259141623974,-0.4949488341808319,-0.010405007749795914,0.11208398640155792,8.11561393737793,8.206708908081055,924.8921508789062,2131.365234375,2.0263724327087402,0.018158990889787674,0.2480463981628418,0.10427611321210861,0.17881695926189423,0.11908100545406342,0.09686014801263809,0.08285883814096451,0.07479260861873627,0.05437060445547104,0.03407960757613182,0.010629710741341114
118,Josh Gudwin,Step Dad,-9.614178,-8.4520235,-7.149392604827881,4.606240272521973,0.023160018026828766,-0.001699814572930336,0.16458988189697266,0.5001237988471985,0.02817039450658811,5.503672508358306,3.7559895515441895,4.076784133911133,-6.984048843383789,-0.16667360067367554,-0.6100783944129944,-0.0017157037509605289,0.08458760380744934,7.585484981536865,24.215791702270508,1111.702880859375,1787.994384765625,3.2744228839874268,0.013687909580767155,0.22065456211566925,0.08751501888036728,0.1606210470199585,0.1475946605205536,0.1564452052116394,0.13976629078388214,0.10234156996011734,0.07471514493227005,0.03380204737186432,0.007438735570758581
119,Josh Gudwin,SACRIFICIO,-13.364159,-9.552472,-8.710969924926758,4.663521766662598,0.014821644872426987,0.014763771556317806,0.8231954574584961,0.5000035166740417,0.03622293496617926,5.214294315494855,3.989384889602661,5.822497367858887,-6.915594577789307,-0.026364006102085114,-0.6118530035018921,0.023526810109615326,0.1010390967130661,7.5940937995910645,32.05842971801758,1249.930419921875,2139.219482421875,3.627556085586548,0.019767219200730324,0.08515185862779617,0.031213462352752686,0.10587949305772781,0.1604812890291214,0.16866514086723328,0.12376049906015396,0.07880104333162308,0.041911475360393524,0.02312231995165348,0.0072695412673056126
120,Josh Gudwin,La Muralla Verde,-14.376656,-13.430519,-12.577262878417969,5.519462585449219,0.005459954496473074,0.11381102353334427,1.4311256408691406,0.49980825185775757,-0.0063222118508434655,3.1102314210856683,4.304408550262451,6.355262279510498,-7.118133544921875,0.013621330261230469,-0.4573964476585388,0.005717339459806681,0.13106462359428406,8.633447647094727,6.341790676116943,1463.810302734375,3118.57470703125,1.7668863534927368,0.022400114685297012,0.1014898493885994,0.0413162037730217,0.08579644560813904,0.07569658756256104,0.06681044399738312,0.05607189983129501,0.049551647156476974,0.039420854300260544,0.02461886778473854,0.008287017233669758
121,Josh Gudwin,Folks,-12.174393,-8.627273,-7.534982204437256,7.383718013763428,0.021442731842398643,-0.02711055427789688,0.5071794986724854,0.500036895275116,-0.012423300481079093,6.663123559421458,3.659102439880371,5.3064494132995605,-6.988804340362549,-0.05137135460972786,-0.5205833911895752,0.0018867106409743428,0.12188037484884262,8.398173332214355,6.665661811828613,1605.21533203125,3226.397216796875,1.8752108812332153,0.017682120203971863,0.24000979959964752,0.08249495178461075,0.15562710165977478,0.12599420547485352,0.11761404573917389,0.10562089085578918,0.09153475612401962,0.07518473267555237,0.04930385947227478,0.014632096514105797
122,Josh Gudwin,MS DE UNA VEZ,-8.646976,-8.396098,-8.206974029541016,3.918684959411621,0.020901720970869064,-0.02831394225358963,0.5463216304779053,0.49995455145835876,0.007812228808280352,5.057946024277679,3.6678922176361084,4.37076473236084,-6.73072624206543,-0.015949904918670654,-0.5754618048667908,0.0005144171300344169,0.10603587329387665,7.893885612487793,10.807168006896973,998.8541259765625,1855.255859375,2.3781909942626953,0.02055056393146515,0.21825377643108368,0.0936322957277298,0.1469048112630844,0.13259413838386536,0.1302419900894165,0.11878452450037003,0.0925043597817421,0.05870647355914116,0.03229555860161781,0.009810904040932655
123,Josh Gudwin,Panic,-12.750877,-8.27065,-7.257075786590576,6.783709526062012,0.019429506734013557,-0.020238323137164116,0.6964261531829834,0.5001101493835449,0.03572959333972504,4.6508657384244865,3.82940673828125,5.211343288421631,-7.214590549468994,-0.12988503277301788,-0.38254985213279724,-0.03596673533320427,0.1269926279783249,8.700013160705566,3.9616472721099854,2287.828857421875,4019.846435546875,1.5558935403823853,0.016139626502990723,0.1954997181892395,0.0869390070438385,0.14211860299110413,0.12441284209489822,0.11358467489480972,0.11640612781047821,0.10033459216356277,0.09039118140935898,0.057906363159418106,0.01495778001844883
124,Josh Gudwin,CORLEONE INTERLUDE,-14.936331,-9.347123,-8.515626907348633,6.852713108062744,0.018010536208748817,-0.014451554976403713,1.1159782409667969,0.5000115633010864,0.0031795955255235486,5.202520885545206,4.06982946395874,6.418032646179199,-6.818753242492676,-0.03366804122924805,-0.6709709763526917,-0.0008982538711279631,0.12507018446922302,8.268538475036621,11.399494171142578,1751.385986328125,3266.4384765625,2.038398504257202,0.019496001303195953,0.21996572613716125,0.10234760493040085,0.13534317910671234,0.1166418045759201,0.09595411270856857,0.08994701504707336,0.08536514639854431,0.06354807317256927,0.04341106489300728,0.014152349904179573
125,Josh Gudwin,Heart Wants What It Wants,-9.288916,-8.415323,-7.644898414611816,5.522761821746826,0.022480525076389313,0.035493552684783936,0.3046841621398926,0.5000269412994385,0.031420863140225096,7.816069459814371,3.6568660736083984,4.917057514190674,-6.674750804901123,-0.0381009466946125,-0.49108225107192993,0.013837862759828568,0.11668446660041809,8.007708549499512,13.843488693237305,970.8807373046875,2063.263671875,2.3863365650177,0.021310236304998398,0.22056461870670319,0.09539651870727539,0.18877080082893372,0.1556769460439682,0.12001722306013107,0.10729364305734634,0.08885777741670609,0.059617798775434494,0.03783760964870453,0.011648786254227161
126,Josh Gudwin,CENIZAS QUEDAN,-10.529021,-9.870401,-9.201238632202148,7.334599494934082,0.01820060983300209,-0.016604308038949966,2.181898593902588,0.500052273273468,-0.014039721745275815,10.438015998104106,4.194154739379883,5.180813312530518,-6.8183183670043945,0.05746270343661308,-0.5688832998275757,0.018733561038970947,0.11120672523975372,8.004874229431152,37.14291763305664,1483.6949462890625,2705.49169921875,3.0362255573272705,0.018109045922756195,0.17053104937076569,0.07053513824939728,0.10384680330753326,0.09681323170661926,0.11608326435089111,0.10433442145586014,0.0939384400844574,0.058389343321323395,0.03384366258978844,0.011911037378013134
127,Josh Gudwin,Don't I Make It Look Easy,-10.691184,-8.313781,-8.01106071472168,4.324661731719971,0.021967731416225433,-0.013448716141283512,0.5227022171020508,0.5000773072242737,-0.023868994543247972,13.325172006383772,3.6889331340789795,4.938385009765625,-7.727705955505371,0.009736627340316772,-0.6357668042182922,-0.03589246794581413,0.11363968253135681,8.163186073303223,4.1634674072265625,1371.241455078125,2642.720947265625,1.8187313079833984,0.01735077053308487,0.20734290778636932,0.08803821355104446,0.1519232839345932,0.14834854006767273,0.1371949166059494,0.10589803010225296,0.0880190059542656,0.06775806844234467,0.041592326015233994,0.011322394013404846
128,Josh Gudwin,Qu Diras,-15.62039,-13.890781,-9.132575988769531,5.524198532104492,0.011462588794529438,-0.02712814137339592,0.9365427494049072,0.4999106526374817,0.06838592184542146,3.2217414631938084,3.67333984375,4.779499053955078,-7.08873176574707,-0.041569098830223083,-0.6070632338523865,-0.002363838953897357,0.12892790138721466,8.130549430847168,3.239821434020996,969.2506103515625,2215.41162109375,1.6648248434066772,0.02540937438607216,0.13259708881378174,0.04190770536661148,0.10515844821929932,0.10879559069871902,0.1130785122513771,0.08094979077577591,0.05208292976021767,0.03762490674853325,0.025715239346027374,0.009683347307145596
129,Josh Gudwin,Cuerpecito,-9.303267,-8.766024,-7.328709602355957,10.897510528564453,0.021358352154493332,0.0463559664785862,1.2575392723083496,0.5010396242141724,0.014909736345660302,8.307138586558244,3.894927740097046,4.541114807128906,-6.939246654510498,-0.027101848274469376,-0.6753636002540588,0.015309715643525124,0.11610947549343109,8.163196563720703,42.73035430908203,1509.4833984375,2770.517333984375,3.180238723754883,0.017939263954758644,0.1763373464345932,0.05624374747276306,0.11999749392271042,0.12487228959798813,0.14431048929691315,0.1399689018726349,0.10412317514419556,0.08010146766901016,0.047522276639938354,0.016624782234430313
130,Josh Gudwin,Devulveme a Mi Chica,-11.897207,-11.081128,-9.47663402557373,11.075150489807129,0.010794622823596,0.0044387453235685825,1.2580113410949707,0.49991652369499207,0.02832465418834348,3.249582752380564,4.221103668212891,5.736617565155029,-6.959497451782227,-0.0057083116844296455,-0.38849714398384094,0.009265890344977379,0.12946289777755737,8.57737922668457,3.2948670387268066,1841.3843994140625,3466.1376953125,1.6582038402557373,0.019663821905851364,0.14644065499305725,0.05813831090927124,0.10878291726112366,0.09077776968479156,0.08481992036104202,0.0735686644911766,0.0727200135588646,0.058613963425159454,0.037563398480415344,0.011444476433098316
131,Josh Gudwin,skinny dipping,-17.361765,-15.882307,-12.460817337036133,10.13863754272461,0.0058088116347789764,0.0009530572569929063,2.0857982635498047,0.49996545910835266,-0.021863706610033277,4.484958857006261,3.9671952724456787,5.504405498504639,-6.694624900817871,0.0333116240799427,-0.4848451018333435,0.014372691512107849,0.11463301628828049,8.16461181640625,6.5023956298828125,1158.783447265625,2324.532958984375,1.996721625328064,0.01967332884669304,0.09139310568571091,0.03377540409564972,0.07594318687915802,0.08094070851802826,0.0664529874920845,0.04932064935564995,0.035677701234817505,0.028003789484500885,0.019609032198786736,0.006369448266923428
132,Josh Gudwin,Cuando Seas Grande,-13.476175,-11.050377,-9.8671236038208,6.809659957885742,0.01154494658112526,-0.05407409369945526,1.1147456169128418,0.5000448226928711,0.006974697795509048,5.728453791821856,4.31955623626709,6.144400596618652,-7.279726982116699,0.01594589278101921,-0.46982747316360474,0.019304456189274788,0.12086223810911179,8.467625617980957,5.304675579071045,1600.65771484375,2979.086669921875,1.9097163677215576,0.019853530451655388,0.14365419745445251,0.056371353566646576,0.12019805610179901,0.09816135466098785,0.10061471909284592,0.08979139477014542,0.08167877048254013,0.06386950612068176,0.03489813208580017,0.010033372789621353
133,Josh Gudwin,I A,-11.851471,-10.735465,-9.281341552734375,7.586233139038086,0.014487561769783497,-0.00023713726841378957,0.7865371704101562,0.50006103515625,-0.0005572893857591289,4.129693149129665,3.671828508377075,4.721280097961426,-6.841822147369385,0.0162461306899786,-0.46911072731018066,0.00474014924839139,0.10561338067054749,7.98647403717041,5.47943115234375,964.9361572265625,1830.6097412109375,2.068962335586548,0.018937120214104652,0.18902374804019928,0.07499521225690842,0.1262269914150238,0.10663091391324997,0.09783004969358444,0.09808327257633209,0.07844837009906769,0.04835594445466995,0.028113875538110733,0.00876572635024786
134,Josh Gudwin,Blue Moon,-10.7541065,-9.680036,-8.754488945007324,7.124156951904297,0.016539378091692924,-0.003151933429762721,0.8293881416320801,0.4999760389328003,-0.0034855282109438972,5.465491678509534,3.8313679695129395,4.8205485343933105,-6.795588493347168,-0.01770983636379242,-0.4798295795917511,-0.010698862373828888,0.12777079641819,8.494550704956055,3.233401298522949,1240.6121826171875,2716.380859375,1.6346204280853271,0.02258165553212166,0.18417368829250336,0.07309509813785553,0.1378982812166214,0.12902426719665527,0.11759500205516815,0.10376456379890442,0.08931367844343185,0.05949803441762924,0.03861425071954727,0.013759766705334187
135,Josh Gudwin,Everything Was For Love (from the movie With This Light),-12.563474,-11.633462,-9.830541610717773,8.47008991241455,0.013100901618599892,-0.06720676273107529,1.3069519996643066,0.4999459385871887,-0.010916052227306829,5.902227100822654,3.6190273761749268,4.890542030334473,-6.678137302398682,0.01045451033860445,-0.5821990370750427,-0.002146379556506872,0.09221041947603226,7.41636848449707,12.841303825378418,919.43505859375,1631.195068359375,2.806077718734741,0.017600644379854202,0.1442655771970749,0.0633474737405777,0.11825443059206009,0.12060632556676865,0.11423660814762115,0.08892156183719635,0.06723958253860474,0.039172716438770294,0.021434271708130836,0.0049711051397025585
136,Josh Gudwin,Call on Me,-10.560752,-9.446871,-8.475500106811523,5.5014824867248535,0.016548383980989456,0.04409795626997948,1.2845816612243652,0.4999960660934448,-0.01583722601290872,5.562246494885363,4.086496829986572,5.411799430847168,-6.935084342956543,0.011473048478364944,-0.4535725712776184,-0.012939730659127235,0.12278573215007782,8.427896499633789,3.4879872798919678,1663.99609375,3136.501708984375,1.7474217414855957,0.01933339238166809,0.15667910873889923,0.06289851665496826,0.12341473251581192,0.13144731521606445,0.11479733139276505,0.09969957917928696,0.08531814813613892,0.06244974583387375,0.04236936941742897,0.011135617271065712
137,Josh Gudwin,decode,-14.267136,-11.327363,-9.79670524597168,6.40736198425293,0.015151702798902988,0.018288711085915565,1.199033260345459,0.4999818205833435,-0.0206959535114992,9.85056460364378,3.561919689178467,4.733674049377441,-7.175111770629883,0.09446875005960464,-0.5566460490226746,0.028484664857387543,0.11621226370334625,7.695879936218262,7.80747127532959,1272.2442626953125,2108.5009765625,2.2050716876983643,0.02244502119719982,0.15380315482616425,0.06600441038608551,0.12425611168146133,0.12247048318386078,0.11185255646705627,0.08252700418233871,0.06113276258111,0.03467051312327385,0.02217351831495762,0.006590745877474546
138,Josh Gudwin,how many things,-15.855635,-13.130604,-10.917960166931152,7.015392303466797,0.008945140056312084,0.2206876575946808,1.6222195625305176,0.49993547797203064,0.03917954707389972,21.844405725062757,3.7117807865142822,5.470170974731445,-7.314022064208984,-0.07087909430265427,-0.7613822817802429,0.03277486935257912,0.10025408864021301,7.4338908195495605,13.02592658996582,1302.514892578125,2105.725341796875,2.7415378093719482,0.016568755730986595,0.04829300567507744,0.007909613661468029,0.07326443493366241,0.10816784203052521,0.12332417815923691,0.0759863629937172,0.05196356773376465,0.03086381033062935,0.018994946032762527,0.004696059972047806
139,Josh Gudwin,Read your Mind,-9.39877,-8.441678,-7.797905921936035,5.642010688781738,0.022989029064774513,-0.006391914561390877,0.18933534622192383,0.49994155764579773,-0.009520223512820855,12.516701696483354,3.693643093109131,4.2707743644714355,-6.712614059448242,0.0008919350802898407,-0.5212919116020203,-0.0061798361130058765,0.1531776338815689,8.615143775939941,6.385311603546143,1363.12158203125,3508.009521484375,1.5185420513153076,0.02659652940928936,0.2524898648262024,0.10351850837469101,0.17190127074718475,0.14600719511508942,0.11891233921051025,0.09346582740545273,0.083638995885849,0.0705953985452652,0.05460052564740181,0.01960136741399765
140,Josh Gudwin,Patrick,-11.690877,-9.697919,-8.571101188659668,6.88275671005249,0.023288166150450706,-0.03805091604590416,0.6630189418792725,0.500159502029419,-0.009758229926491183,17.528616070458867,3.6843783855438232,4.553775787353516,-6.780274868011475,0.029844636097550392,-0.6000033617019653,0.011558974161744118,0.11766129732131958,8.181559562683105,4.149826526641846,945.474365234375,2121.56298828125,1.7600173950195312,0.021109595894813538,0.2723480761051178,0.13193021714687347,0.17999482154846191,0.14083096385002136,0.11123085767030716,0.08270036429166794,0.05643375590443611,0.04412408173084259,0.032465673983097076,0.011147400364279747
141,Josh Gudwin,How High,-11.421061,-10.415594,-10.012786865234375,3.8398618698120117,0.017408909276127815,0.013135424815118313,1.1313896179199219,0.5004196166992188,-0.0033654320074917444,16.73815795838899,4.027062892913818,5.193732261657715,-6.937488079071045,-0.0007434470462612808,-0.662306547164917,0.005726691801100969,0.10714664310216904,8.042440414428711,10.850528717041016,1146.5677490234375,2370.854248046875,2.2772700786590576,0.01798795349895954,0.2132941484451294,0.10803063213825226,0.11785776168107986,0.1122591644525528,0.10674270987510681,0.09189889580011368,0.0668119415640831,0.04765523597598076,0.028826309368014336,0.011422663927078247
142,Josh Gudwin,Seasons,-13.032749,-9.888901,-8.640896797180176,5.4268479347229,0.015111931599676609,-0.034279510378837585,0.44162654876708984,0.5000173449516296,0.007085821699048227,3.6604672042212028,3.5284910202026367,4.931654930114746,-6.653687477111816,-0.017032349482178688,-0.504924476146698,0.00259764795191586,0.08935301005840302,7.385249614715576,12.6334867477417,1144.6414794921875,1804.1231689453125,2.8173859119415283,0.015136035159230232,0.141907200217247,0.077513188123703,0.1417720764875412,0.1425183266401291,0.10975657403469086,0.09273634850978851,0.07491353899240494,0.04611712694168091,0.023776870220899582,0.005420795176178217
143,Josh Gudwin,Tornado Warnings,-12.272409,-10.582613,-9.088249206542969,9.463233947753906,0.0175531767308712,0.01577695831656456,1.168013095855713,0.4999879002571106,-0.008256007735862953,8.729792593831613,3.863537073135376,4.701175689697266,-7.0297675132751465,0.020684000104665756,-0.5514111518859863,0.006759910844266415,0.11755876988172531,7.922106742858887,15.421483039855957,1088.7686767578125,2248.595703125,2.3123044967651367,0.020687300711870193,0.1940925419330597,0.08168590068817139,0.1552189737558365,0.13136233389377594,0.10570944845676422,0.07428378611803055,0.05234930291771889,0.040159061551094055,0.030147677287459373,0.00983383134007454
144,Josh Gudwin,ME TENGO QUE IR,-13.003634,-10.493481,-9.19491195678711,4.665688991546631,0.014869106002151966,-0.12479822337627411,0.9457340240478516,0.4999992251396179,0.015038056185833565,7.328208134313497,3.7841269969940186,5.558811664581299,-6.893117427825928,-0.024796120822429657,-0.578711986541748,0.0022577240597456694,0.10935961455106735,7.846372127532959,15.739453315734863,1309.973876953125,2251.8671875,2.61348032951355,0.019428741186857224,0.13641470670700073,0.06940483301877975,0.109183169901371,0.11978964507579803,0.11565065383911133,0.09776382893323898,0.08453445881605148,0.04711548984050751,0.027455899864435196,0.009486603550612926
145,Josh Gudwin,things i wish you said,-17.56294,-13.941567,-11.964936256408691,7.98378849029541,0.006238951813429594,0.12361017614603043,1.6944160461425781,0.4999966621398926,0.0014181880051311777,4.068996716802128,3.7565674781799316,5.687710285186768,-7.1812005043029785,0.02848668582737446,-0.5301633477210999,-0.01712527871131897,0.13931871950626373,7.9803690910339355,4.328237533569336,1446.8880615234375,2655.71533203125,1.7134509086608887,0.025684740394353867,0.06793967634439468,0.02739613503217697,0.06377952545881271,0.09883637726306915,0.08922173082828522,0.0592162124812603,0.03792521730065346,0.02716842107474804,0.022416312247514725,0.007299500983208418
146,Josh Gudwin,Part Of Me,-13.173872,-11.500489,-8.442955017089844,14.048213958740234,0.0161972064524889,0.021896570920944214,1.576864242553711,0.5001678466796875,-0.0011223160848525316,7.124088444046605,3.653690814971924,4.9794535636901855,-6.982011795043945,-0.012707149609923363,-0.5647161602973938,-0.02531343139708042,0.09428554028272629,7.663797378540039,17.003944396972656,1101.3492431640625,1918.37060546875,2.9405624866485596,0.016212385147809982,0.17074571549892426,0.06196516752243042,0.12084493786096573,0.12422912567853928,0.11827092617750168,0.10170312970876694,0.07312643527984619,0.05542620271444321,0.027856305241584778,0.008240809664130211
147,Josh Gudwin,Satellite,-10.94711,-9.075893,-7.837721347808838,7.982138156890869,0.01982991211116314,-0.007981717586517334,0.6942193508148193,0.4999648630619049,0.045626060436731335,8.176134735838318,3.8590168952941895,6.949114799499512,-7.971137523651123,-0.06698226928710938,-0.5796359777450562,0.01268070936203003,0.14269936084747314,8.552172660827637,2.6929962635040283,1475.185546875,3201.800537109375,1.4988834857940674,0.025204135105013847,0.20759719610214233,0.0978260263800621,0.1437222808599472,0.1309630423784256,0.11548570543527603,0.10513221472501755,0.09106108546257019,0.06795621663331985,0.04748225212097168,0.016876569017767906
148,Josh Gudwin,Born Again,-13.884295,-11.980347,-10.393845558166504,9.148021697998047,0.008606882765889168,-0.021449264138936996,1.3418526649475098,0.5000038146972656,-0.0022433883699745417,5.282272964224577,4.019120693206787,5.1079864501953125,-6.9549241065979,-0.023006068542599678,-0.5305323004722595,-0.013287429697811604,0.11664621531963348,8.26672649383545,4.744470596313477,1728.0169677734375,2946.9580078125,1.9032154083251953,0.01745968870818615,0.07202934473752975,0.03258062154054642,0.058809079229831696,0.07986198365688324,0.108578622341156,0.10318776220083237,0.0911821722984314,0.055043939501047134,0.030424758791923523,0.007847956381738186
149,Josh Gudwin,Drink Water (feat. Jon Bellion and Fireboy DML),-11.597153,-10.069675,-8.982911109924316,6.948249816894531,0.014257230795919895,-0.0005625929916277528,1.5201821327209473,0.5000045299530029,0.041228399277025,5.849904990428745,4.475921154022217,5.440730571746826,-6.787268161773682,-0.0461677722632885,-0.582576334476471,0.0016131105367094278,0.1447046399116516,8.556954383850098,2.4039804935455322,1757.3330078125,3277.6259765625,1.493757963180542,0.02437538467347622,0.1364995390176773,0.04814669489860535,0.10832797735929489,0.10047069936990738,0.11398091912269592,0.10960416495800018,0.08659208565950394,0.05972926318645477,0.03836799040436745,0.013570788316428661
150,Josh Gudwin,BICHOTAG,-9.917951,-8.777111,-8.396805763244629,3.3892226219177246,0.024492917582392693,-0.02410539984703064,0.9395260810852051,0.4996489882469177,-0.0025379941565067095,138.1749981618034,3.8311378955841064,4.857024669647217,-7.742619514465332,0.045229725539684296,-1.0481419563293457,-0.017227470874786377,0.10368150472640991,7.469399452209473,16.722511291503906,1112.6619873046875,2067.085205078125,2.636873960494995,0.017968149855732918,0.2234347015619278,0.07524663209915161,0.16735167801380157,0.13399678468704224,0.14507493376731873,0.09843628853559494,0.07425356656312943,0.0508345328271389,0.034590449184179306,0.009675783105194569
151,Josh Gudwin,BABY HELLO,-9.157726,-8.666684,-6.952465057373047,10.722604751586914,0.02433927357196808,-0.04655594006180763,0.4109010696411133,0.5007803440093994,0.0782045921166521,6.232505449227799,3.6213009357452393,3.914517402648926,-6.795868873596191,-0.040255218744277954,-0.685899555683136,0.033810872584581375,0.09938308596611023,7.780642509460449,29.79448127746582,1055.9862060546875,2082.520751953125,3.331763505935669,0.016535405069589615,0.21658764779567719,0.07899824529886246,0.1407453417778015,0.1390337347984314,0.13784946501255035,0.13274811208248138,0.11434298753738403,0.07017461955547333,0.040943339467048645,0.013453265652060509
152,Josh Gudwin,Todo Fue Por Amor (de la pelcula Con Esta Luz),-12.974352,-11.994307,-10.237043380737305,8.157175064086914,0.012320726178586483,-0.0537400022149086,1.5184040069580078,0.4999488592147827,-0.01780247628119852,6.206199165177622,3.697875499725342,5.068524360656738,-6.6767401695251465,0.04111164063215256,-0.5788649320602417,-0.007476071361452341,0.09144512563943863,7.399333477020264,12.919550895690918,968.724609375,1743.095947265625,2.821945905685425,0.01658446341753006,0.14239412546157837,0.06218567118048668,0.11120620369911194,0.1145412027835846,0.11001758277416229,0.08379915356636047,0.06325078010559082,0.03782711550593376,0.020634271204471588,0.004981973674148321
153,Josh Gudwin,GATAS,-9.880605,-9.308044,-8.569129943847656,5.978959560394287,0.02083493396639824,0.055954381823539734,0.9179832935333252,0.49988260865211487,-0.003437011580946249,22.754047802621432,3.638613700866699,4.395097255706787,-7.2823028564453125,0.05364936590194702,-0.8631647825241089,0.011118737049400806,0.09129032492637634,7.608233451843262,15.490792274475098,909.8343505859375,1615.540283203125,2.75663161277771,0.015572070144116879,0.19041995704174042,0.06903844326734543,0.14126360416412354,0.12768812477588654,0.14546698331832886,0.11655303090810776,0.08768577873706818,0.05737842246890068,0.030357396230101585,0.008218902163207531
154,Josh Gudwin,Lonesome,-13.736622,-12.156851,-10.196700096130371,9.871881484985352,0.012757259421050549,-0.0006597802275791764,1.509230613708496,0.5000382661819458,-0.017481659163374807,7.112982748206256,3.7386462688446045,4.944054126739502,-7.166736602783203,-0.004584425128996372,-0.4677925705909729,-0.027065692469477654,0.08641881495714188,7.413589954376221,18.340789794921875,792.4480590820312,1482.65185546875,3.013611078262329,0.015250110067427158,0.14770649373531342,0.0590500645339489,0.12224873155355453,0.12050708383321762,0.10573072731494904,0.07100581377744675,0.04357288405299187,0.030502114444971085,0.018640782684087753,0.004527081269770861
155,Josh Gudwin,Hi,-10.458673,-8.769316,-7.331784248352051,8.035475730895996,0.021613799035549164,0.02577570080757141,0.7001228332519531,0.4999645948410034,-0.005024880848394424,7.2357403169121,3.4634549617767334,4.478288650512695,-6.8072509765625,-0.04150189086794853,-0.6525060534477234,0.0012379760155454278,0.09779702872037888,7.730295181274414,19.003890991210938,1181.4832763671875,2016.8062744140625,2.812016487121582,0.016590947285294533,0.15339842438697815,0.0630100890994072,0.13362941145896912,0.160154789686203,0.163906991481781,0.13233664631843567,0.08662600070238113,0.06174258887767792,0.03165789693593979,0.008973976597189903
156,Josh Gudwin,Feather,-11.780654,-9.1752825,-7.6921186447143555,2.8348312377929688,0.02634206786751747,0.03314703702926636,0.2781398296356201,0.49980008602142334,-0.02252118177206253,15.017115132848723,3.709289789199829,4.2389068603515625,-7.264485836029053,0.020869454368948936,-0.7064189314842224,-0.020955730229616165,0.12010958790779114,8.192041397094727,8.772196769714355,1342.864990234375,2476.03173828125,2.0464906692504883,0.021018289029598236,0.26406264305114746,0.11921463906764984,0.1551046073436737,0.15602342784404755,0.13574698567390442,0.11889313161373138,0.09044258296489716,0.060863398015499115,0.04004776105284691,0.011750856414437294
157,Josh Gudwin,Miami,-15.848579,-10.96092,-8.348323822021484,13.715081214904785,0.016600387170910835,0.04634830728173256,1.9320106506347656,0.4999874532222748,0.006977250669480785,13.382664165707,3.94830322265625,4.845859527587891,-6.937142848968506,-0.02831813134253025,-0.6437861323356628,0.004240388981997967,0.1311352699995041,8.324399948120117,6.557872772216797,1768.5533447265625,3239.5673828125,1.9145925045013428,0.02199053391814232,0.15672720968723297,0.06590674817562103,0.13735218346118927,0.1140749529004097,0.10439938306808472,0.08276709169149399,0.06960339099168777,0.05981464684009552,0.04064508154988289,0.014255167916417122
158,Josh Gudwin,Victory,-12.240555,-9.804658,-6.939698219299316,10.88756275177002,0.022899510338902473,-0.0647372156381607,0.661865234375,0.5004889369010925,-0.01863466852043014,5.025612107867502,3.611405372619629,4.582695484161377,-7.045779705047607,0.005490500014275312,-0.5195088386535645,0.007014925591647625,0.10445819050073624,8.180091857910156,7.1228156089782715,1439.16162109375,2424.455322265625,2.1276490688323975,0.015614201314747334,0.2561858892440796,0.11542064696550369,0.13442081212997437,0.13284853100776672,0.13638274371623993,0.11960939317941666,0.09078938513994217,0.07513245940208435,0.038404274731874466,0.010252958163619041
159,Josh Gudwin,Mami Chula,-9.681137,-8.622234,-7.439581871032715,4.638145446777344,0.021480439230799675,0.028407132253050804,0.8540945053100586,0.5000233054161072,0.005191994292643163,5.56720566562656,3.8534557819366455,4.488605976104736,-6.798389434814453,-0.021658727899193764,-0.5982628464698792,-0.030310556292533875,0.13040286302566528,8.201813697814941,19.522687911987305,1817.92919921875,3373.84814453125,2.3645660877227783,0.020544085651636124,0.19028201699256897,0.06919441372156143,0.127542644739151,0.11445740610361099,0.1379733383655548,0.14272373914718628,0.1106739342212677,0.08305106312036514,0.05184159427881241,0.017025494948029518
160,Josh Gudwin,Blue Flame (2023 Ver.),-9.143458,-7.8299303,-7.327359199523926,4.076290130615234,0.02890225127339363,0.004694988485425711,0.19911956787109375,0.4999978542327881,-0.007398313953717236,15.196060357796304,3.6009621620178223,4.054759979248047,-7.052755355834961,0.02242380753159523,-0.6398119926452637,0.00014754926087334752,0.12222868949174881,8.122986793518066,5.559802055358887,1066.317138671875,2379.964599609375,1.7740638256072998,0.021676242351531982,0.26752525568008423,0.1001533791422844,0.20830564200878143,0.16467313468456268,0.12605637311935425,0.10462629050016403,0.08437155187129974,0.05949707329273224,0.0421534888446331,0.014558491297066212
161,Josh Gudwin,Heart Wants What It Wants - Nicky Romero Remix,-8.929252,-8.572426,-8.133101463317871,4.382650852203369,0.019307661801576614,0.030960118398070335,1.2210450172424316,0.5000128149986267,-0.004385915041989083,6.861981747751453,4.270757675170898,5.187530517578125,-6.6011834144592285,0.01042380090802908,-0.48704949021339417,-0.004467065911740065,0.1629640758037567,8.58381462097168,3.4145686626434326,2555.1611328125,4709.31103515625,1.3850234746932983,0.0269799642264843,0.2135579138994217,0.08652917295694351,0.16090263426303864,0.1284254789352417,0.09044066071510315,0.07547523826360703,0.06482814997434616,0.05774465203285217,0.04761014133691788,0.020367605611681938
162,Josh Gudwin,Already Over,-11.440746,-10.277034,-8.82991886138916,4.320157527923584,0.02089446596801281,0.01791328936815262,1.0617270469665527,0.49965599179267883,0.00593778856843261,30.12115501995354,3.794326066970825,4.892123699188232,-7.576907157897949,-0.04625299945473671,-0.7208747267723083,0.024727893993258476,0.13724614679813385,8.266759872436523,4.382475852966309,1609.9755859375,2980.209228515625,1.6616332530975342,0.02386784926056862,0.20041991770267487,0.06268905848264694,0.14323706924915314,0.1364462524652481,0.12175721675157547,0.09798819571733475,0.06880379468202591,0.05120018124580383,0.036332596093416214,0.011762537062168121
163,Tony Maserati,"The World Is Filled... (feat. Too Short, Puff Daddy) - 2005 Remaster",-9.185033,-8.843395,-8.718181610107422,2.7038187980651855,0.021044837310910225,0.022296246141195297,1.504918098449707,0.49996501207351685,-0.016925171343188,182.76567495954401,4.372294902801514,5.072816848754883,-8.298892974853516,0.046330492943525314,-0.9650726914405823,-0.04162680730223656,0.14336426556110382,8.398707389831543,1.818541169166565,1636.3382568359375,3517.6708984375,1.3364129066467285,0.024039575830101967,0.19713619351387024,0.08755184710025787,0.1659478098154068,0.13806581497192383,0.11020021140575409,0.0892159640789032,0.0675133541226387,0.05420295521616936,0.044252850115299225,0.017087258398532867
164,Tony Maserati,Material Girl,-12.468394,-9.602137,-7.628019332885742,2.8259124755859375,0.018253447487950325,0.11264626681804657,0.6720805168151855,0.5000093579292297,-0.0027288863578733974,8.476129427867651,3.9788296222686768,5.136551856994629,-7.865543842315674,0.02360081486403942,-0.5623337030410767,0.006393159739673138,0.1350759118795395,8.541913986206055,3.139948844909668,2029.2750244140625,3692.6796875,1.6139203310012817,0.021052099764347076,0.1482546180486679,0.060847170650959015,0.12448785454034805,0.14446893334388733,0.12676841020584106,0.1062842532992363,0.11043650656938553,0.08132775872945786,0.05515836179256439,0.013895267620682716
165,Tony Maserati,Hvidt Flag (feat. Benjamin Hav),-11.294293,-10.381387,-9.481821060180664,6.952353000640869,0.017434783279895782,-0.053078506141901016,1.35939359664917,0.49995988607406616,0.04244773297316771,14.107285111853749,4.0133466720581055,5.673431873321533,-6.895418167114258,-0.09115580469369888,-0.70130455493927,0.023328840732574463,0.0915348008275032,7.837704181671143,8.64279556274414,833.4718627929688,1581.5103759765625,2.4490983486175537,0.01613807864487171,0.18744134902954102,0.07607898116111755,0.13668189942836761,0.1294361650943756,0.12179972231388092,0.09515238553285599,0.06650786101818085,0.0422479510307312,0.023937225341796875,0.007126134354621172
166,Tony Maserati,Dating The Devil,-10.744264,-9.0537815,-7.698918342590332,10.561990737915039,0.01797693967819214,0.004302250687032938,1.487241268157959,0.5001537799835205,-0.0017074381955829747,5.274738263605925,4.246870994567871,5.560492992401123,-7.803817272186279,0.0035902666859328747,-0.5546733140945435,-0.009828760288655758,0.14653651416301727,8.621000289916992,3.7373030185699463,2211.271484375,4156.64697265625,1.6024760007858276,0.02472027577459812,0.16796037554740906,0.05831092596054077,0.12011879682540894,0.10460805147886276,0.114009328186512,0.1030329093337059,0.10092207044363022,0.07030913978815079,0.05494995042681694,0.016399845480918884
167,Tony Maserati,Happy Girl,-13.2972145,-12.106866,-10.031023979187012,3.6741905212402344,0.012605148367583752,0.07159064710140228,3.2488484382629395,0.5003235936164856,-0.019229158568851018,31.643676040155945,3.88238263130188,5.976223945617676,-7.312086582183838,0.10272438079118729,-0.8866760730743408,-0.10603287070989609,0.09104563295841217,7.753923416137695,7.570533752441406,1042.9813232421875,1854.845947265625,2.392124891281128,0.014409677125513554,0.11078090220689774,0.055510200560092926,0.09330920875072479,0.11521615087985992,0.09274332225322723,0.07567572593688965,0.07327057421207428,0.045016467571258545,0.022073669359087944,0.004813824780285358
168,Tony Maserati,Merry Christmas Darling,-17.360464,-15.85446,-13.444747924804688,11.423375129699707,0.0057522207498550415,0.10031451284885406,4.381475925445557,0.499968022108078,-0.10670162274900363,5.136673349425348,3.890659809112549,6.644827842712402,-7.145206451416016,0.1027170866727829,-0.4327149987220764,0.1300988346338272,0.07715446501970291,7.431782245635986,14.822474479675293,974.7695922851562,1685.170166015625,3.19051456451416,0.013348856009542942,0.08471562713384628,0.03489116579294205,0.06472264230251312,0.06823664158582687,0.07514621317386627,0.0582849457859993,0.04390700161457062,0.027273012325167656,0.012989794835448265,0.002418224001303315
169,Tony Maserati,Say Forever,-20.377577,-17.62547,-12.746667861938477,6.536982536315918,0.006299962289631367,-0.1390511393547058,1.0456180572509766,0.5000072717666626,-0.016183529856039353,3.885198145620384,3.976412057876587,5.396121025085449,-6.703296661376953,-0.015235641971230507,-0.5765655040740967,-0.013770212419331074,0.11094648391008377,8.163640975952148,6.198269844055176,1469.257080078125,2639.21875,2.1338794231414795,0.018833480775356293,0.11301916092634201,0.04846975952386856,0.08934848755598068,0.08714453130960464,0.07319018244743347,0.055310703814029694,0.04288129135966301,0.029763327911496162,0.01881464384496212,0.005822948645800352
170,Tony Maserati,Colorado,-11.383551,-10.613045,-9.55685043334961,6.568134784698486,0.013492087833583355,0.017656682059168816,0.8904833793640137,0.4999780058860779,-0.0406552049290646,3.587110151397571,3.7306809425354004,5.013193607330322,-6.971643447875977,0.08284438401460648,-0.6031306385993958,-0.020793341100215912,0.11081253737211227,7.845974445343018,12.286262512207031,909.9642333984375,2121.4814453125,2.201998472213745,0.0191139355301857,0.19337382912635803,0.07636802643537521,0.13615770637989044,0.11077581346035004,0.08185882121324539,0.06657840311527252,0.05895109102129936,0.041685860604047775,0.03006858378648758,0.00942291785031557
171,Tony Maserati,Me preguntaron por ti,-19.036295,-11.268052,-9.61231803894043,8.622835159301758,0.016626406461000443,-0.02539289928972721,1.343806266784668,0.5000579357147217,-0.016015083650789005,10.51027053453747,3.6702048778533936,44.50541687011719,-10.546565055847168,0.017316855490207672,-0.5988382697105408,-0.007469089236110449,0.1450151652097702,8.13443374633789,6.90629768371582,1540.889404296875,2790.850830078125,1.7715786695480347,0.029290923848748207,0.21165382862091064,0.09101790934801102,0.1290627419948578,0.11682671308517456,0.09888264536857605,0.07788974791765213,0.05925896018743515,0.0402943417429924,0.029214126989245415,0.010442440398037434
172,Tony Maserati,Am I Wrong,-17.656723,-14.645255,-10.76095199584961,12.702871322631836,0.006984553299844265,0.03234421834349632,3.444455623626709,0.4999993145465851,0.008073328891561283,4.444239918496896,4.753349304199219,8.3855619430542,-7.625826835632324,-0.02629750408232212,-0.6088758707046509,-0.007206421345472336,0.15596099197864532,8.7523193359375,2.2893662452697754,2818.156494140625,4798.03662109375,1.355732798576355,0.02253606915473938,0.07998505234718323,0.023325815796852112,0.055756814777851105,0.06759416311979294,0.07624702155590057,0.07586801052093506,0.06930961459875107,0.05195757746696472,0.03648132458329201,0.010975271463394165
173,Tony Maserati,Million To One (Reprise),-22.517931,-17.466595,-9.154959678649902,11.972082138061523,0.00994859915226698,-0.03836623951792717,2.095968723297119,0.49999967217445374,-0.015504619536621503,3.6761754427098348,3.944453001022339,5.592698574066162,-8.643975257873535,0.02508239448070526,-0.44116348028182983,0.0109429731965065,0.11154785007238388,8.005415916442871,9.240350723266602,1805.4827880859375,3237.588134765625,2.3825395107269287,0.019110295921564102,0.10038042068481445,0.04931372031569481,0.09337716549634933,0.0928099974989891,0.08705522119998932,0.08363734930753708,0.06749595701694489,0.04636859521269798,0.029836159199476242,0.006219445262104273
174,Tony Maserati,The New Barry,-17.33105,-10.418301,-7.805755615234375,2.951101303100586,0.02072388119995594,0.007329167798161507,1.8324222564697266,0.500087559223175,-0.005641702618266104,22.49154464966717,4.598506927490234,6.556168079376221,-9.963655471801758,0.06743276119232178,-0.7256777882575989,-0.004699454642832279,0.17236323654651642,8.820627212524414,1.6921451091766357,3339.07421875,5236.408203125,1.2089364528656006,0.025097550824284554,0.18169043958187103,0.04851895198225975,0.12273632735013962,0.10384756326675415,0.11382334679365158,0.09719830006361008,0.08502647280693054,0.07203349471092224,0.05556061863899231,0.019991979002952576
175,Tony Maserati,Heartbeat - VIZE Remix,-8.744403,-8.446561,-8.262539863586426,4.142136096954346,0.021636826917529106,-0.002563570160418749,0.25296592712402344,0.49998536705970764,-0.008992785425594936,10.012991605188404,3.8194119930267334,4.489967346191406,-6.6459245681762695,-0.001865794649347663,-0.578514039516449,-0.010809200815856457,0.13451777398586273,8.463685035705566,5.050326824188232,1479.5816650390625,3191.2353515625,1.6436291933059692,0.022756163030862808,0.25370943546295166,0.09510551393032074,0.1557188183069229,0.12236151844263077,0.1163337379693985,0.1090145856142044,0.09777069836854935,0.07308696210384369,0.051437925547361374,0.01653536781668663
176,Tony Maserati,All Of It All,-9.905832,-8.641425,-8.032012939453125,4.771739482879639,0.022144561633467674,-0.04871371388435364,0.9594137668609619,0.5000531077384949,0.01454678012821509,18.59258572515521,3.900078535079956,5.047823905944824,-7.082319259643555,-0.0312558077275753,-0.6736856698989868,-0.003570856060832739,0.10600186884403229,7.815916538238525,13.226128578186035,1097.166015625,2145.321044921875,2.372847080230713,0.0170122217386961,0.1987665295600891,0.07939647883176804,0.1694054901599884,0.1418105512857437,0.13241110742092133,0.09203532338142395,0.07707491517066956,0.053484246134757996,0.03363994508981705,0.011140864342451096
177,Tony Maserati,Shot at the Crown,-17.583353,-10.021552,-8.151773452758789,3.7802329063415527,0.02045469917356968,-0.003690842306241393,1.256688117980957,0.5001363754272461,-0.0014780153990378148,20.15009761206234,4.278632640838623,14.370579719543457,-10.058649063110352,-0.03846216946840286,-0.6437139511108398,-0.022805456072092056,0.13389885425567627,8.413264274597168,4.53515100479126,2304.63916015625,3771.8564453125,1.7721143960952759,0.021040070801973343,0.20145805180072784,0.06124226376414299,0.13929519057273865,0.11484375596046448,0.11442551016807556,0.10674379020929337,0.08770100027322769,0.06188969314098358,0.03939977288246155,0.012039163149893284
178,Tony Maserati,Sex on Fire,-13.306435,-10.110029,-7.610796928405762,5.928981781005859,0.015999820083379745,0.05913173779845238,0.8012876510620117,0.49991002678871155,-0.10431682304816318,2.90113495101625,3.9297308921813965,6.161650657653809,-7.702159881591797,0.033040668815374374,-0.4407395124435425,-0.045605774968862534,0.1131187230348587,8.261141777038574,10.20510482788086,1559.24560546875,2828.234130859375,2.2689154148101807,0.01844264566898346,0.16143393516540527,0.06421943753957748,0.12049137055873871,0.11340189725160599,0.11068499088287354,0.10405578464269638,0.09631521999835968,0.06543917208909988,0.03835554048418999,0.011728225275874138
179,Tony Maserati,"Mo Money Mo Problems (feat. P. Diddy, Ma$e) - 2005 Remaster",-15.451934,-13.240199,-9.343270301818848,11.356756210327148,0.012302866205573082,-0.062199074774980545,2.570291519165039,0.5008447766304016,-0.005056098876522165,14.982852811244463,4.638254642486572,7.086892127990723,-8.113245964050293,-0.006125618238002062,-0.6818217635154724,-0.010435977019369602,0.15070948004722595,8.767523765563965,2.956803798675537,2440.095703125,4247.517578125,1.5488829612731934,0.0232237521559,0.12685440480709076,0.0384916253387928,0.09197240322828293,0.08466067165136337,0.07281354069709778,0.07877533882856369,0.0725376307964325,0.06220320984721184,0.04137720912694931,0.013234392739832401
180,Tony Maserati,Nice To Meet You,-22.763977,-17.924772,-12.27912712097168,3.743441581726074,0.007606572937220335,-0.07412257790565491,0.8952248096466064,0.5000005960464478,-0.02906332887776182,17.91135408984199,3.441894292831421,5.049554824829102,-7.3638081550598145,0.10527301579713821,-0.8044854998588562,0.013059672899544239,0.08692646026611328,7.094236373901367,18.844680786132812,1253.1290283203125,1840.018798828125,3.352175712585449,0.015213372185826302,0.08775046467781067,0.03338608145713806,0.09150029718875885,0.09955881536006927,0.09756986796855927,0.06804554909467697,0.03894522413611412,0.023205257952213287,0.012925703078508377,0.003222100902348757
181,Tony Maserati,Be U (216 Hz) (feat. iann dior) - Inspired by Maejor Frequency,-9.610213,-8.78622,-7.024264812469482,2.3077449798583984,0.024310430511832237,0.04285287484526634,-0.044157981872558594,0.49995407462120056,-6.286210270131708e-05,6.376451361244099,3.366976499557495,4.009462833404541,-6.652031898498535,0.005128910765051842,-0.5190225839614868,0.0011099078692495823,0.10352087765932083,8.07754898071289,6.8956146240234375,980.6343994140625,2135.59375,2.0679097175598145,0.01619858667254448,0.24194017052650452,0.10772302746772766,0.19208042323589325,0.13888013362884521,0.12998871505260468,0.12764020264148712,0.09786718338727951,0.06692260503768921,0.04019107297062874,0.013060031458735466
182,Tony Maserati,ALLES WAR SCHN UND NICHTS TAT WEH,-15.360677,-14.126595,-9.755685806274414,17.581314086914062,0.011322351172566414,-0.05526677146553993,2.1322479248046875,0.5000496506690979,-0.02794592255970786,6.737962277538795,3.93265700340271,5.551855087280273,-6.642024517059326,0.09148956090211868,-0.5143846273422241,-0.011918536387383938,0.08509057760238647,7.872580051422119,14.05455493927002,1092.3779296875,1973.216552734375,2.797353506088257,0.012241747230291367,0.14504796266555786,0.051696065813302994,0.10937050729990005,0.08133558183908463,0.08424528688192368,0.07504337280988693,0.061017103493213654,0.04494702070951462,0.02270311489701271,0.005255867261439562
183,Tony Maserati,Bruises,-34.497818,-27.506372,-17.94561195373535,18.197914123535156,0.0015132030239328742,-0.08172763139009476,5.900934219360352,0.500737726688385,-0.03174138510073965,4.97315469136524,3.9644296169281006,6.8468475341796875,-11.474902153015137,0.18223702907562256,-0.5618002414703369,0.02424316294491291,0.1186278909444809,8.131698608398438,8.761356353759766,2007.435791015625,3158.40185546875,2.3086764812469482,0.019992200657725334,0.03713923320174217,0.015774261206388474,0.02897048555314541,0.029888750985264778,0.02994896098971367,0.02804984524846077,0.02013213373720646,0.013260038569569588,0.009141993708908558,0.0025097643956542015
184,Tony Maserati,ANGEL,-10.189811,-8.412777,-7.332614421844482,6.235706329345703,0.02208315022289753,0.03159083053469658,0.2074415683746338,0.5000120401382446,-0.00924603864739828,6.05466518865566,3.999234676361084,4.237148284912109,-6.687863349914551,-0.02011154033243656,-0.454641729593277,0.0037669131997972727,0.12139475345611572,8.046920776367188,4.181011199951172,1182.913330078125,2164.456298828125,1.8370280265808105,0.02359802834689617,0.16694767773151398,0.08820128440856934,0.158558651804924,0.1558917909860611,0.154885932803154,0.13650119304656982,0.10960612446069717,0.06102752313017845,0.0382460355758667,0.012439735233783722
185,Tony Maserati,SNAP,-16.120638,-12.855037,-10.47994613647461,8.311320304870605,0.00951285008341074,-0.04511379450559616,2.511699676513672,0.5002492666244507,0.0026448145374937736,4.492510065715206,4.387779235839844,7.497298240661621,-6.637239933013916,0.020063165575265884,-0.4791603982448578,-0.01268737856298685,0.10448706150054932,8.071150779724121,6.8841776847839355,1329.5489501953125,2359.76416015625,2.3045341968536377,0.01799587719142437,0.11555861681699753,0.04743321239948273,0.08891009539365768,0.09067975729703903,0.09169328957796097,0.07824341207742691,0.0657559409737587,0.04099779576063156,0.024372659623622894,0.005847197026014328
186,Tony Maserati,Call My Name,-11.978174,-10.3499,-8.293394088745117,9.876850128173828,0.017599936574697495,-0.011709148995578289,1.2299418449401855,0.500061571598053,-0.010790094645002222,8.67571986283074,3.6545379161834717,5.38405179977417,-7.276203632354736,-0.024027757346630096,-0.7573903203010559,0.014162546955049038,0.09391607344150543,7.466536045074463,9.675690650939941,785.306640625,1525.9739990234375,2.5090036392211914,0.016840919852256775,0.16118940711021423,0.08058764785528183,0.14937879145145416,0.13521933555603027,0.12119310349225998,0.08657523989677429,0.06884775310754776,0.041832663118839264,0.025719577446579933,0.007602099794894457
187,Tony Maserati,Lose Control - Strings Version,-11.960063,-8.448824,-7.437081813812256,3.5939717292785645,0.027387401089072227,0.005987129639834166,0.3726167678833008,0.5001125335693359,0.0025694756746956586,22.670859819970143,3.336252212524414,4.216483116149902,-7.518653869628906,0.08148664236068726,-0.6667363047599792,0.01588340289890766,0.10740470141172409,8.039679527282715,5.1596527099609375,1224.5423583984375,2413.9248046875,1.9596329927444458,0.01707461290061474,0.251078724861145,0.1076791062951088,0.17310205101966858,0.15784287452697754,0.14357517659664154,0.12279488146305084,0.09924337267875671,0.06868217885494232,0.04673217609524727,0.010849312879145145
188,Tony Maserati,The Show - with JJ Lin,-8.730977,-8.403304,-7.957668304443359,5.635349273681641,0.017069639638066292,0.11121345311403275,0.6557579040527344,0.4999256134033203,0.0024462188090306966,3.7846319635461714,4.137299537658691,4.82209587097168,-6.519824504852295,-0.005825028754770756,-0.46345484256744385,-1.3204959941504057e-05,0.13494831323623657,8.536185264587402,7.1295881271362305,1607.4713134765625,3370.2177734375,1.8162294626235962,0.023326056078076363,0.16646943986415863,0.07301538437604904,0.10618976503610611,0.1214362159371376,0.14049500226974487,0.13311608135700226,0.10208825767040253,0.07090862095355988,0.050062526017427444,0.017680982127785683
189,Tony Maserati,Million To One - from the Amazon Original Movie Cinderella,-12.560652,-11.72579,-10.089061737060547,6.4347405433654785,0.010559245944023132,-0.10502739250659943,0.940467357635498,0.5000520348548889,0.0116078819581165,4.859225958275592,3.9298839569091797,5.234300136566162,-6.991515159606934,-0.02326180785894394,-0.5519204139709473,0.008871186524629593,0.0992145836353302,7.837708473205566,11.872661590576172,1289.451904296875,2423.654541015625,2.496587038040161,0.01603041961789131,0.12934832274913788,0.05111394450068474,0.07992454618215561,0.10245265066623688,0.09360305964946747,0.09601031243801117,0.07884126156568527,0.05137810483574867,0.03443021699786186,0.007971792481839657
190,Tony Maserati,Never Be Mine,-12.053806,-11.048545,-9.09508991241455,10.65322208404541,0.016445009037852287,-0.012796946801245213,0.566370964050293,0.49995753169059753,-0.026470146539296423,6.726506053478983,3.5930049419403076,4.3547844886779785,-6.758908748626709,-0.1397073119878769,-0.5336444973945618,-0.05021676421165466,0.07058679312467575,7.10991907119751,42.94316482543945,867.3666381835938,1556.7969970703125,4.481217861175537,0.012516467832028866,0.20987246930599213,0.10031380504369736,0.12172184139490128,0.09814979881048203,0.1061977818608284,0.100568026304245,0.09298164397478104,0.05212407559156418,0.025083689019083977,0.0048347413539886475
191,Tony Maserati,Jealous,-15.896471,-15.2869835,-14.511223793029785,6.049598693847656,0.004259762354195118,0.032948967069387436,1.333850383758545,0.4998290240764618,-0.009375713832928621,8.246556893465124,4.108110427856445,6.012949466705322,-6.963130474090576,0.01651877537369728,-0.5508672595024109,-0.0003924284246750176,0.13849377632141113,8.578304290771484,3.128108024597168,1830.654541015625,3794.8544921875,1.5305829048156738,0.021259477362036705,0.09665563702583313,0.03743842989206314,0.06671274453401566,0.054883215576410294,0.05344816669821739,0.05008219555020332,0.044310588389635086,0.03588218614459038,0.02459879033267498,0.008121893741190434
192,Tony Maserati,The Feels,-13.297882,-7.758897,-6.377079010009766,4.331928253173828,0.0242915041744709,-0.05014226585626602,0.5705733299255371,0.5002123117446899,-0.007226672145351174,6.307597036685812,4.0646138191223145,5.237375736236572,-6.9833526611328125,0.007625052705407143,-0.46044349670410156,-0.0009005264146253467,0.1710575670003891,8.87331771850586,3.025933027267456,2322.2587890625,4929.18017578125,1.2580426931381226,0.029338568449020386,0.21312689781188965,0.07794486731290817,0.1494702845811844,0.14917495846748352,0.13323117792606354,0.1216069683432579,0.11439947783946991,0.08717691153287888,0.06779274344444275,0.02385791577398777
193,Tony Maserati,Rhythm Nation  You Gotta Be,-12.475888,-10.541978,-8.741128921508789,9.966495513916016,0.014953173696994781,0.07497651875019073,1.4359230995178223,0.5000697374343872,0.02340369032122303,8.158937680632675,4.09886360168457,7.655867099761963,-7.26732063293457,-0.03464072197675705,-0.5352817177772522,-0.004985710605978966,0.12851060926914215,8.438312530517578,5.816715717315674,1756.5211181640625,3312.44970703125,1.800797462463379,0.01983165368437767,0.1546572893857956,0.057077523320913315,0.11932600289583206,0.11183855682611465,0.10616694390773773,0.09845246374607086,0.09000009298324585,0.0670691579580307,0.043373554944992065,0.012104596011340618
194,Tony Maserati,Everything To Everyone - Extended Version,-13.494351,-11.753217,-9.361618995666504,8.571208953857422,0.010438213124871254,0.042788464576005936,1.511021614074707,0.499993234872818,-0.060855823837475946,3.0542143181174293,3.9010024070739746,5.680486679077148,-7.009130477905273,0.11510056257247925,-0.4286063611507416,0.03494866564869881,0.08665046840906143,7.540663719177246,22.719242095947266,1260.5804443359375,1937.2706298828125,3.299619436264038,0.013787483796477318,0.07371672987937927,0.030954932793974876,0.07517273724079132,0.0940098986029625,0.10470716655254364,0.10516250133514404,0.09067662060260773,0.046937160193920135,0.023591680452227592,0.004608733579516411
195,Tony Maserati,Lie,-16.880754,-12.281964,-8.415515899658203,8.780376434326172,0.01698845811188221,0.013774558901786804,0.7702150344848633,0.5000336170196533,-0.003614457363686663,6.706027262046103,3.546480894088745,5.463323593139648,-8.998353958129883,0.049557577818632126,-0.4709961414337158,0.009820431470870972,0.11133086681365967,7.9753570556640625,9.587689399719238,1413.3939208984375,2448.87353515625,2.3335187435150146,0.018986647948622704,0.2025436908006668,0.07899438589811325,0.14757491648197174,0.1012110486626625,0.08931762725114822,0.08533696085214615,0.07420868426561356,0.05597938597202301,0.03097246214747429,0.0104898139834404
196,Tony Maserati,What Can I Do,-14.936399,-12.721238,-10.222871780395508,12.367467880249023,0.012610405683517456,0.14248421788215637,1.0561919212341309,0.4998997449874878,-0.0342873308625278,8.973697762907012,3.4911744594573975,5.31618070602417,-7.227299690246582,0.034437939524650574,-0.6659488677978516,-0.04012041911482811,0.06838345527648926,6.602569103240967,36.591590881347656,745.82470703125,1113.7816162109375,4.391794681549072,0.012917350977659225,0.15282799303531647,0.060796044766902924,0.12660810351371765,0.12104211002588272,0.11509006470441818,0.08213774114847183,0.04459105059504509,0.021026650443673134,0.012467533349990845,0.003384683281183243
197,Tony Maserati,By The Way,-12.530469,-10.955285,-9.323759078979492,8.259527206420898,0.01263111736625433,-0.007306991145014763,1.8948454856872559,0.5002142786979675,-0.004621205819820265,5.801600147950222,4.054905891418457,6.18304967880249,-6.675189018249512,-0.03386683762073517,-0.5297033786773682,0.004009127151221037,0.11678982526063919,8.05519962310791,9.330668449401855,1474.7149658203125,2770.3876953125,2.3291547298431396,0.020618129521608353,0.1353643834590912,0.04175231605768204,0.1033393070101738,0.10055696219205856,0.10835296660661697,0.09328880906105042,0.07822851836681366,0.053838759660720825,0.031815771013498306,0.010553690604865551
198,Tony Maserati,West Coast,-11.519249,-8.8735075,-6.032620429992676,9.39681625366211,0.01827191188931465,0.05598154664039612,0.423875093460083,0.49948468804359436,-0.08681588177013069,2.8318482274144725,3.7822651863098145,4.503586769104004,-7.4361395835876465,0.09160973131656647,-0.3612026274204254,-0.004460751079022884,0.12981313467025757,8.740391731262207,4.4256134033203125,2100.278076171875,3833.650146484375,1.7630994319915771,0.018789704889059067,0.14263968169689178,0.05819861590862274,0.12130562961101532,0.11043345928192139,0.1250711977481842,0.13486893475055695,0.1264362782239914,0.09765814244747162,0.05826933681964874,0.016116881743073463
199,Tony Maserati,Girl,-20.568523,-20.22735,-20.06648063659668,3.354459762573242,0.0012165183434262872,0.009350785985589027,1.353719711303711,0.49998897314071655,0.011033055777764898,27.944595355404687,4.390293121337891,7.653789043426514,-7.296176910400391,-0.06311045587062836,-0.8521493673324585,0.02498527243733406,0.09934769570827484,8.306314468383789,5.828835964202881,1291.2667236328125,2353.584228515625,2.134312868118286,0.01461850106716156,0.0375891774892807,0.01733342930674553,0.03531976416707039,0.03655292093753815,0.03407127782702446,0.031978897750377655,0.029370814561843872,0.021209372207522392,0.01132518332451582,0.0023082923144102097
200,Tony Maserati,MIESES LEBEN  WOLKEN (feat. Haiyti),-17.476833,-13.22922,-11.691822052001953,8.917619705200195,0.008575777523219585,0.0015973036643117666,2.1499481201171875,0.5000243186950684,0.031300553730288116,7.606353671944743,4.208075046539307,6.44675350189209,-7.137200832366943,0.02173910103738308,-0.7026682496070862,-0.03789479658007622,0.11713285744190216,8.178192138671875,9.876108169555664,1590.634521484375,2739.572021484375,2.2658534049987793,0.019410884007811546,0.11441526561975479,0.04664775729179382,0.0847121998667717,0.09913018345832825,0.09305274486541748,0.07085219025611877,0.05366295203566551,0.03787289559841156,0.022515062242746353,0.006468232721090317
201,Tony Maserati,Million To One  Could Have Been Me (Reprise),-22.149412,-16.217554,-8.04334831237793,9.095891952514648,0.013165280222892761,0.009604820050299168,1.8972716331481934,0.4999997913837433,-0.014581799023082856,6.531968480590787,3.9027771949768066,5.644716262817383,-8.726201057434082,0.04066063091158867,-0.5664774179458618,-0.01100665982812643,0.13092303276062012,8.3636474609375,5.451493263244629,2291.456787109375,3618.88671875,1.919866919517517,0.021676577627658844,0.11605372279882431,0.05069485306739807,0.10138024389743805,0.10318183898925781,0.1030893474817276,0.09862353652715683,0.08439931273460388,0.061029378324747086,0.03566265478730202,0.008990062400698662
202,Tony Maserati,DeLorean,-15.942482,-11.121759,-7.364047050476074,4.161271095275879,0.02148282714188099,-0.023719949647784233,0.6355481147766113,0.5000039935112,-0.00012933671323705624,9.186174546768509,4.331291198730469,8.32083511352539,-6.927781581878662,0.015168625861406326,-0.6436263918876648,0.013022158294916153,0.13499446213245392,8.55398178100586,2.6802213191986084,1714.1494140625,3093.6044921875,1.604621171951294,0.023856446146965027,0.1841873675584793,0.0777616873383522,0.14275498688220978,0.14663057029247284,0.15570177137851715,0.13255375623703003,0.10705704241991043,0.07292906194925308,0.0469212681055069,0.014847191981971264
203,Tony Maserati,ASAP,-9.952067,-9.132302,-8.48577880859375,6.947319030761719,0.02388429082930088,0.011958787217736244,0.31721925735473633,0.5000532865524292,-0.051323342612706394,12.902546932672895,3.649487018585205,4.38421630859375,-6.942461967468262,-0.013073855079710484,-0.7164373993873596,-0.03573526069521904,0.11432639509439468,7.968935489654541,6.367020130157471,942.8786010742188,2000.172119140625,2.0739386081695557,0.022505149245262146,0.26250314712524414,0.09576816856861115,0.17668049037456512,0.13924644887447357,0.12306453287601471,0.09659360349178314,0.06942173838615417,0.05110165476799011,0.0325407013297081,0.010797329246997833
204,Tony Maserati,Score Suite,-19.374533,-17.00875,-11.297420501708984,17.98879051208496,0.004601782187819481,0.15031997859477997,4.1038818359375,0.4998992681503296,0.02712099248956546,1.5289479200588738,3.6161115169525146,12.447819709777832,-6.795229911804199,0.023236466571688652,-0.21181856095790863,0.01437211874872446,0.06667384505271912,7.150681972503662,21.455968856811523,1005.58349609375,1591.7801513671875,3.772073268890381,0.009527518413960934,0.05184919014573097,0.020063048228621483,0.05307795852422714,0.06718916445970535,0.06541136652231216,0.0603727363049984,0.04017771780490875,0.024861061945557594,0.011527037248015404,0.002031878801062703
205,Tony Maserati,"Una Noche en Npoles (feat. Lila Downs, Nia Pastori & Soledad)",-26.466854,-25.97751,-23.763607025146484,9.573432922363281,0.0005682566552422941,0.05972275882959366,1.4045987129211426,0.4999949038028717,-1.457004357714597e-05,1497.0697468811363,3.891662120819092,5.463873863220215,-9.054118156433105,-0.0032963675912469625,-0.6102978587150574,-0.003279763041064143,0.09373237937688828,8.016308784484863,7.103205680847168,1064.479248046875,1834.176025390625,2.384108304977417,0.015351892448961735,0.024706097319722176,0.010900614783167839,0.02120811864733696,0.023683203384280205,0.02493521384894848,0.02076793648302555,0.015965213999152184,0.009492361918091774,0.004865186754614115,0.0012161789927631617
206,Tony Maserati,Heartbeat,-13.567459,-12.946332,-11.937451362609863,5.130043983459473,0.008598417975008488,0.06055048480629921,0.8308050632476807,0.4999500811100006,1.6557391561779271e-06,465.3868776478897,4.00777006149292,4.903676986694336,-9.01263427734375,0.002585576381534338,-0.6182295680046082,-0.001933424617163837,0.11025166511535645,8.374140739440918,4.620962142944336,1389.234375,2605.118896484375,1.9593539237976074,0.017536381259560585,0.10966476798057556,0.038021769374608994,0.09574560821056366,0.08345475047826767,0.09230131655931473,0.07891866564750671,0.07591138780117035,0.052772920578718185,0.03165168687701225,0.00744269136339426
207,Tony Maserati,Hallelujah,-14.375165,-12.9826355,-8.528465270996094,10.994680404663086,0.012455443851649761,0.028896505013108253,1.3499321937561035,0.4999604821205139,-0.05279750497491274,3.775810863435593,4.999989986419678,6.247722148895264,-6.566224098205566,0.04905257746577263,-0.4726056158542633,-0.020456289872527122,0.11368103325366974,8.179191589355469,9.45777416229248,1884.218994140625,3080.731689453125,2.369769811630249,0.01757628098130226,0.12431737035512924,0.053099215030670166,0.0891227275133133,0.08768566697835922,0.10315897315740585,0.10213837027549744,0.10179505497217178,0.06170801445841789,0.038192469626665115,0.007795938290655613
208,Tony Maserati,Mo Money Mo Problems (feat. Puff Daddy & Mase) - Radio Mix 2014 Remaster,-14.706076,-13.110391,-11.669013977050781,2.282705307006836,0.008661152794957161,0.059755340218544006,3.0001187324523926,0.4999959170818329,0.012085633157665766,10.467570945419842,4.711475849151611,7.1844162940979,-6.9422430992126465,0.013003719970583916,-0.5616644620895386,-0.03228210657835007,0.15867146849632263,8.825257301330566,1.3420840501785278,2161.584716796875,4238.39111328125,1.3100403547286987,0.02669890783727169,0.11910415440797806,0.03321877866983414,0.09076984226703644,0.08613131195306778,0.07045980542898178,0.06539661437273026,0.05577080696821213,0.04620629921555519,0.033412568271160126,0.011055623181164265
209,Tony Maserati,Tattoos,-35.69078,-26.495907,-18.17765998840332,10.555704116821289,0.0014564055018126965,0.009682939387857914,0.9566829204559326,0.4999406337738037,-0.13433146464552728,3.9153308417438306,3.8073761463165283,5.1386823654174805,-11.17302417755127,0.08515090495347977,-0.5692217350006104,0.0022067183163017035,0.15365071594715118,8.25387191772461,10.61922550201416,2621.374755859375,4193.45654296875,1.9583046436309814,0.02774333953857422,0.04448878392577171,0.01520805899053812,0.03164064139127731,0.03427877277135849,0.03631813824176788,0.03430541977286339,0.028307029977440834,0.01736685261130333,0.013101335614919662,0.004130486864596605
210,Tony Maserati,Attention,-13.920498,-12.12126,-8.749662399291992,12.724684715270996,0.013503179885447025,0.0021677780896425247,2.1577444076538086,0.49999210238456726,0.030150881314069858,6.216216417910448,4.267898082733154,6.366321086883545,-6.63040828704834,-0.04671735316514969,-0.5145007967948914,-0.005872058682143688,0.13545799255371094,8.63072395324707,5.456089973449707,1895.344482421875,3583.840087890625,1.7574228048324585,0.021524932235479355,0.13049860298633575,0.03907133266329765,0.09737680852413177,0.09948668628931046,0.11369138956069946,0.09560518711805344,0.07996392250061035,0.056439246982336044,0.040453873574733734,0.013163631781935692
211,Tony Maserati,Get U,-12.233549,-9.130537,-9.046303749084473,2.3316845893859863,0.02059772051870823,0.0025299855042248964,0.8069617748260498,0.49996402859687805,-0.0075554779271142635,29.54022962120266,3.6732630729675293,5.009322643280029,-8.96121597290039,0.004325579851865768,-0.8805748224258423,-0.030894143506884575,0.08650326728820801,7.4300618171691895,12.077691078186035,992.8260498046875,1513.3729248046875,2.832751989364624,0.01625743694603443,0.22784394025802612,0.0767216756939888,0.18164972960948944,0.1455938220024109,0.11940829455852509,0.0946563333272934,0.06116204708814621,0.03593698516488075,0.02079715020954609,0.005409999750554562
212,Tony Maserati,Dream Girl - Nile Rodgers Remix,-13.148897,-11.038744,-8.983025550842285,4.362517356872559,0.016037307679653168,0.0116413040086627,0.8479578495025635,0.49996569752693176,-0.007516660296331681,14.802014040006846,4.300400733947754,5.372018814086914,-7.541757106781006,-0.04204278811812401,-0.629680335521698,-0.003198182675987482,0.17862160503864288,9.015128135681152,0.4093377888202667,2696.198486328125,5060.9140625,0.9790489077568054,0.027198921889066696,0.21428294479846954,0.08601311594247818,0.12094906717538834,0.09830578416585922,0.08861833065748215,0.08322477340698242,0.09429051727056503,0.07489416003227234,0.05887376144528389,0.01947030797600746
213,Tony Maserati,Don't Tell My Mo,-12.472785,-11.270315,-9.832364082336426,9.305279731750488,0.012590192258358002,0.01397810596972704,1.991844654083252,0.5000867247581482,-0.06285376240844835,4.3529579875745865,3.8276257514953613,5.494516372680664,-6.781957626342773,0.07238161563873291,-0.5906293988227844,-0.007813484407961369,0.09150706976652145,7.480515480041504,13.810051918029785,1011.2704467773438,1743.939697265625,2.839015245437622,0.016383809968829155,0.14828619360923767,0.051896847784519196,0.13295093178749084,0.09971287101507187,0.10289108008146286,0.07654906809329987,0.05997685715556145,0.03315955400466919,0.020186645910143852,0.005627546925097704
214,Tony Maserati,Stay Above,-12.3825865,-9.4600525,-7.891803741455078,7.581676483154297,0.015984948724508286,-0.023431824520230293,1.2324786186218262,0.4999408721923828,-0.019370931868697226,7.425229168718917,4.276893138885498,6.486868381500244,-7.068528652191162,-0.0018540068995207548,-0.5783424377441406,-0.021316586062312126,0.1336735337972641,8.42886734008789,3.7126615047454834,1847.281494140625,3441.392822265625,1.7144073247909546,0.021635692566633224,0.12306394428014755,0.048102084547281265,0.09300146251916885,0.1095028892159462,0.1293986588716507,0.11750741302967072,0.10980980098247528,0.0702008530497551,0.04435500502586365,0.014465241692960262
215,Tony Maserati,Shining Star,-13.628557,-11.392739,-7.897933006286621,14.101272583007812,0.014575809240341187,0.04569835588335991,1.833536148071289,0.49989473819732666,0.012801608686211434,6.7704673859093605,4.265303611755371,6.827572345733643,-7.273591995239258,0.012433702126145363,-0.49550873041152954,0.004201902076601982,0.12906260788440704,8.222419738769531,13.085565567016602,1887.1986083984375,3503.885986328125,2.249160051345825,0.020956996828317642,0.11044736206531525,0.04144643247127533,0.10138020664453506,0.1132948100566864,0.11254079639911652,0.10479643940925598,0.0893474742770195,0.06824737787246704,0.04269178584218025,0.014498102478682995
216,Tony Maserati,TNT (feat. Tua),-19.25707,-14.255095,-9.08366584777832,4.854956150054932,0.015702057629823685,0.08925536274909973,0.5982449054718018,0.5000082850456238,0.008208325618972279,6.556864396955438,4.0855393409729,43.96029281616211,-13.326878547668457,-0.009158405475318432,-0.48453375697135925,0.016210265457630157,0.12210337072610855,8.146203994750977,11.791816711425781,1777.3837890625,2936.1826171875,2.338657855987549,0.02196577750146389,0.17376375198364258,0.06739380955696106,0.11134008318185806,0.11616519093513489,0.11902270466089249,0.10803327709436417,0.08170498162508011,0.052855052053928375,0.0299137644469738,0.008747969754040241
217,Tony Maserati,Perfect (Reprise),-22.501547,-15.920739,-10.887290000915527,17.038599014282227,0.004900713916867971,0.023201895877718925,4.857316493988037,0.5000064373016357,0.11677139287795656,1.541705341050784,3.4780173301696777,6.049506664276123,-8.631484031677246,-0.1027376800775528,-0.3566283881664276,-0.02667221985757351,0.06960868835449219,6.5840325355529785,68.56270599365234,1482.1949462890625,1926.0238037109375,5.796287536621094,0.009683070704340935,0.04084521532058716,0.016508610919117928,0.04268692806363106,0.06550329923629761,0.07620596140623093,0.0703185647726059,0.042115338146686554,0.02247573994100094,0.01095174066722393,0.0015499631408602
218,Tony Maserati,Million To One - Remix,-13.300818,-11.21168,-9.300891876220703,6.135494709014893,0.013448743149638176,-0.06818176805973053,0.9692583084106445,0.5000264048576355,0.006381937540990608,5.857633105793564,3.952517032623291,6.180474281311035,-7.477077007293701,0.00024482636945322156,-0.5267543196678162,0.0039881328120827675,0.13130013644695282,8.340042114257812,6.519229888916016,1852.056884765625,3510.11865234375,1.7411092519760132,0.02126292884349823,0.1791616678237915,0.06999839097261429,0.10575621575117111,0.10735347121953964,0.09324433654546738,0.0901031419634819,0.07739091664552689,0.06132299825549126,0.044409751892089844,0.01276205200701952
219,Tony Maserati,This Is Me Letting You Go,-10.788419,-9.43467,-8.629440307617188,4.23772668838501,0.01627611555159092,-0.0072312443517148495,1.081634521484375,0.5001676082611084,0.015094808002355098,16.82825662356335,4.426133155822754,5.333444118499756,-7.382744312286377,-0.06839286535978317,-0.8248780369758606,-0.039571069180965424,0.1041625440120697,8.087015151977539,8.44239330291748,1440.8673095703125,2505.990966796875,2.296097993850708,0.015603257343173027,0.11219130456447601,0.038796305656433105,0.1011027842760086,0.12908786535263062,0.14536996185779572,0.12685741484165192,0.11051025241613388,0.07063081115484238,0.037404339760541916,0.009978285059332848
220,Tony Maserati,Show Me Love (America) - 2021 Master,-11.0367,-10.086143,-6.962873458862305,11.255266189575195,0.018048228695988655,0.005341191776096821,0.7244093418121338,0.5000317692756653,0.07784376266848167,3.5840428510579008,3.659801959991455,4.558030128479004,-6.4881744384765625,-0.08190086483955383,-0.4485705494880676,-0.00038079541991464794,0.1241312026977539,8.446660041809082,5.818073272705078,1332.4107666015625,2953.438232421875,1.8823531866073608,0.02061503566801548,0.16508974134922028,0.07516137510538101,0.1398075819015503,0.13845790922641754,0.1244298666715622,0.10853150486946106,0.08843763917684555,0.07018940150737762,0.04876960068941116,0.01408817432820797
221,Tony Maserati,Higher (feat. Lukas Graham),-12.71512,-9.698931,-8.698219299316406,5.112791538238525,0.017631232738494873,0.01844121515750885,1.3914332389831543,0.49986034631729126,-0.003153510365268684,13.309918936556533,4.245830059051514,5.802069187164307,-8.053117752075195,0.017770811915397644,-0.6249765157699585,0.0038032715674489737,0.1253262609243393,8.374539375305176,7.6147260665893555,1661.9610595703125,3047.552001953125,1.9397937059402466,0.019353337585926056,0.17282935976982117,0.07840324193239212,0.11993954330682755,0.11058169603347778,0.10737589001655579,0.10268464684486389,0.08755699545145035,0.06328645348548889,0.03856067731976509,0.011253878474235535
222,Tony Maserati,KING,-14.256903,-12.150886,-11.29761791229248,3.790559768676758,0.012966140173375607,-0.013861846178770065,0.3982682228088379,0.5000482201576233,0.009856166520993212,9.443545015402771,3.4955296516418457,4.588988304138184,-7.25343132019043,0.026822172105312347,-0.6138056516647339,-0.009631050750613213,0.07841795682907104,7.585295677185059,16.12393569946289,858.381591796875,1411.9571533203125,3.0957798957824707,0.013528297655284405,0.20749925076961517,0.098970428109169,0.10079983621835709,0.09299728274345398,0.10982967913150787,0.09898867458105087,0.06719238311052322,0.036567140370607376,0.01854313351213932,0.004074297845363617
223,Tony Maserati,Moon,-10.547452,-9.487528,-8.878303527832031,3.0219340324401855,0.020795060321688652,-0.05703957751393318,0.34255003929138184,0.5002396702766418,-0.047550940757416095,11.772848318687904,3.7016847133636475,4.122359752655029,-7.007746696472168,-0.0027220940683037043,-0.6882449984550476,-0.03143558278679848,0.09019061923027039,7.444757461547852,25.277999877929688,782.4332885742188,1601.336669921875,3.1480836868286133,0.017015235498547554,0.23531965911388397,0.10638870298862457,0.15124860405921936,0.15687578916549683,0.15393733978271484,0.10353689640760422,0.06430304795503616,0.04056478291749954,0.028073178604245186,0.008408603258430958
224,Tony Maserati,Catching A Drea,-14.442981,-13.336712,-10.941032409667969,11.246410369873047,0.0083627263084054,0.07588595151901245,3.6775574684143066,0.49988245964050293,-0.04124825889728459,3.9109589640946223,4.519753932952881,6.241298675537109,-7.2981085777282715,0.016424326226115227,-0.4530545175075531,-0.003984194714576006,0.14491459727287292,8.619450569152832,4.516033172607422,1764.7452392578125,3772.558349609375,1.5916082859039307,0.025047993287444115,0.12022578716278076,0.04283275827765465,0.09385308623313904,0.07940466701984406,0.06761249154806137,0.062425728887319565,0.050843026489019394,0.044335946440696716,0.029740650206804276,0.011056026443839073
225,Tony Maserati,Home Movies - Acoustic,-12.550633,-10.88745,-9.439319610595703,7.214705467224121,0.0143791064620018,-0.020189611241221428,1.4138798713684082,0.5000489950180054,0.028215882172015826,7.166792877684404,3.762134313583374,5.042163372039795,-7.082900047302246,-0.057345662266016006,-0.6006700992584229,0.0071548414416611195,0.10280637443065643,7.680755615234375,8.26137638092041,1002.6771240234375,2006.901123046875,2.3121554851531982,0.018171263858675957,0.1447335034608841,0.05671737715601921,0.12521995604038239,0.12594333291053772,0.12362950295209885,0.08996555954217911,0.06856093555688858,0.04573490843176842,0.028739146888256073,0.009663043543696404
226,Tony Maserati,In The Kitchen,-19.715626,-18.538475,-16.675722122192383,10.285446166992188,0.0025909729301929474,0.036768533289432526,1.6434826850891113,0.49995648860931396,-0.03978011440706798,5.760710256832807,3.7598767280578613,5.68515682220459,-6.92671537399292,0.02792736515402794,-0.5507054924964905,-0.03354056924581528,0.07962382584810257,7.391942501068115,23.41938591003418,1140.6334228515625,1782.83984375,3.4488461017608643,0.011979944072663784,0.06750930845737457,0.02954641357064247,0.037540972232818604,0.04466032236814499,0.04950138181447983,0.04664262756705284,0.03294503688812256,0.02106870338320732,0.010597298853099346,0.0022539496421813965
227,Tony Maserati,Mo Money Mo Problems (feat. Puff Daddy & Mase) - Instrumental 2014 Remaster,-15.959532,-14.331749,-12.96286678314209,3.175490379333496,0.007303985767066479,0.0333382822573185,5.165820121765137,0.4999811351299286,0.0330869247703201,14.17359026030661,5.293867588043213,9.073720932006836,-6.625407695770264,0.037473030388355255,-0.5540136098861694,-0.036365605890750885,0.1732555478811264,8.794472694396973,1.3284368515014648,3036.58544921875,5206.46044921875,1.2313625812530518,0.029065636917948723,0.11845692247152328,0.03445359319448471,0.0846569836139679,0.06685180217027664,0.043976183980703354,0.03719549998641014,0.03498629108071327,0.03587101772427559,0.02656259946525097,0.009714960120618343
228,Tony Maserati,Perfect,-18.472961,-15.450697,-10.850835800170898,12.034420013427734,0.008288069628179073,-0.007078962866216898,3.3241477012634277,0.5000330805778503,0.027375745019340803,8.540793102205473,4.024572849273682,6.618001461029053,-7.6602888107299805,-0.059206489473581314,-0.6180691719055176,0.012919528409838676,0.11670196801424026,7.873969554901123,11.310013771057129,1715.90966796875,2994.5537109375,2.445854425430298,0.019407056272029877,0.10020454227924347,0.037964094430208206,0.07954096794128418,0.08206713944673538,0.08611924201250076,0.07530715316534042,0.05824608728289604,0.040016058832407,0.025969363749027252,0.008930614218115807
229,Tony Maserati,Impurities,-15.758373,-11.010914,-9.27729320526123,6.371452331542969,0.01549025159329176,-0.0060814362950623035,1.2589983940124512,0.5000677108764648,-0.05193399953602063,7.815794859602411,3.7670867443084717,5.278606414794922,-8.259719848632812,0.027133215218782425,-0.5474082827568054,-0.02294786088168621,0.12321013957262039,8.222657203674316,8.593027114868164,1513.080810546875,2707.9228515625,2.0121068954467773,0.020726943388581276,0.18552266061306,0.07517380267381668,0.13433349132537842,0.12337290495634079,0.11228422075510025,0.0870661661028862,0.06626243889331818,0.047659438103437424,0.033979643136262894,0.010189825668931007
230,Tony Maserati,Slow Dance (feat. Ava Max),-17.440298,-13.060844,-10.319914817810059,12.226163864135742,0.009253173135221004,0.0907699465751648,2.8147120475769043,0.5000389218330383,-0.01907942054154169,7.383510601827048,4.123178005218506,7.120691299438477,-9.215981483459473,0.04099511355161667,-0.5533424615859985,-0.0073539698496460915,0.12985901534557343,8.22944450378418,8.874312400817871,1817.8590087890625,3258.06005859375,2.0268337726593018,0.022175047546625137,0.11478708684444427,0.04714840650558472,0.07350710034370422,0.07899829745292664,0.08709165453910828,0.08204733580350876,0.06684053689241409,0.05044891685247421,0.031977202743291855,0.010117616504430771
231,Tony Maserati,I'm Not Dead Yet,-20.349918,-15.833427,-9.988741874694824,7.075618743896484,0.013035514391958714,0.027812812477350235,2.549137592315674,0.4999454915523529,-0.05674664661392824,7.890940071064049,4.446054935455322,5.357295989990234,-6.7577223777771,0.042606107890605927,-0.5390025973320007,-0.010662089101970196,0.1240941509604454,8.189082145690918,11.529897689819336,1788.5667724609375,3048.89404296875,2.1908445358276367,0.020914729684591293,0.1363760232925415,0.05326669290661812,0.11191783845424652,0.098108671605587,0.10758567601442337,0.08319838345050812,0.06478807330131531,0.04133841395378113,0.027568304911255836,0.008826060220599174
232,Tony Maserati,Never Change,-11.622308,-10.439672,-9.157092094421387,7.353015899658203,0.011036917567253113,0.011316642165184021,1.0593485832214355,0.499979704618454,-0.007698862965994855,2.2001869241475993,3.774195909500122,5.146703720092773,-6.787079334259033,-0.019408777356147766,-0.5266178250312805,-0.003220491809770465,0.07642117142677307,7.299632549285889,28.641342163085938,915.9312133789062,1680.03662109375,3.712830066680908,0.012131553143262863,0.09624361246824265,0.03030216693878174,0.1045367643237114,0.10771576315164566,0.13649950921535492,0.09850110858678818,0.07175276428461075,0.04249710217118263,0.022384531795978546,0.00604710029438138
233,Tony Maserati,Let's Get Loud,-12.222864,-10.889658,-8.454042434692383,7.653236389160156,0.017699137330055237,0.027791114524006844,1.0298700332641602,0.49998214840888977,-0.010876753013192072,16.726098084323148,4.118219375610352,4.970616340637207,-7.405855178833008,0.03000977821648121,-0.6600833535194397,0.003529271576553583,0.13969244062900543,8.49077033996582,3.6554198265075684,1798.562744140625,3442.984130859375,1.5955181121826172,0.022748606279492378,0.17426392436027527,0.06140953674912453,0.11456307768821716,0.10474354028701782,0.10670337080955505,0.10551857203245163,0.10343167185783386,0.07206550985574722,0.046283379197120667,0.013853639364242554
234,Tony Maserati,No-Return (Into the unknown),-8.882711,-7.7534366,-7.139249324798584,2.982491970062256,0.02346164733171463,-0.024218155071139336,0.4776461124420166,0.5006341934204102,0.017172732974560057,7.143337749639685,4.051290988922119,4.620362758636475,-6.893102645874023,-0.03526753559708595,-0.48001691699028015,0.007883071899414062,0.14242027699947357,8.547859191894531,2.1232118606567383,1811.907470703125,3481.748291015625,1.4590651988983154,0.02339601144194603,0.2336115837097168,0.0884828045964241,0.1712973564863205,0.14404630661010742,0.10779916495084763,0.09815333783626556,0.09255750477313995,0.07436173409223557,0.05193611606955528,0.016380326822400093
235,Tony Maserati,Everything To Everyone (Intro),-19.096361,-14.841162,-13.092309951782227,6.354030609130859,0.003884074278175831,0.15319593250751495,2.057093620300293,0.5000247359275818,0.01306237535065779,3.2873059174311194,5.2818989753723145,7.17624044418335,-7.457790374755859,-0.027081944048404694,-0.47937288880348206,1.9686949599417858e-05,0.1326354593038559,8.022147178649902,8.17290210723877,2003.4141845703125,2939.142578125,2.1926426887512207,0.02315206080675125,0.019759731367230415,0.0022127118427306414,0.018884113058447838,0.04493660479784012,0.06520271301269531,0.06918885558843613,0.06720013916492462,0.028947483748197556,0.015591117553412914,0.003912711050361395
236,Tony Maserati,barcelona,-12.052095,-11.692006,-11.472359657287598,4.080386161804199,0.009929101914167404,0.007981079630553722,1.3248319625854492,0.5000327825546265,-0.004397336207010549,7.545263028690511,4.08403205871582,5.702236175537109,-6.968803405761719,0.026825472712516785,-0.5434625148773193,0.0028171981684863567,0.11351107805967331,8.071575164794922,4.617049217224121,941.9863891601562,1987.408203125,1.9394739866256714,0.021081261336803436,0.12863031029701233,0.051238689571619034,0.12494033575057983,0.12053438276052475,0.09891938418149948,0.06981723010540009,0.04585616663098335,0.03176926076412201,0.02019800990819931,0.0070561901666224
237,Tony Maserati,Howling at the Moon,-15.893802,-13.06676,-10.689723014831543,10.3623046875,0.011946789920330048,-0.019082266837358475,2.3475451469421387,0.500005304813385,-0.005396883901004786,13.297500531150586,3.795917510986328,5.788973331451416,-7.76865816116333,-0.10936237871646881,-0.6287094354629517,0.008465958759188652,0.10169541835784912,7.813175678253174,9.464447021484375,1214.446044921875,2080.328857421875,2.553556442260742,0.018842531368136406,0.14221422374248505,0.05919692665338516,0.09033603221178055,0.09458772093057632,0.08596198260784149,0.07796825468540192,0.053239718079566956,0.033952515572309494,0.02168595977127552,0.006186062470078468
238,Tony Maserati,One By One,-14.160594,-12.613298,-9.318005561828613,11.820778846740723,0.010341387242078781,-0.007230047602206469,1.9796595573425293,0.4999786913394928,-0.009566601945194717,2.760982453404326,3.743673086166382,5.979607582092285,-6.630524635314941,0.09396059811115265,-0.4784778952598572,0.02301807701587677,0.07295610010623932,7.210450649261475,41.27992630004883,1014.4404907226562,1620.5987548828125,4.374252796173096,0.011436901986598969,0.11569269746541977,0.043596938252449036,0.07858047634363174,0.08817889541387558,0.10563386231660843,0.09395730495452881,0.07123671472072601,0.04380613937973976,0.021346207708120346,0.004388169851154089
239,Tony Maserati,Dream Girl,-15.41255,-12.341607,-8.782501220703125,12.321599960327148,0.01355347502976656,0.02425086870789528,2.129868507385254,0.49998146295547485,-0.009650963044062995,6.056248641803296,3.9530084133148193,6.051998615264893,-7.602660655975342,0.032648876309394836,-0.5169346928596497,-0.021261880174279213,0.11738482862710953,8.187554359436035,14.124667167663574,1775.655029296875,2928.37451171875,2.2873363494873047,0.01805528625845909,0.1443583071231842,0.05427169054746628,0.09483928233385086,0.08790889382362366,0.09368251264095306,0.09168118983507156,0.09007541090250015,0.06020606309175491,0.03492225334048271,0.00879785604774952
240,Tony Maserati,Shoe Made of Glass,-19.167933,-11.496814,-8.314826965332031,6.072327613830566,0.01557284127920866,0.04992374777793884,1.8448901176452637,0.4999699592590332,-0.017441088404760385,11.129804634046533,4.668584823608398,7.335905075073242,-9.051849365234375,-0.032156821340322495,-0.7025265097618103,-0.022831857204437256,0.15308013558387756,8.387748718261719,4.500222206115723,3139.437255859375,4616.3740234375,1.58476722240448,0.019752832129597664,0.1381128579378128,0.04079397767782211,0.09737104922533035,0.08484329283237457,0.0955861359834671,0.10110826045274734,0.09170667082071304,0.07098094373941422,0.046613652259111404,0.014300094917416573
241,Tony Maserati,Home Movies (feat. Mickey Guyton),-12.858462,-11.440548,-8.909521102905273,10.034398078918457,0.014296612702310085,-0.025253521278500557,1.5350775718688965,0.4999181628227234,-0.04229125386980027,5.424528104601913,3.9032957553863525,5.729943752288818,-7.077808856964111,0.03374199941754341,-0.5993003249168396,-0.012686949223279953,0.1040026843547821,7.8491597175598145,7.06843900680542,1009.8825073242188,1959.998291015625,2.2258453369140625,0.018918601796030998,0.150447815656662,0.052583035081624985,0.12096725404262543,0.12191590666770935,0.11240898817777634,0.09255794435739517,0.07112857699394226,0.04514839127659798,0.029099948704242706,0.009138090535998344
242,Tony Maserati,FAKE,-13.42986,-12.169659,-11.104581832885742,6.0465850830078125,0.011457429267466068,-0.048135966062545776,2.520094394683838,0.4999670684337616,-0.013136082850725992,19.550465937038005,3.9146761894226074,6.847610950469971,-7.134339809417725,0.02266210876405239,-0.8020029067993164,0.0020139298867434263,0.08680368959903717,7.735827445983887,13.316718101501465,1062.178466796875,1937.803466796875,2.651456832885742,0.013455327600240707,0.14348922669887543,0.06803624331951141,0.10525044053792953,0.10513531416654587,0.08747335523366928,0.06948878616094589,0.056948643177747726,0.0397968627512455,0.02294880338013172,0.005396863911300898
243,Tony Maserati,Holding Out for a Hero,-10.586467,-8.215385,-7.50792121887207,5.573121547698975,0.019986378028988838,0.0042863874696195126,0.2779707908630371,0.49996569752693176,-0.07548655541421734,4.804763024015733,3.6468868255615234,4.488144397735596,-7.448462009429932,0.03500469774007797,-0.44985732436180115,-0.034960560500621796,0.14089401066303253,8.6588716506958,9.065618515014648,1807.4681396484375,3981.09716796875,1.7056455612182617,0.02247540093958378,0.22695106267929077,0.08804520219564438,0.16944880783557892,0.14325577020645142,0.11225590109825134,0.09243759512901306,0.08616158366203308,0.07297239452600479,0.054519765079021454,0.019005101174116135
244,Tony Maserati,Lucirnagas,-15.343291,-13.993499,-10.72948932647705,11.50643539428711,0.01133393868803978,0.004754065535962582,3.449251174926758,0.5000579953193665,-0.005537459159883204,9.024665792629374,3.842172145843506,5.745438098907471,-7.177135944366455,0.01104996632784605,-0.5803771018981934,0.0038192865904420614,0.07221510261297226,7.152742385864258,25.464027404785156,707.0011596679688,1136.4375,3.6723241806030273,0.01334188412874937,0.12772493064403534,0.05787866562604904,0.0949801355600357,0.0929529219865799,0.08917548507452011,0.06916296482086182,0.04588080942630768,0.02365165576338768,0.012114256620407104,0.0032241158187389374
245,Jaycen Joshua,Fly Girl - Eliza Rose Remix,-8.742686,-8.025678,-7.818447113037109,3.235776424407959,0.027927357703447342,-0.01470869593322277,0.2528262138366699,0.5003517270088196,-0.14336130450401496,20.021218193449037,4.335639476776123,5.0797505378723145,-7.260498523712158,-0.003233330324292183,-0.7993899583816528,-0.15309949219226837,0.14834891259670258,8.257092475891113,5.201563358306885,2021.4200439453125,3677.433837890625,1.690055251121521,0.024585707113146782,0.27855008840560913,0.10423742979764938,0.17795224487781525,0.13233038783073425,0.10980728268623352,0.07828723639249802,0.07554314285516739,0.05663612112402916,0.04409492388367653,0.01817288063466549
246,Jaycen Joshua,Mal Acostumbrao,-14.510765,-9.900219,-8.481701850891113,3.4550275802612305,0.02043147012591362,-0.038427624851465225,0.586463451385498,0.5000602602958679,-0.03985456093556063,11.358994864005705,3.6953911781311035,4.444434642791748,-7.468319892883301,0.035517044365406036,-0.6865512728691101,0.011843155138194561,0.12310313433408737,7.7924675941467285,8.349845886230469,1467.53125,2583.567138671875,2.124821901321411,0.02185782790184021,0.21083582937717438,0.08598528802394867,0.15428631007671356,0.13611704111099243,0.1023743525147438,0.08635242283344269,0.06896575540304184,0.048957787454128265,0.03478637710213661,0.01123953890055418
247,Jaycen Joshua,TALK DIFFERENT,-10.08445,-9.255946,-6.629796981811523,12.109601974487305,0.060246385633945465,0.07750685513019562,-0.8956794738769531,0.4994834065437317,-0.0006827482840394459,98.94495328486492,2.536792755126953,3.137171983718872,-7.4414215087890625,0.16011498868465424,-0.6998962759971619,-0.01228675339370966,0.07656669616699219,6.937376022338867,28.9691104888916,424.92730712890625,835.7020874023438,3.44831919670105,0.014714090153574944,0.6083242297172546,0.25583499670028687,0.2413712739944458,0.1256304830312729,0.08736568689346313,0.06619851291179657,0.05281900241971016,0.03889454901218414,0.022688526660203934,0.007885807193815708
248,Jaycen Joshua,Only Me,-9.190994,-8.683103,-8.548060417175293,2.848215103149414,0.025685815140604973,0.024036576971411705,0.3278934955596924,0.501148521900177,-0.016584155037559684,50.902383674930235,3.6145853996276855,4.109419822692871,-7.1864166259765625,0.013542141765356064,-0.7576448917388916,-0.0050363303162157536,0.09802371263504028,7.732949256896973,10.937705039978027,800.3960571289062,1694.258056640625,2.524790048599243,0.01778797060251236,0.279701828956604,0.12659978866577148,0.18598376214504242,0.13811036944389343,0.12074698507785797,0.10017076134681702,0.07422000914812088,0.04965899884700775,0.03302372619509697,0.009884873405098915
249,Jaycen Joshua,Oh Nah,-12.639029,-11.434531,-9.338032722473145,14.179201126098633,0.017202166840434074,0.06993134319782257,1.8557491302490234,0.5003103613853455,-0.026710838465421844,15.922309034880646,4.262585639953613,5.545215129852295,-7.1297807693481445,0.06596913933753967,-0.7331030368804932,-0.05610300973057747,0.13104523718357086,8.294708251953125,10.032079696655273,1812.721435546875,3089.4482421875,1.9962289333343506,0.02090226300060749,0.1790618598461151,0.0669718012213707,0.11797202378511429,0.0968715026974678,0.09908895939588547,0.0864274799823761,0.0686962679028511,0.05145122855901718,0.03216129168868065,0.010538587346673012
250,Jaycen Joshua,HABITS,-9.491904,-8.642769,-7.385915756225586,4.007803440093994,0.035118892788887024,0.007474809885025024,0.1784508228302002,0.49975264072418213,-0.0005587478426775605,48.41643305986229,3.696861982345581,3.9967429637908936,-7.530959129333496,0.014792876318097115,-0.8968446254730225,-0.005106993019580841,0.1339380145072937,8.222871780395508,4.992814064025879,1549.5665283203125,2957.476318359375,1.7325708866119385,0.02208569087088108,0.32583123445510864,0.10414287447929382,0.1730814129114151,0.12450328469276428,0.12093137949705124,0.11668173223733902,0.08587641268968582,0.06742456555366516,0.047442127019166946,0.018973318859934807
251,Jaycen Joshua,Low Key,-8.714255,-7.8023734,-7.405742645263672,4.731542110443115,0.029296545311808586,-0.01672956719994545,0.03975963592529297,0.5003272891044617,-0.0013780926576089977,12.637829232271967,3.4042718410491943,4.048874378204346,-6.737102508544922,0.008529684506356716,-0.5769463181495667,-0.0014306468656286597,0.10788591206073761,8.060261726379395,4.005301475524902,1054.6864013671875,1971.53662109375,1.8982905149459839,0.018220748752355576,0.2831430435180664,0.11807387322187424,0.16982653737068176,0.17799369990825653,0.15511596202850342,0.10629575699567795,0.08611208200454712,0.05797410383820534,0.038251567631959915,0.011327766813337803
252,Jaycen Joshua,Forever,-26.087439,-21.513035,-13.028246879577637,5.537754058837891,0.009442614391446114,0.006309092044830322,0.27561497688293457,0.49994659423828125,-0.004558624474171675,55.04081587784822,3.279810667037964,4.8186140060424805,-7.116394519805908,-0.060151517391204834,-0.707843542098999,-0.021665893495082855,0.11204712837934494,7.527674674987793,9.271032333374023,1472.5068359375,2290.339599609375,2.3407399654388428,0.02106270007789135,0.1879316121339798,0.06576299667358398,0.10890775918960571,0.07291693985462189,0.05576273426413536,0.042275819927453995,0.03388074040412903,0.022607624530792236,0.014806434512138367,0.004333161748945713
253,Jaycen Joshua,Crying On The Subway,-19.199923,-15.271344,-12.240547180175781,13.692776679992676,0.007758703548461199,-0.018800105899572372,2.285815715789795,0.49997755885124207,0.024673304353964455,20.430034924147765,3.568955421447754,5.240079879760742,-7.230741024017334,-0.07084790617227554,-0.6404736638069153,0.03183867409825325,0.08223795145750046,7.354490280151367,17.750255584716797,1165.431640625,1763.1270751953125,3.373896598815918,0.015211718156933784,0.09149090200662613,0.03656114265322685,0.08603865653276443,0.08322402089834213,0.08553142845630646,0.060428686439991,0.04513160139322281,0.02378196455538273,0.012716487981379032,0.003160461550578475
254,Jaycen Joshua,Off To,-8.93273,-8.177621,-7.474739074707031,4.536067962646484,0.035861846059560776,-0.0018037939444184303,-0.3359684944152832,0.4997250735759735,0.0015769222853819773,27.373698834720976,3.1626999378204346,3.665376901626587,-7.181303024291992,0.08404750376939774,-0.7495217323303223,-0.012619799003005028,0.1356598287820816,8.342966079711914,4.025872707366943,1033.2110595703125,2534.333251953125,1.609163761138916,0.0241708867251873,0.44342750310897827,0.256603866815567,0.15094950795173645,0.1250220537185669,0.1431858092546463,0.12754946947097778,0.10069450736045837,0.07521070539951324,0.052507929503917694,0.020168505609035492
255,Jaycen Joshua,Favorite Song,-20.181463,-14.991227,-10.68404769897461,10.937768936157227,0.015604214742779732,0.106410451233387,2.515068531036377,0.4997061789035797,-0.015670495124308764,24.44574275844339,3.857455015182495,5.692080974578857,-6.9289984703063965,-0.0165709275752306,-0.6393642425537109,-0.023982170969247818,0.10314682126045227,7.421672344207764,24.77809715270996,1524.232177734375,2427.5712890625,3.2463202476501465,0.01754414103925228,0.18655741214752197,0.06721073389053345,0.1125471442937851,0.0841190367937088,0.06994552910327911,0.056571997702121735,0.04400566965341568,0.028050655499100685,0.01539303082972765,0.0051663718186318874
256,Jaycen Joshua,God Loves Me,-9.998563,-9.03892,-6.803703308105469,15.3948974609375,0.048105522990226746,0.03238781541585922,-0.5467238426208496,0.49898046255111694,-0.0011640720973386885,47.92977226643405,3.014099359512329,3.583266019821167,-6.9871697425842285,0.06830943375825882,-0.5650264620780945,-0.0021086486522108316,0.1111702173948288,7.946559906005859,4.356213092803955,614.0827026367188,1368.6519775390625,1.8605878353118896,0.020188160240650177,0.5042461156845093,0.22674763202667236,0.2096969485282898,0.1311820149421692,0.10089544951915741,0.09375987201929092,0.07655184715986252,0.052446845918893814,0.03449762985110283,0.013885555788874626
257,Jaycen Joshua,Ex (con La Joaqui),-10.793587,-8.675721,-7.945629596710205,6.517539978027344,0.021618962287902832,-0.014023072086274624,1.106541633605957,0.49997520446777344,0.008647685423055572,15.697681431338912,3.975980520248413,4.820632457733154,-6.844468593597412,-0.03965820372104645,-0.678655743598938,-0.0027384143322706223,0.1465180665254593,8.564166069030762,4.485818862915039,1659.494140625,3489.6875,1.6017429828643799,0.025615019723773003,0.21757015585899353,0.0931677371263504,0.15083177387714386,0.1155356615781784,0.11342015862464905,0.09648550301790237,0.08675038814544678,0.0693587064743042,0.051087744534015656,0.015755582600831985
258,Jaycen Joshua,Hardcore,-11.211833,-10.147136,-9.56207275390625,1.7628469467163086,0.021242044866085052,0.005301965866237879,1.2471365928649902,0.49997687339782715,-0.001252789675914194,77.22219031426563,3.836142063140869,4.825964450836182,-7.458465099334717,0.03684648871421814,-0.8457562327384949,0.005284622311592102,0.12430965155363083,8.0034761428833,6.777334213256836,948.036376953125,2145.69921875,2.0031986236572266,0.025810351595282555,0.27078181505203247,0.11994028836488724,0.1534179449081421,0.11787066608667374,0.09191936254501343,0.06446180492639542,0.04825320839881897,0.03535085171461105,0.02982933074235916,0.011887796223163605
259,Jaycen Joshua,FWLM,-12.778515,-11.708316,-11.080121994018555,6.768984794616699,0.012818166986107826,0.04168488830327988,2.257235527038574,0.499811053276062,0.0005266751064148225,9.209032710589577,3.648036003112793,5.492163181304932,-7.133545875549316,-0.04212765395641327,-0.7727619409561157,0.03364885225892067,0.07797925174236298,6.98800802230835,67.6489028930664,897.1325073242188,1654.9586181640625,5.092972755432129,0.013426203280687332,0.17821215093135834,0.07847274839878082,0.11527041345834732,0.09792900085449219,0.0923452079296112,0.07673460245132446,0.051486823707818985,0.03169011324644089,0.02026711031794548,0.006270125973969698
260,Jaycen Joshua,DOPE,-7.2881947,-6.9045014,-6.74293327331543,1.9608464241027832,0.03725231811404228,0.041909560561180115,-0.4380972385406494,0.49951156973838806,-0.022356976383467512,17.123232616648203,3.3304295539855957,3.3782401084899902,-6.845034599304199,0.041866254061460495,-0.6872226595878601,-0.0019273783545941114,0.10351193696260452,8.019896507263184,9.469367980957031,1044.1339111328125,2257.923828125,2.254544258117676,0.015939058735966682,0.3968442976474762,0.17686082422733307,0.18662267923355103,0.1558956801891327,0.14185486733913422,0.1332472711801529,0.11266658455133438,0.08426328748464584,0.051675982773303986,0.015332558192312717
261,Jaycen Joshua,Cough,-10.651677,-9.402912,-8.674803733825684,3.1961112022399902,0.021410329267382622,-0.020452404394745827,1.2350597381591797,0.4998758137226105,-0.03011609230905564,23.17760338065292,3.996624231338501,5.3285298347473145,-6.8359150886535645,-0.008971694856882095,-0.6613833904266357,-0.02308579348027706,0.0950520932674408,7.81355619430542,9.969144821166992,969.6781616210938,1902.936767578125,2.505777597427368,0.016032550483942032,0.19639743864536285,0.08574994653463364,0.16537131369113922,0.1373208910226822,0.11372210085391998,0.09839935600757599,0.06494536995887756,0.044803351163864136,0.026353172957897186,0.006546935066580772
262,Jaycen Joshua,PRETTY BROWN,-10.140127,-9.240803,-7.719202518463135,2.992931842803955,0.021457599475979805,0.06819353252649307,0.667675256729126,0.4997591972351074,0.009904267095248815,9.187050209194345,4.098299980163574,5.204474449157715,-6.869814395904541,-0.07032478600740433,-0.6454893350601196,-0.015151065774261951,0.12559443712234497,8.118196487426758,8.022985458374023,1936.28369140625,3350.96728515625,1.9882038831710815,0.0174709502607584,0.22027085721492767,0.08087242394685745,0.11323288083076477,0.09214416891336441,0.11080951988697052,0.11599840223789215,0.09135715663433075,0.08050904422998428,0.0458211712539196,0.016860051080584526
263,Jaycen Joshua,BEFORE I,-8.124577,-7.4076004,-7.296177387237549,1.7102108001708984,0.031232895329594612,0.013121127150952816,-0.35865163803100586,0.49987682700157166,-0.024586879295148786,14.112830209885244,3.6945369243621826,3.9518380165100098,-6.9865264892578125,0.10805249959230423,-0.6406949758529663,-0.008677953854203224,0.1377471685409546,8.474309921264648,3.527505874633789,1509.4854736328125,3241.876708984375,1.534191370010376,0.021211199462413788,0.3869388699531555,0.1908116489648819,0.1389259397983551,0.11156575381755829,0.13112995028495789,0.12624934315681458,0.10959517955780029,0.08840730786323547,0.05931399017572403,0.02142385207116604
264,Jaycen Joshua,Vivir Sin Ti (con CNCO),-11.116205,-10.292551,-7.6633124351501465,9.804476737976074,0.027444476261734962,0.018038464710116386,-0.1071481704711914,0.49984174966812134,-0.03334062942825602,27.861833155954745,3.0240907669067383,3.8535640239715576,-6.824761390686035,0.025168336927890778,-0.6284062266349792,-0.002457778435200453,0.07895802706480026,7.315487861633301,14.175138473510742,628.7254028320312,1115.17138671875,3.0092525482177734,0.014315322041511536,0.26187923550605774,0.14287875592708588,0.23993182182312012,0.13271518051624298,0.11176329851150513,0.08878988772630692,0.05880695953965187,0.03984379768371582,0.019816260784864426,0.005192243959754705
265,Jaycen Joshua,Rich Ridin,-9.359262,-8.36374,-7.982839107513428,3.7994189262390137,0.02673349715769291,0.02100660465657711,0.0914466381072998,0.4999038279056549,0.009998898115211943,19.781584207243462,3.8792033195495605,4.231333255767822,-6.956368446350098,-0.013467316515743732,-0.6466783285140991,-0.05150952935218811,0.11158829927444458,8.015669822692871,9.611209869384766,1136.215087890625,2292.8642578125,2.2262284755706787,0.01856425777077675,0.28634437918663025,0.13628442585468292,0.15796352922916412,0.13679082691669464,0.1329955756664276,0.12886449694633484,0.090678870677948,0.06572169065475464,0.03899411857128143,0.014325634576380253
266,Jaycen Joshua,On Time (feat. Toosii & Kiya Alexius),-11.348333,-8.028447,-7.227210998535156,4.222111225128174,0.03070036694407463,-0.03037491999566555,-0.08897566795349121,0.5000339150428772,-0.030445795920133866,29.825276933169906,3.391443967819214,3.624396800994873,-9.47433853149414,-0.08569854497909546,-0.7350575923919678,-0.02121405489742756,0.13100172579288483,8.121307373046875,5.596865653991699,1483.9022216796875,2921.054931640625,1.778011441230774,0.022239044308662415,0.330396443605423,0.16079890727996826,0.1944034993648529,0.14878623187541962,0.12720277905464172,0.10484698414802551,0.08324765413999557,0.06645707041025162,0.04729601368308067,0.01937924511730671
267,Jaycen Joshua,The One,-23.259289,-18.387733,-9.202485084533691,4.1580810546875,0.017986519262194633,0.015723232179880142,1.771977424621582,0.49953693151474,-0.01742538926949389,26.635105183307495,3.449514627456665,4.875755310058594,-6.976245880126953,-0.03728262335062027,-0.6784782409667969,-0.0042278883047401905,0.12016401439905167,7.943628311157227,4.531772136688232,1618.7738037109375,2593.958740234375,1.8841793537139893,0.02165241912007332,0.22513453662395477,0.1326000988483429,0.11920315027236938,0.11010587960481644,0.08341605216264725,0.06887418031692505,0.06208639591932297,0.04319244995713234,0.028078889474272728,0.007497231476008892
268,Jaycen Joshua,Type A Party,-10.183741,-8.799075,-7.5939717292785645,5.689196586608887,0.03697817027568817,0.035873234272003174,-0.18416261672973633,0.49917882680892944,-0.027695859938438837,46.628525284957846,3.130326271057129,3.876490831375122,-6.939484596252441,0.004693591967225075,-0.6037817001342773,-0.019827550277113914,0.08551934361457825,7.034473896026611,15.789366722106934,713.4884033203125,1257.829345703125,2.9444377422332764,0.015495875850319862,0.34716543555259705,0.09945022314786911,0.22181211411952972,0.1590142399072647,0.12482139468193054,0.0807853490114212,0.05125529319047928,0.02933565154671669,0.019671982154250145,0.005400810856372118
269,Jaycen Joshua,DROP TOP,-8.842211,-8.2422,-7.7383551597595215,2.5433149337768555,0.03133692592382431,0.0682859718799591,0.08104705810546875,0.49967098236083984,-0.016392070874257744,34.1457953784151,3.7410523891448975,4.200840950012207,-7.280377388000488,0.16929391026496887,-0.7005605697631836,0.037862442433834076,0.10491500049829483,7.830219268798828,19.45744514465332,1344.8306884765625,2414.16015625,2.7572975158691406,0.015676505863666534,0.3223128318786621,0.1370852142572403,0.14300362765789032,0.12222396582365036,0.12001911550760269,0.11718789488077164,0.10534422099590302,0.07121530175209045,0.043717771768569946,0.013252233155071735
270,Jaycen Joshua,AUTOMOBOOTY,-10.451118,-9.205602,-7.5229387283325195,2.2267704010009766,0.02747121825814247,0.11047818511724472,0.17473888397216797,0.49945068359375,-0.012270473312930031,23.344608957485942,4.141580581665039,4.4151129722595215,-7.139173984527588,-0.012450780719518661,-0.6911323070526123,-0.04437090829014778,0.15598618984222412,8.510807037353516,3.924443244934082,2070.85400390625,4101.30419921875,1.4450232982635498,0.024596670642495155,0.29003793001174927,0.10338791459798813,0.14048059284687042,0.10856050997972488,0.10809087008237839,0.118235282599926,0.09731370210647583,0.07984654605388641,0.05748194828629494,0.022060755640268326
271,Jaycen Joshua,Go Go Go,-10.65318,-9.527533,-8.777793884277344,6.420423984527588,0.03371988236904144,0.07027455419301987,0.08302164077758789,0.498379111289978,-0.00862693081941689,63.539690596192024,3.9678053855895996,4.321417808532715,-7.443204879760742,0.029952751472592354,-0.8357999324798584,0.015283419750630856,0.11213994026184082,7.833418846130371,11.838762283325195,1189.97509765625,2221.46826171875,2.410310745239258,0.020323727279901505,0.38403335213661194,0.21859332919120789,0.1370118409395218,0.11692721396684647,0.10979073494672775,0.09167136996984482,0.07351204007863998,0.050367970019578934,0.03304694592952728,0.012713713571429253
272,Jaycen Joshua,Villains & Heroes,-11.189415,-10.427214,-10.071109771728516,4.989604949951172,0.016964012756943703,-0.03174241632223129,1.0725374221801758,0.5001475811004639,0.006062643823795305,18.92674536725357,3.9650301933288574,5.041058540344238,-6.9892802238464355,-0.006160153541713953,-0.6880741715431213,-0.008112754672765732,0.10976897180080414,7.995458602905273,11.090567588806152,1360.39501953125,2533.638671875,2.394516944885254,0.01750398427248001,0.2004109025001526,0.0823538675904274,0.10428503900766373,0.11139628291130066,0.10500869154930115,0.10444136708974838,0.07554201036691666,0.051526255905628204,0.029423827305436134,0.011177164502441883
273,Jaycen Joshua,Sinking,-10.42405,-9.769515,-9.003846168518066,7.152538299560547,0.01620481349527836,0.0029564311262220144,0.615692138671875,0.5000408291816711,-0.00651521283266861,9.65764736157905,3.6572954654693604,4.387929439544678,-6.841617107391357,-0.00640815170481801,-0.5967944264411926,-0.011048702523112297,0.07744412869215012,7.300086975097656,48.62786865234375,773.6810913085938,1518.41943359375,4.217829704284668,0.012030275538563728,0.14630822837352753,0.06164475157856941,0.13817839324474335,0.13791465759277344,0.13273818790912628,0.12379258871078491,0.07118060439825058,0.045262739062309265,0.023220237344503403,0.006766175851225853
274,Jaycen Joshua,ON GOD,-8.997536,-8.29769,-6.800643444061279,2.790255546569824,0.028474612161517143,0.033973295241594315,-0.036705970764160156,0.49973759055137634,0.02503373406478702,13.196347834165623,3.7448081970214844,4.106661319732666,-6.878147125244141,-0.18890206515789032,-0.6144005060195923,-0.026055121794342995,0.15532679855823517,8.791882514953613,2.6442606449127197,2105.085693359375,4103.5693359375,1.4347089529037476,0.02455988898873329,0.32331568002700806,0.14336428046226501,0.13451212644577026,0.10880214720964432,0.12854212522506714,0.13259856402873993,0.11860893666744232,0.09566735476255417,0.06728409230709076,0.022096019238233566
275,Jaycen Joshua,Clothes Are So Obnoxious,-70.33467,-66.81986,-19.240917205810547,8.85451889038086,0.001085870899260044,0.00598175497725606,1.9492721557617188,0.4999829828739166,-0.00811709077603565,4.532340773855048,3.5222866535186768,4.631147384643555,-6.809748649597168,-0.05839153379201889,-0.611301064491272,-0.008141166530549526,0.1879105120897293,8.425213813781738,11.650299072265625,4578.9794921875,5922.12939453125,1.9756999015808105,0.03500287979841232,0.03677741065621376,0.01676255464553833,0.028170892968773842,0.032836057245731354,0.029319774359464645,0.0247049480676651,0.01852906122803688,0.011156865395605564,0.007690491620451212,0.0027897856198251247
276,Jaycen Joshua,Favorite Song (with Khalid) [Remix],-12.587389,-11.257167,-9.808918952941895,7.2492170333862305,0.019710328429937363,0.11755310744047165,1.4845967292785645,0.49943241477012634,-0.014430180700463287,19.20883815823433,3.7655553817749023,5.221570014953613,-6.880329608917236,-0.013106176629662514,-0.6434080600738525,-0.0203928891569376,0.08940892666578293,7.377933502197266,18.511075973510742,854.15869140625,1639.8419189453125,3.0643362998962402,0.01620311103761196,0.2233036458492279,0.08146490156650543,0.13597580790519714,0.10271186381578445,0.08637793362140656,0.07131493836641312,0.05184116214513779,0.0338570773601532,0.01831054501235485,0.006054677069187164
277,Jaycen Joshua,DISABILITY CHECKS (feat. G Herbo),-9.827196,-9.314668,-7.828465461730957,8.090105056762695,0.03212413936853409,0.040568821132183075,-0.3370778560638428,0.4995970129966736,-0.006480034882914805,24.240949467689536,3.218810558319092,3.770892381668091,-7.002381324768066,0.041359782218933105,-0.6064388751983643,-0.02064502239227295,0.12258582562208176,8.13590145111084,17.215160369873047,912.3302001953125,2154.91845703125,2.2720911502838135,0.021107913926243782,0.4109816253185272,0.2020847350358963,0.16222146153450012,0.11417500674724579,0.10780741274356842,0.10269127041101456,0.08329787105321884,0.06929884850978851,0.04557350277900696,0.016312409192323685
278,Jaycen Joshua,ROUND & ROUND,-7.646019,-7.494526,-7.33781623840332,2.43304443359375,0.03889542073011398,0.007127877790480852,-0.5160303115844727,0.49960002303123474,0.010148819207940737,19.470919865724966,3.0720460414886475,3.406449556350708,-6.923028469085693,-0.03953597694635391,-0.6735773086547852,0.003957025241106749,0.11239452660083771,8.02784538269043,8.130403518676758,812.9415283203125,2095.445556640625,2.0054337978363037,0.019073564559221268,0.4302159547805786,0.24587741494178772,0.17502309381961823,0.1548146903514862,0.14804138243198395,0.13757891952991486,0.09364724904298782,0.06888686120510101,0.04536096006631851,0.017755521461367607
279,Jaycen Joshua,TBS (feat. Offset & DB Bantino),-13.436653,-10.812622,-8.802295684814453,6.54709529876709,0.032217346131801605,0.11476311832666397,-0.09381556510925293,0.4989263713359833,-0.010213524387169968,56.72059009258044,3.3288586139678955,4.436524868011475,-7.056188106536865,0.07490534335374832,-0.637413740158081,-0.005102112889289856,0.09882286190986633,7.563770294189453,20.67923355102539,1294.4842529296875,2045.550537109375,2.859626531600952,0.014958081766963005,0.3724304735660553,0.19037412106990814,0.1442045122385025,0.10712408274412155,0.08674163371324539,0.08022911101579666,0.060922324657440186,0.04465504363179207,0.025404538959264755,0.008846386335790157
280,Jaycen Joshua,Mukulu,-11.435152,-10.78831,-9.379430770874023,3.626347064971924,0.020637333393096924,-0.013120085932314396,0.7024030685424805,0.4998911917209625,-0.058599886056719536,15.41532057300272,3.558352470397949,4.467162609100342,-6.668919563293457,0.0782722532749176,-0.5509520769119263,-0.03853708878159523,0.12445740401744843,8.024775505065918,2.6483402252197266,665.4459838867188,1420.941650390625,1.7229541540145874,0.02769714593887329,0.22933724522590637,0.10251880437135696,0.13478603959083557,0.12519696354866028,0.1105131283402443,0.10686952620744705,0.059616852551698685,0.03911628946661949,0.02477700635790825,0.009127349592745304
281,Jaycen Joshua,Interlude (feat. Wallo267),-11.747352,-11.064535,-10.954747200012207,2.8228349685668945,0.01752333715558052,-0.006798191461712122,-0.1004946231842041,0.5000597834587097,0.021554562520039757,6.881571103852047,3.47977614402771,4.292656898498535,-7.172749996185303,0.01944269984960556,-0.7510184049606323,0.05585750937461853,0.09654708951711655,7.348116397857666,21.156932830810547,465.498779296875,1290.310791015625,2.8850014209747314,0.01816174015402794,0.3259589672088623,0.17529085278511047,0.1487966924905777,0.09176231920719147,0.07011403143405914,0.05536242574453354,0.04029214754700661,0.033925577998161316,0.02112753503024578,0.008277681656181812
282,Jaycen Joshua,Llorar y Llorar,-15.886106,-13.528276,-12.003896713256836,9.500701904296875,0.010310690850019455,0.032298438251018524,1.8327336311340332,0.4999316334724426,0.007958908023175544,16.505908965136246,3.88710880279541,5.892239570617676,-7.131087303161621,-0.0015533298719674349,-0.5926594138145447,-0.011987108737230301,0.09439119696617126,7.803312301635742,10.714783668518066,928.666259765625,1785.069580078125,2.6194417476654053,0.016736086457967758,0.17163798213005066,0.08743391185998917,0.08322510123252869,0.07950686663389206,0.08711414784193039,0.07883782684803009,0.05343306064605713,0.03402617573738098,0.02014828287065029,0.005281517282128334
283,Jaycen Joshua,BRB,-8.618802,-8.22747,-7.978516578674316,1.7788162231445312,0.030859174206852913,0.04888255149126053,-0.12704110145568848,0.4997423589229584,-0.041181486886838245,35.22510306585555,3.572789430618286,4.063568115234375,-7.128499984741211,0.040224749594926834,-0.7280289530754089,-0.019425496459007263,0.09648484736680984,7.766960620880127,8.64561653137207,762.3818359375,1636.58837890625,2.3276548385620117,0.01668567769229412,0.3407982885837555,0.11884324252605438,0.22487454116344452,0.135935440659523,0.1161758080124855,0.08687064796686172,0.07595386356115341,0.04857180640101433,0.030912838876247406,0.007996851578354836
284,Jaycen Joshua,STOMP EM OUT,-6.723782,-6.3539753,-5.925050735473633,2.1898508071899414,0.041122276335954666,0.015197389759123325,-0.46155810356140137,0.4999966323375702,-0.017183073875918775,34.84361421280563,3.534506320953369,3.242469310760498,-7.347108840942383,0.012645266950130463,-0.8419122695922852,0.00733710965141654,0.13314472138881683,8.421210289001465,3.1072139739990234,1323.855224609375,2913.42236328125,1.5805548429489136,0.022442527115345,0.39213359355926514,0.1950407773256302,0.2081644982099533,0.16783618927001953,0.15724341571331024,0.12503165006637573,0.11467642337083817,0.08891168236732483,0.06108003109693527,0.022759586572647095
285,Jaycen Joshua,Jaded,-13.929661,-11.619673,-9.727371215820312,8.175945281982422,0.018704768270254135,-0.026212316006422043,0.87453293800354,0.5000633001327515,-0.04284777046138317,21.269275747368233,3.462524652481079,5.423616886138916,-6.774094581604004,-0.030700838193297386,-0.589306116104126,-0.01629074290394783,0.0835651159286499,7.525481224060059,14.969655990600586,953.8837280273438,1732.5137939453125,2.9756686687469482,0.01315572950989008,0.2450506091117859,0.08834555745124817,0.13661198318004608,0.10845080018043518,0.09502346813678741,0.07613640278577805,0.06120362505316734,0.03995832800865173,0.024352025240659714,0.006809569895267487
286,Jaycen Joshua,ALL I KNOW,-8.699699,-8.085709,-7.840847969055176,3.438534736633301,0.030489329248666763,0.039359405636787415,-0.01952838897705078,0.4997333288192749,-0.01244534022098873,10.685022530958578,3.383652925491333,3.974233388900757,-6.967828273773193,-0.0010850268881767988,-0.6876266002655029,-0.02083013206720352,0.09525727480649948,7.805304050445557,10.710321426391602,875.9796142578125,1821.0672607421875,2.465071678161621,0.015345701947808266,0.3513220250606537,0.17225944995880127,0.1676197350025177,0.13226380944252014,0.12535622715950012,0.11545587331056595,0.08797457069158554,0.062185827642679214,0.03755859658122063,0.011110507883131504
287,Jaycen Joshua,Amigos (con Andry Kiddos),-11.225244,-10.464009,-8.619832992553711,9.531928062438965,0.020909370854496956,-0.03824600204825401,0.9327528476715088,0.5000721216201782,-0.019594398125655815,19.05648440403254,3.431060314178467,4.338972568511963,-6.736467361450195,-0.01198599673807621,-0.6073132753372192,-0.007661980111151934,0.08721215277910233,7.70311164855957,10.861688613891602,814.596923828125,1603.6597900390625,2.686944007873535,0.014806400053203106,0.20730255544185638,0.06769830733537674,0.151070237159729,0.13882412016391754,0.11485641449689865,0.09242042154073715,0.06727764010429382,0.04665202647447586,0.02749934233725071,0.007711151149123907
288,Jaycen Joshua,Betrayed,-10.548025,-9.484421,-7.942890167236328,8.072760581970215,0.01950949802994728,0.007235971745103598,1.0883431434631348,0.49997028708457947,-0.001145070070221421,7.872138810914053,3.962157726287842,4.619649887084961,-6.599033832550049,-0.006380907725542784,-0.4612119197845459,0.010141280479729176,0.13750988245010376,8.34883975982666,4.135745525360107,1837.7752685546875,3429.41455078125,1.636249303817749,0.02390133962035179,0.1982191801071167,0.0843670442700386,0.10918235778808594,0.11474525183439255,0.11895852535963058,0.11212925612926483,0.09936792403459549,0.0674169734120369,0.049229249358177185,0.015714261680841446
289,Jaycen Joshua,Times It By Two,-16.760574,-15.337001,-9.05240249633789,8.949850082397461,0.016481619328260422,-0.015514238737523556,1.4199304580688477,0.49994680285453796,-0.036492053462032166,24.79324244685157,4.899107933044434,6.379781723022461,-6.806216716766357,-0.030110621824860573,-0.6153985261917114,0.02627408877015114,0.10818199068307877,7.6908159255981445,11.20897388458252,1402.332275390625,2311.392333984375,2.546114683151245,0.018233926966786385,0.179579958319664,0.08328549563884735,0.13840167224407196,0.11366096884012222,0.08955484628677368,0.07938991487026215,0.06433375924825668,0.0403081513941288,0.026327399536967278,0.0073837763629853725
290,Jaycen Joshua,Yessir (feat. Quavo),-10.892268,-9.801894,-8.43689250946045,2.3638057708740234,0.04013936221599579,-0.06492149829864502,-0.4273250102996826,0.5005429983139038,-0.05724248495718546,122.28804315002542,3.121424674987793,3.464550733566284,-7.38106107711792,-0.04424441233277321,-0.7638396620750427,-0.06039104610681534,0.08933864533901215,7.260016918182373,13.776117324829102,597.10009765625,1210.4967041015625,2.794315814971924,0.01740962825715542,0.47998180985450745,0.23314346373081207,0.17545539140701294,0.11836541444063187,0.08161169290542603,0.07484177500009537,0.052393537014722824,0.03773064538836479,0.026268593966960907,0.007277464959770441
291,Jaycen Joshua,New Religion,-14.354924,-11.805162,-9.990657806396484,8.906784057617188,0.013383587822318077,0.03255171328783035,2.0809507369995117,0.5004412531852722,0.0513578571444795,6.401462901181998,4.225628852844238,6.114778995513916,-7.705259323120117,-0.04243816062808037,-0.4659169912338257,-0.007831602357327938,0.11499827355146408,8.086905479431152,4.976844787597656,1375.1781005859375,2305.6318359375,2.05366587638855,0.021616164594888687,0.16984869539737701,0.07433628290891647,0.10120709240436554,0.10257072746753693,0.10239936411380768,0.0921260192990303,0.05871566757559776,0.03740984946489334,0.02313544787466526,0.007624302990734577
292,Jaycen Joshua,Lay It Down,-11.210182,-10.259323,-8.828569412231445,9.706432342529297,0.03048701025545597,0.027277687564492226,0.0247805118560791,0.49970710277557373,0.017983842177508605,53.04501584912439,4.0445332527160645,5.342090129852295,-7.138039588928223,0.015578311868011951,-0.7146891355514526,0.008679328486323357,0.11535001546144485,7.902328968048096,7.890038967132568,991.0227661132812,1950.902587890625,2.0822131633758545,0.021000176668167114,0.3823390007019043,0.2058832347393036,0.15023262798786163,0.11160789430141449,0.10331768542528152,0.07965339720249176,0.06626037508249283,0.04795745387673378,0.03528202325105667,0.011939994059503078
293,Jaycen Joshua,Candle of the Devil (feat. Nas),-18.066204,-13.589843,-7.514569282531738,1.405454158782959,0.029413411393761635,0.04548915475606918,0.19841718673706055,0.49970680475234985,-0.011420044738513236,30.460557162333988,3.6264920234680176,3.9956512451171875,-7.406120300292969,0.018987204879522324,-0.9035707116127014,0.008834964595735073,0.12775741517543793,8.10622787475586,6.086394309997559,1846.12939453125,2924.743408203125,1.866739273071289,0.02018774300813675,0.26127496361732483,0.10802944004535675,0.19758571684360504,0.14634813368320465,0.12473403662443161,0.10969207435846329,0.07570520788431168,0.05417041480541229,0.03649682551622391,0.011874656192958355
294,Jaycen Joshua,Pick U,-10.340609,-9.557803,-9.182085037231445,4.344573497772217,0.017000066116452217,0.03639756515622139,1.4601168632507324,0.4996599555015564,-0.03689254509007479,16.6103453512911,4.375847339630127,5.4811530113220215,-6.8652191162109375,-0.00034984078956767917,-0.7194000482559204,-0.017710357904434204,0.11371950805187225,8.154126167297363,6.021274089813232,1056.9239501953125,2046.218994140625,1.9562275409698486,0.019997943192720413,0.13900147378444672,0.05717293545603752,0.1104123666882515,0.12380072474479675,0.14022785425186157,0.11728015542030334,0.07792425155639648,0.04959791898727417,0.02975348010659218,0.00984197948127985
295,Jaycen Joshua,Antisociales (con Zion & Lennox),-10.715585,-9.874436,-8.421982765197754,8.64783763885498,0.019390858709812164,0.03538305684924126,0.6367208957672119,0.4999401867389679,-0.047799953531684064,14.812271984661338,3.764225959777832,4.6173014640808105,-6.765242576599121,0.01656324416399002,-0.6813308000564575,-0.04515809565782547,0.12196122854948044,8.24426555633545,9.62033748626709,1435.839599609375,2865.79833984375,2.070145845413208,0.02072764001786709,0.2236739695072174,0.09511075168848038,0.14578227698802948,0.1089276373386383,0.10711052268743515,0.1001860573887825,0.08251291513442993,0.06542463600635529,0.04540520906448364,0.014918266795575619
296,Jaycen Joshua,2 in Luv,-10.598956,-9.331472,-7.349505424499512,6.0175089836120605,0.03377087786793709,0.013385197147727013,-0.3723025321960449,0.499999076128006,-0.017062605878463633,69.59254784238959,3.019864797592163,3.461101531982422,-7.274779796600342,0.018544917926192284,-0.7549507021903992,-0.009228427894413471,0.08936194330453873,7.057225227355957,14.514527320861816,630.8130493164062,1203.520263671875,2.7922630310058594,0.01696452498435974,0.34466955065727234,0.12432324886322021,0.23581190407276154,0.15125223994255066,0.1283445954322815,0.08447937667369843,0.057950060814619064,0.03773992881178856,0.025650005787611008,0.00681315315887332
297,Jaycen Joshua,Bonus - Favorite Song (feat. Future) [Toxic Version],-14.299742,-12.685412,-10.121026039123535,7.995970726013184,0.018626267090439796,0.12592771649360657,1.780364990234375,0.4994913339614868,-0.01293339016694751,22.102777238850784,3.7611076831817627,5.299548149108887,-6.940293312072754,-0.008112345822155476,-0.6499795317649841,-0.023544859141111374,0.08937741070985794,7.273006439208984,21.481542587280273,986.0257568359375,1751.522216796875,3.2735509872436523,0.015933053568005562,0.2144525945186615,0.07870908826589584,0.1292627900838852,0.0965707004070282,0.08080985397100449,0.0652756318449974,0.047012124210596085,0.029232092201709747,0.015660271048545837,0.00511548388749361
298,Jaycen Joshua,GLIDE WITH ME,-7.6375184,-7.2236524,-7.052164554595947,3.485994815826416,0.029253512620925903,0.07094594091176987,-0.006139516830444336,0.49959537386894226,-0.023800733600108058,19.239976838777885,3.9798219203948975,4.5328216552734375,-6.967149257659912,-0.03976518288254738,-0.7138621211051941,-0.05089188739657402,0.12023602426052094,8.156875610351562,5.077574729919434,1907.8773193359375,3123.315673828125,1.777445912361145,0.016419529914855957,0.2717391848564148,0.10999462008476257,0.1684083342552185,0.11914084851741791,0.1246291846036911,0.13891765475273132,0.1162029504776001,0.08716339617967606,0.05844351649284363,0.016483772546052933
299,Jaycen Joshua,Im That - Sped U,-12.009912,-10.892817,-9.42595386505127,3.9967918395996094,0.015162036754190922,-0.029141465201973915,2.1464080810546875,0.5000184774398804,-0.002757161996053135,15.740429232341654,4.886229038238525,6.253696441650391,-6.936051845550537,0.0017185370670631528,-0.6573863625526428,0.020771542564034462,0.1421077996492386,8.30884838104248,3.8215816020965576,2035.745849609375,3517.443115234375,1.6669760942459106,0.023274047300219536,0.15421974658966064,0.06627170741558075,0.083192840218544,0.08788375556468964,0.08746670186519623,0.08952577412128448,0.08229165524244308,0.055731091648340225,0.036337342113256454,0.010301709175109863
300,Jaycen Joshua,Another Love Song,-8.373781,-8.044261,-7.495085716247559,7.700498580932617,0.028615564107894897,0.0164388008415699,-0.006308078765869141,0.499904990196228,-0.008980400298083219,20.64762772440761,3.630017042160034,3.760711669921875,-6.938363552093506,-0.040614236146211624,-0.6720735430717468,-0.031146645545959473,0.1021539568901062,7.797392845153809,10.225693702697754,840.0916137695312,1730.705078125,2.3545894622802734,0.01843958906829357,0.26431789994239807,0.09585702419281006,0.18106912076473236,0.1668277382850647,0.14178979396820068,0.1359037309885025,0.08983202278614044,0.05915508419275284,0.034466423094272614,0.01152520440518856
301,Jaycen Joshua,BUTTERFLY COUPE feat. Tyga,-11.279644,-10.480738,-8.444571495056152,4.939913749694824,0.03451927378773689,-0.009867862798273563,0.038191795349121094,0.49965789914131165,-0.0585303481872866,41.899425707351654,3.3450703620910645,3.4754812717437744,-7.452422142028809,0.01571561209857464,-0.8905335664749146,0.01416133251041174,0.09243994206190109,7.3308000564575195,21.305721282958984,794.3712768554688,1507.2294921875,3.097693920135498,0.017757458612322807,0.4111553728580475,0.23213845491409302,0.14708329737186432,0.12609952688217163,0.12530635297298431,0.10816510021686554,0.07372351735830307,0.04606447368860245,0.03050229512155056,0.009165152907371521
302,Jaycen Joshua,Will Be King,-10.6230345,-9.532264,-8.281190872192383,6.2278218269348145,0.02102780155837536,0.0013909668195992708,0.6483805179595947,0.5000468492507935,0.006022868535071331,15.1053196727816,3.943037986755371,4.799607753753662,-6.965816497802734,-0.02433183416724205,-0.6665145754814148,-0.008510894142091274,0.11321225017309189,7.901759147644043,16.316919326782227,1375.011474609375,2524.33544921875,2.4564590454101562,0.018568502739071846,0.2118881642818451,0.081915944814682,0.12810146808624268,0.12708325684070587,0.12377241253852844,0.11406377702951431,0.08412668853998184,0.05902005732059479,0.034368906170129776,0.013086811639368534
303,Jaycen Joshua,How We Roll,-13.063216,-12.777864,-12.248822212219238,5.757317543029785,0.012354138307273388,0.04364601522684097,-0.41510581970214844,0.49993786215782166,0.002152064079441267,16.023445896228232,3.378112554550171,4.230128765106201,-6.917718887329102,0.0008811808656901121,-0.6074252128601074,0.0022467984817922115,0.12477456778287888,8.014298439025879,4.227542400360107,716.24267578125,1719.1217041015625,1.77716863155365,0.024933412671089172,0.2580950856208801,0.12059376388788223,0.10649619251489639,0.08021284639835358,0.08063733577728271,0.06460984796285629,0.050184961408376694,0.03434354066848755,0.02573542296886444,0.008795300498604774
304,Jaycen Joshua,COLD GAME,-10.616241,-9.75499,-9.062657356262207,5.2425642013549805,0.01807745359838009,0.010070327669382095,0.903186559677124,0.4997999370098114,-0.010834553131093532,9.544399141263217,3.8689026832580566,4.999651908874512,-6.800280570983887,0.06357260793447495,-0.5988683104515076,-0.020470568910241127,0.12433389574289322,8.241446495056152,5.624093532562256,1539.8314208984375,2907.887939453125,1.8656178712844849,0.020236678421497345,0.22115187346935272,0.07458988577127457,0.11760584264993668,0.09617224335670471,0.10260195285081863,0.10360473394393921,0.08387717604637146,0.06469184160232544,0.039889853447675705,0.01374045666307211
305,Jaycen Joshua,MOONSHINE CHERRY,-9.727694,-8.946256,-7.892474174499512,3.7228198051452637,0.018937045708298683,0.05077845975756645,0.576453685760498,0.4996170997619629,-0.011768624418225567,8.464079197125068,3.9494690895080566,4.753912925720215,-6.8821702003479,0.02203865349292755,-0.6005938649177551,-0.00044292386155575514,0.1318082958459854,8.361663818359375,5.912484169006348,1687.9769287109375,3205.361083984375,1.7418595552444458,0.02187146060168743,0.1676497906446457,0.07013634592294693,0.12566950917243958,0.13454079627990723,0.13788051903247833,0.12171922624111176,0.09569903463125229,0.07261539995670319,0.04861478507518768,0.014927941374480724
306,Jaycen Joshua,THUG IT OUT,-7.887057,-7.467559,-7.181841850280762,2.803055763244629,0.03491764888167381,-0.007395598106086254,-0.09664225578308105,0.500015377998352,-0.007949233344452885,20.322861178972705,3.286540985107422,3.6031930446624756,-7.086935043334961,-0.01632286235690117,-0.8156824111938477,-0.010519997216761112,0.07404394447803497,7.224358558654785,33.381248474121094,680.8402099609375,1358.94970703125,3.6492598056793213,0.011740441434085369,0.33251670002937317,0.14378622174263,0.203311026096344,0.1694480925798416,0.1421492099761963,0.11629387736320496,0.07491040974855423,0.05246766656637192,0.029994605109095573,0.0082870963960886
307,Jaycen Joshua,Introducing,-11.546841,-10.190576,-7.018533706665039,5.324806213378906,0.028020285069942474,-0.00242556887678802,0.020871639251708984,0.5003014802932739,-0.003993544530270839,18.833790476218066,3.2346034049987793,3.851097583770752,-7.009835243225098,-0.05228696018457413,-0.490731418132782,-0.012531794607639313,0.10658960789442062,7.769870758056641,19.622299194335938,1115.3123779296875,2142.364501953125,2.6510109901428223,0.017261212691664696,0.2804148495197296,0.1442572921514511,0.19217923283576965,0.14451190829277039,0.11620570719242096,0.09888315200805664,0.09132777154445648,0.06369424611330032,0.04176020249724388,0.010883944109082222
308,Jaycen Joshua,King James (feat. Jeremih) [Bonus Track],-15.780516,-12.087812,-9.740581512451172,3.432188034057617,0.01700839214026928,0.03830059617757797,1.0906381607055664,0.4998602867126465,-0.03847425292317904,34.60569197467865,4.081130504608154,5.518038272857666,-6.969128131866455,-0.0017879526130855083,-0.6725521683692932,-0.02385810762643814,0.13806051015853882,8.132081985473633,12.248141288757324,1781.5142822265625,3239.75537109375,1.998390793800354,0.022017311304807663,0.21806593239307404,0.08151320368051529,0.12106196582317352,0.10025033354759216,0.08249463140964508,0.07883455604314804,0.06877020746469498,0.04878365248441696,0.03252400457859039,0.011562933214008808
309,Jaycen Joshua,Rule Number 1,-12.119192,-10.776191,-8.79325008392334,8.627976417541504,0.019504301249980927,0.035939592868089676,1.3293232917785645,0.49983686208724976,-0.028018751238425135,30.248204309290266,4.0975565910339355,6.139255046844482,-7.547702312469482,0.07925248146057129,-0.7561022639274597,0.013149726204574108,0.11946887522935867,8.045796394348145,11.352341651916504,1689.5479736328125,2979.45654296875,2.039686918258667,0.017627889290452003,0.19163450598716736,0.04952158406376839,0.12624971568584442,0.11983560770750046,0.10287553071975708,0.0947352722287178,0.06820590794086456,0.05114072188735008,0.032343875616788864,0.013913162983953953
310,Jaycen Joshua,Take Care,-12.83009,-11.738043,-9.522253036499023,5.116333961486816,0.026138262823224068,-0.02032858319580555,0.31171512603759766,0.5000365972518921,0.019849016471677004,25.728589596654377,3.4099180698394775,5.342410087585449,-7.034047603607178,-0.05191495642066002,-0.6945046782493591,-0.014815527945756912,0.08744914829730988,7.362288951873779,20.479127883911133,732.7966918945312,1438.998291015625,3.0395925045013428,0.01458207331597805,0.34187352657318115,0.1981983631849289,0.11801812052726746,0.10364793241024017,0.10170631855726242,0.08554141968488693,0.06724639981985092,0.04212844371795654,0.02418852038681507,0.007968498393893242
311,Jaycen Joshua,Trumpet,-9.431307,-8.87143,-8.003156661987305,2.606541633605957,0.029044007882475853,0.002167691010981798,0.43802332878112793,0.4996114671230316,-0.026946286956745856,26.897207574943227,3.6864781379699707,4.3064165115356445,-6.972758769989014,0.024143975228071213,-0.7636350393295288,0.000613854790572077,0.09801500290632248,7.5624589920043945,13.860028266906738,899.78369140625,1787.98095703125,2.759850025177002,0.019096752628684044,0.2835845351219177,0.11144217103719711,0.18893185257911682,0.14800475537776947,0.1259472370147705,0.09351734071969986,0.06255213916301727,0.0423760861158371,0.0255934689193964,0.009546180255711079
312,Jaycen Joshua,"Angel Pt. 1 (feat. Jimin of BTS, JVKE & Muni Long) - Trailer Version",-8.839591,-8.138177,-7.494820594787598,2.949233055114746,0.03250708431005478,0.04349631443619728,-0.2085556983947754,0.49977195262908936,-0.014590952908141563,22.72295212412548,3.213989019393921,3.7719597816467285,-6.966277599334717,0.01555405929684639,-0.6548135876655579,-0.019137635827064514,0.10395705699920654,7.814978122711182,13.716111183166504,826.8067016601562,1768.897705078125,2.4246881008148193,0.019207362085580826,0.3521190285682678,0.13128770887851715,0.19145609438419342,0.1405206173658371,0.13070179522037506,0.11130214482545853,0.08934559673070908,0.0620807483792305,0.04098230227828026,0.012681619264185429
313,Jaycen Joshua,Circus (feat. Method Man & Kabaka Pyramid),-12.50125,-10.821498,-9.780999183654785,3.989154815673828,0.0203899797052145,-0.0132191963493824,0.6554141044616699,0.4999808073043823,-0.02384316107493426,36.26670188068412,3.7808315753936768,5.012416362762451,-7.426454067230225,0.011958273127675056,-0.8060436248779297,-0.018705641850829124,0.1154027134180069,8.023650169372559,10.8302640914917,1323.1845703125,2426.189208984375,2.216960906982422,0.018116973340511322,0.2642969489097595,0.1083541065454483,0.14150197803974152,0.10266910493373871,0.0946468710899353,0.0829387754201889,0.06382595002651215,0.04838252440094948,0.03103073500096798,0.00989688839763403
314,Jaycen Joshua,Oliveira Dos Cen Anos,-20.449778,-18.472553,-9.679577827453613,15.057474136352539,0.009414413012564182,0.018320193514227867,2.694065570831299,0.4997042715549469,0.015634692239611087,5.585378818456029,3.59036922454834,5.033264636993408,-6.90551233291626,-0.03910083696246147,-0.42440611124038696,0.02924691140651703,0.07218170166015625,7.429681777954102,18.21173858642578,846.229248046875,1438.00341796875,3.3926002979278564,0.011246788315474987,0.11912471055984497,0.056677572429180145,0.08883821964263916,0.06974635273218155,0.07045665383338928,0.06682600826025009,0.05334469676017761,0.03342080116271973,0.0172232948243618,0.003483573440462351
315,Jaycen Joshua,Inside My Head,-13.147492,-12.511885,-11.089920997619629,9.884255409240723,0.015107140876352787,0.009561007842421532,1.1887269020080566,0.49986404180526733,-0.010704773598329036,14.714746398865989,3.3227181434631348,4.627442836761475,-6.864802837371826,0.04251926764845848,-0.6114148497581482,0.01843891851603985,0.06226181238889694,6.726750373840332,70.48648071289062,600.4330444335938,1117.082763671875,5.354735374450684,0.009889301843941212,0.21417738497257233,0.0862857922911644,0.1376812756061554,0.09258435666561127,0.08240606635808945,0.06936705857515335,0.04407486319541931,0.028275074437260628,0.014005757868289948,0.003250068984925747
316,Jaycen Joshua,This Is Love,-14.747639,-13.526193,-9.552221298217773,15.213479995727539,0.017359014600515366,0.03627852350473404,1.4612431526184082,0.49981749057769775,-0.009937710773545551,46.37858237640333,4.129241466522217,5.441463470458984,-7.038987159729004,0.07530549168586731,-0.7002370953559875,-0.014710645191371441,0.11013646423816681,7.819503307342529,24.421350479125977,1279.6463623046875,2374.518310546875,2.942495584487915,0.018345165997743607,0.20184235274791718,0.07543163746595383,0.11996786296367645,0.09831995517015457,0.08533649146556854,0.06880590319633484,0.053738050162792206,0.04041702672839165,0.02511131390929222,0.009634976275265217
317,Jaycen Joshua,Winning,-10.323684,-8.769854,-7.965856552124023,3.297935962677002,0.02497498132288456,0.012285640463232994,-0.03296709060668945,0.49954572319984436,-0.03497003677331041,15.500077067541051,3.734123468399048,4.679288864135742,-6.931581974029541,-0.007745213806629181,-0.671292781829834,-0.01967434398829937,0.12336218357086182,8.373680114746094,4.013599395751953,1482.55078125,2820.34130859375,1.7770384550094604,0.019793113693594933,0.2928544282913208,0.11511071026325226,0.1631583273410797,0.1195703074336052,0.11433521658182144,0.10756976902484894,0.08837099373340607,0.0744842141866684,0.042944297194480896,0.012591814622282982
318,Jaycen Joshua,Come Alive,-11.280242,-10.396003,-9.717864990234375,2.181943893432617,0.016706159338355064,0.009583618491888046,2.607921600341797,0.49997758865356445,-0.05589508976987815,30.922731240181655,4.280673027038574,5.473418712615967,-6.977642059326172,-0.003177337348461151,-0.7719056010246277,-0.03460400179028511,0.11239743232727051,7.957052707672119,11.24710464477539,1145.1234130859375,2187.718505859375,2.325875759124756,0.02114659920334816,0.1504853218793869,0.06023835018277168,0.14140689373016357,0.1207268238067627,0.10424114763736725,0.08083344995975494,0.06199096515774727,0.03837505728006363,0.023357287049293518,0.007645109668374062
319,Jaycen Joshua,Favorite Guy,-13.083598,-8.805388,-7.572636604309082,2.2776403427124023,0.03363804146647453,-0.022609282284975052,-0.3172767162322998,0.5004602074623108,-0.00786992944607895,29.959211337592226,3.0725293159484863,3.4430441856384277,-6.999143600463867,0.002933334559202194,-0.6975785493850708,-0.0047537838108837605,0.13418644666671753,8.022092819213867,5.3064866065979,1191.2222900390625,2343.9013671875,1.70111882686615,0.025133712217211723,0.38345786929130554,0.17268909513950348,0.17348416149616241,0.13152377307415009,0.1420041173696518,0.10545919835567474,0.08995667845010757,0.06386049091815948,0.04243185743689537,0.01677243784070015
320,Jaycen Joshua,Words of Affirmation,-8.817581,-8.294944,-7.709225177764893,7.229449272155762,0.02016371302306652,0.01218581572175026,0.6629681587219238,0.49980276823043823,-0.013630618249660173,7.389961061946902,3.7407169342041016,4.6612982749938965,-6.680583953857422,-0.002187857637181878,-0.46967801451683044,-0.014343450777232647,0.09402178972959518,7.606004238128662,21.59661865234375,1180.4342041015625,2142.280517578125,3.0431971549987793,0.01497562974691391,0.14815348386764526,0.0665816143155098,0.13543018698692322,0.15172921121120453,0.14157390594482422,0.11271198093891144,0.10041800141334534,0.06881970167160034,0.041454754769802094,0.00996727030724287
321,Jaycen Joshua,Gratitude,-19.630219,-12.606754,-10.10531234741211,7.531283378601074,0.015150157734751701,0.05416646972298622,1.6532530784606934,0.5001250505447388,-0.012328105090002263,13.830743235531138,4.1091694831848145,5.393103122711182,-6.692727088928223,-0.07011111825704575,-0.4279252290725708,-0.020922185853123665,0.12085394561290741,7.612660884857178,44.337711334228516,1457.31640625,2643.34375,3.389232635498047,0.021473120898008347,0.18511468172073364,0.060528092086315155,0.11648982763290405,0.0971117839217186,0.09115622937679291,0.06997063755989075,0.04952865093946457,0.03378133103251457,0.024913182482123375,0.008360356092453003
322,Jaycen Joshua,Yalla Habibi (feat. French Montana) [Bonus Track],-13.887378,-11.219838,-10.502674102783203,6.523015975952148,0.015097618103027344,0.01522999256849289,1.1160621643066406,0.49995696544647217,-0.059298308626260884,27.217675671007587,3.6405303478240967,5.062405586242676,-7.0355987548828125,0.13147734105587006,-0.7296487092971802,-0.017998233437538147,0.12828688323497772,8.021190643310547,6.976300239562988,1345.4273681640625,2457.91943359375,1.8411011695861816,0.021738437935709953,0.21303240954875946,0.11123061180114746,0.11011619865894318,0.09663891047239304,0.08784476667642593,0.08747591078281403,0.06060444563627243,0.04442023113369942,0.02928190305829048,0.010734287090599537
323,Jaycen Joshua,SHOT O' CLOCK,-16.709476,-12.073218,-8.977993965148926,9.069161415100098,0.022219864651560783,-0.009847861714661121,0.6176741123199463,0.4994364082813263,-0.0013077426212084048,21.473161782060657,3.9338769912719727,6.103788375854492,-6.807549953460693,-0.03479544445872307,-0.5739999413490295,-0.02746124006807804,0.12559492886066437,8.082592964172363,9.580768585205078,1889.784423828125,3123.78076171875,2.1059160232543945,0.019442854449152946,0.2749291956424713,0.12478599697351456,0.1273229718208313,0.09567492455244064,0.07866519689559937,0.07116236537694931,0.06630858778953552,0.053146444261074066,0.0334261879324913,0.011309252120554447
324,Jaycen Joshua,False Prophet,-12.322322,-9.560411,-6.749176979064941,3.8764963150024414,0.026893911883234978,-0.004804727155715227,0.46373629570007324,0.49995559453964233,-0.017132661092428024,13.093276394868363,3.8739285469055176,4.772076606750488,-7.375668048858643,-0.008375335484743118,-0.6953029632568359,-0.013094868510961533,0.08788374811410904,7.646416187286377,24.2470645904541,1238.3839111328125,2059.6689453125,3.194843053817749,0.013618779368698597,0.203275665640831,0.06315559893846512,0.15128441154956818,0.13726207613945007,0.1400788575410843,0.136119082570076,0.1172994077205658,0.07005985081195831,0.03765121102333069,0.007604497484862804
325,Jaycen Joshua,Favorite Song (feat. Future) [Toxic Version],-14.299742,-12.685412,-10.121026039123535,7.995970726013184,0.018626267090439796,0.12592771649360657,1.780364990234375,0.4994913339614868,-0.01293339016694751,22.102777238850784,3.7611076831817627,5.299548149108887,-6.940293312072754,-0.008112345822155476,-0.6499795317649841,-0.023544859141111374,0.08937741070985794,7.273006439208984,21.481542587280273,986.0257568359375,1751.522216796875,3.2735509872436523,0.015933053568005562,0.2144525945186615,0.07870908826589584,0.1292627900838852,0.0965707004070282,0.08080985397100449,0.0652756318449974,0.047012124210596085,0.029232092201709747,0.015660271048545837,0.00511548388749361
326,Jaycen Joshua,HOME,-7.8301516,-7.2398653,-6.6483659744262695,7.406569480895996,0.0369766466319561,0.0492045059800148,-0.26355648040771484,0.49907606840133667,-0.0015197482944756112,16.329101961122547,3.2029993534088135,3.792534351348877,-6.82285737991333,-0.018130099400877953,-0.637504518032074,0.007163483649492264,0.10336434096097946,7.882516860961914,7.864823341369629,1037.54833984375,1951.3448486328125,2.169297695159912,0.01724587380886078,0.3227793574333191,0.11233169585466385,0.24224413931369781,0.14421820640563965,0.14424659311771393,0.12344400584697723,0.09973975270986557,0.06243821978569031,0.040874604135751724,0.012017122469842434
327,Mark Spike Stent,In A Perfect World (with Julia Michaels) - Acoustic,-19.102917,-18.27801,-16.753238677978516,7.878954887390137,0.002196979708969593,0.13050571084022522,2.740799903869629,0.499956876039505,-0.02306829347962869,8.908968647193158,4.111342430114746,5.387582778930664,-7.115781784057617,0.007641750853508711,-0.681233286857605,-0.03058750554919243,0.12903781235218048,8.018380165100098,7.742425441741943,1557.9244384765625,2937.3291015625,2.031679153442383,0.022242847830057144,0.03323396295309067,0.009270279668271542,0.03928476199507713,0.05131417512893677,0.0545727014541626,0.043103765696287155,0.030422069132328033,0.022126177325844765,0.014148631133139133,0.006001799367368221
328,Mark Spike Stent,Third Eye,-14.43483,-13.257445,-7.6897149085998535,12.69883918762207,0.013245497830212116,0.026553712785243988,1.9278926849365234,0.5000641942024231,0.01504286402536639,5.5488441112576945,4.030424118041992,5.3481364250183105,-6.921741008758545,0.03936096653342247,-0.5508167147636414,-0.004822571761906147,0.10515984147787094,8.351027488708496,5.612944602966309,1883.2388916015625,3076.55419921875,2.0807225704193115,0.013525804504752159,0.10753828287124634,0.05063074454665184,0.0849292054772377,0.08952151238918304,0.09503196179866791,0.10420547425746918,0.10413963347673416,0.0717206671833992,0.044864218682050705,0.008928543888032436
329,Mark Spike Stent,Life Is Beautiful,-9.654407,-8.909834,-8.022165298461914,7.586164474487305,0.015855738893151283,-0.06843385100364685,0.6567754745483398,0.4999873638153076,0.026398269740387243,3.88389538548861,3.8963851928710938,4.63529634475708,-6.578702926635742,-0.010679411701858044,-0.47714656591415405,0.0057121398858726025,0.11509957164525986,8.517592430114746,8.841362953186035,1546.4656982421875,2935.86669921875,2.0361814498901367,0.017955442890524864,0.14442108571529388,0.057994093745946884,0.11574807018041611,0.12494038790464401,0.11878490447998047,0.11457347869873047,0.10405512899160385,0.07175958156585693,0.04342849925160408,0.012648340314626694
330,Mark Spike Stent,Damage Gets Done,-10.601349,-8.564384,-7.404414653778076,4.577691078186035,0.01795748621225357,0.010586907155811787,0.3651256561279297,0.49986475706100464,-0.009301468806698859,3.7003374686344914,3.8120362758636475,10.144071578979492,-6.880024433135986,0.019301190972328186,-0.508350133895874,-0.004344932734966278,0.10930129140615463,8.318784713745117,5.230924129486084,1466.1549072265625,2620.18896484375,2.01413893699646,0.01727643795311451,0.15793760120868683,0.06497620046138763,0.11949523538351059,0.1274486780166626,0.1419413983821869,0.14437080919742584,0.11226453632116318,0.07930247485637665,0.04437991976737976,0.01083843782544136
331,Mark Spike Stent,bad idea right,-10.343074,-9.655119,-8.855307579040527,6.589024543762207,0.013824868015944958,-0.08923425525426865,0.17905378341674805,0.50033038854599,0.004822249248923327,6.457911398125945,3.782717704772949,4.829948902130127,-7.095767498016357,-0.026980657130479813,-0.6107686758041382,0.00907018594443798,0.11285656690597534,8.529143333435059,4.8972368240356445,1532.06103515625,2903.796630859375,1.8916703462600708,0.01667872630059719,0.1475624293088913,0.060416340827941895,0.13272573053836823,0.12773533165454865,0.10673683881759644,0.09690775722265244,0.0931326299905777,0.07437873631715775,0.0445098839700222,0.010941949672996998
332,Mark Spike Stent,Ship To Wreck,-11.074292,-9.20625,-8.13211441040039,5.048001289367676,0.016209876164793968,0.065329909324646,0.7850494384765625,0.49994009733200073,0.010784704946781389,8.655696088758708,4.092808723449707,5.4880475997924805,-7.153122425079346,-0.037511423230171204,-0.639493465423584,-0.009754874743521214,0.15497401356697083,8.902536392211914,1.6066309213638306,2465.4287109375,4611.32177734375,1.3349103927612305,0.024500258266925812,0.16395129263401031,0.06786275655031204,0.12960626184940338,0.11618486791849136,0.1095571294426918,0.10185449570417404,0.1089082658290863,0.08313609659671783,0.06044432893395424,0.018077531829476357
333,Mark Spike Stent,De Selby (Part 2),-10.317159,-9.736059,-8.937593460083008,6.0320143699646,0.016694387421011925,-0.009551366791129112,1.2651448249816895,0.5002633929252625,0.018661241524897888,9.19250610140733,4.034178733825684,4.927741527557373,-6.7808403968811035,-0.03275586664676666,-0.5992955565452576,0.0014008607249706984,0.09572161734104156,8.070109367370605,15.106494903564453,1227.0848388671875,2343.189697265625,2.582285165786743,0.013965846970677376,0.17627352476119995,0.07956985384225845,0.13257110118865967,0.12773102521896362,0.11053500324487686,0.09322800487279892,0.07942503690719604,0.05762506276369095,0.03527824953198433,0.008849565871059895
334,Mark Spike Stent,Shake It Out,-28.382246,-24.924456,-19.164939880371094,9.069631576538086,0.0011633143294602633,0.01727677881717682,0.5025818347930908,0.4999941885471344,0.002267243926545718,3.553731772051032,3.5876660346984863,4.470686435699463,-7.168219089508057,-0.016094375401735306,-0.42977240681648254,0.02074561081826687,0.11756917089223862,8.377228736877441,5.426302433013916,1825.8426513671875,3084.206298828125,1.987626075744629,0.01834838278591633,0.043718211352825165,0.017863309010863304,0.03617331013083458,0.03001793660223484,0.03118683584034443,0.031545352190732956,0.029519200325012207,0.019702821969985962,0.011326896026730537,0.002896132878959179
335,Mark Spike Stent,Get Up Kid,-10.373282,-9.443477,-8.549479484558105,8.082448959350586,0.017037266865372658,0.02638954296708107,0.8312737941741943,0.49998927116394043,0.006916363132256227,5.742595318570075,3.7819955348968506,4.771444797515869,-6.731456756591797,-0.00739166047424078,-0.6253781318664551,0.0013451224658638239,0.10492664575576782,8.06607723236084,6.5889081954956055,1165.038330078125,2165.956298828125,2.2175047397613525,0.018366120755672455,0.17421285808086395,0.07569008320569992,0.12595592439174652,0.12419945746660233,0.13179612159729004,0.11926698684692383,0.092755027115345,0.06422695517539978,0.03363789618015289,0.00943883415311575
336,Mark Spike Stent,First Light,-13.904464,-11.001531,-7.788156032562256,10.128518104553223,0.018564710393548012,-0.01166724693030119,0.5492475032806396,0.4999685287475586,-0.007701229017502328,4.829293605352054,3.541304111480713,4.038002014160156,-6.71505880355835,-0.02109948731958866,-0.47493574023246765,-0.008251061663031578,0.08953085541725159,7.856795787811279,8.574200630187988,1250.2447509765625,2101.61376953125,2.445086717605591,0.013523033820092678,0.2060130536556244,0.10790679603815079,0.12524926662445068,0.12735049426555634,0.13636696338653564,0.11967466026544571,0.09267240762710571,0.06792959570884705,0.033247143030166626,0.007999137043952942
337,Mark Spike Stent,Stuck,-10.714281,-9.526031,-7.654513359069824,9.007257461547852,0.020412256941199303,-0.034508101642131805,0.7156248092651367,0.5000284910202026,-0.003252715216081592,6.269370734792023,3.5420095920562744,4.842813491821289,-6.62021017074585,-0.007008873857557774,-0.4844878017902374,0.007654951885342598,0.12089571356773376,8.14231014251709,21.25552749633789,1351.0823974609375,2682.5322265625,2.511671781539917,0.02124667353928089,0.19106361269950867,0.07862924784421921,0.1507265269756317,0.1368131786584854,0.133353590965271,0.09855305403470993,0.07379304617643356,0.05765693262219429,0.038137286901474,0.013324546627700329
338,Tom Elmhirst,MELTDOWN (feat. Drake),-12.090402,-10.478945,-9.020074844360352,9.857673645019531,0.028338531032204628,0.02755853161215782,-0.16981267929077148,0.49994948506355286,0.015366185340701295,31.684230416062082,3.594156265258789,4.393170356750488,-7.787413597106934,-0.0260344035923481,-0.6556976437568665,0.011449393816292286,0.1454515904188156,8.372008323669434,5.580653190612793,1723.693603515625,3569.105224609375,1.6032090187072754,0.023417768999934196,0.3970831036567688,0.2518806457519531,0.1303093284368515,0.1061701625585556,0.08733316510915756,0.07820700109004974,0.06121640279889107,0.06249912828207016,0.04954979941248894,0.022555498406291008
339,Tom Elmhirst,Angel,-16.64704,-13.024004,-8.586335182189941,5.660305976867676,0.015040364116430283,-0.014556851238012314,1.1541423797607422,0.500045120716095,-0.006969830397886412,5.405119188994029,3.879234790802002,5.035899639129639,-6.853309154510498,0.0018724283436313272,-0.533271312713623,0.013074416667222977,0.12665997445583344,8.39254093170166,4.109403610229492,1972.0535888671875,3390.546630859375,1.8187339305877686,0.020554523915052414,0.15830451250076294,0.055288221687078476,0.11913030594587326,0.1146317645907402,0.12166252732276917,0.1049686148762703,0.09478096663951874,0.06890881061553955,0.045960456132888794,0.011142990551888943
340,Tom Elmhirst,Just to Be Kind,-10.909123,-9.825496,-8.961566925048828,3.9668054580688477,0.021503044292330742,-0.004737285431474447,0.18667960166931152,0.5002332329750061,0.07237463520029713,19.644085746980558,3.409188985824585,4.2936248779296875,-7.175088882446289,-0.26223865151405334,-0.6842560768127441,0.027877461165189743,0.07084064930677414,7.31973934173584,23.897930145263672,619.3853759765625,1221.9591064453125,3.600328207015991,0.011924742721021175,0.2506975531578064,0.0842808336019516,0.18435610830783844,0.14306463301181793,0.12561677396297455,0.09259551763534546,0.06174558401107788,0.03924262151122093,0.02120909094810486,0.0054162368178367615
341,Tom Elmhirst,Medal,-11.910883,-10.838835,-10.124204635620117,5.880318641662598,0.01999237760901451,0.03429451584815979,1.6311616897583008,0.5000638365745544,0.005989014129318023,15.431033752890105,4.342505931854248,6.586581707000732,-6.753903388977051,-0.0005195916164666414,-0.5781345963478088,-0.013786418363451958,0.09430259466171265,7.818902492523193,9.116333961486816,1102.0360107421875,1929.899658203125,2.434124708175659,0.014114631339907646,0.23134462535381317,0.11185404658317566,0.11373423784971237,0.0982135757803917,0.08509929478168488,0.08046814054250717,0.057324789464473724,0.03799327462911606,0.023352252319455147,0.0059737893752753735
342,Tom Elmhirst,Palomino,-27.548876,-19.865486,-7.7383294105529785,7.2997846603393555,0.017469355836510658,-0.16226902604103088,0.9125492572784424,0.5003762245178223,0.017715872416990786,8.26048068356531,3.946805953979492,5.33827018737793,-13.360422134399414,-0.03003532439470291,-0.6149703860282898,-0.021822966635227203,0.14194171130657196,8.56613826751709,4.117382049560547,2832.748291015625,4192.935546875,1.7761955261230469,0.023067181929945946,0.1470145434141159,0.05367828533053398,0.12241856008768082,0.11332902312278748,0.12915672361850739,0.12689729034900665,0.11526316404342651,0.08412553369998932,0.0476299449801445,0.013340722769498825
343,Tom Elmhirst,Never Let Me Go,-17.415314,-14.254135,-6.9579997062683105,6.238001823425293,0.019464828073978424,0.00982454139739275,0.6045241355895996,0.4999437630176544,-0.041991338947394624,4.532023073422736,3.5698320865631104,4.2548699378967285,-6.799893856048584,0.030965281650424004,-0.4713585674762726,0.000830597709864378,0.11619701981544495,8.400219917297363,6.920854568481445,2125.373779296875,3393.630859375,2.1173274517059326,0.017322063446044922,0.1333039402961731,0.057896938174963,0.12286800146102905,0.14470894634723663,0.15615762770175934,0.1497652530670166,0.12294519692659378,0.08269459009170532,0.05110913887619972,0.011550658382475376
344,Tom Elmhirst,Strike (Holster),-12.040538,-11.248987,-9.964138984680176,5.278128623962402,0.015611205250024796,-0.035711076110601425,2.0029869079589844,0.49998995661735535,0.03725010377022101,32.40011616084701,4.226117134094238,7.550797462463379,-7.159565448760986,-0.09626393020153046,-0.6574246287345886,0.03267974033951759,0.12678971886634827,8.405725479125977,3.6139626502990723,1557.4384765625,2890.3828125,1.7339487075805664,0.020866606384515762,0.18220719695091248,0.0576813668012619,0.14406129717826843,0.08374398946762085,0.08527789264917374,0.07857134938240051,0.06526646763086319,0.051177769899368286,0.032838188111782074,0.010312449187040329
345,Tom Elmhirst,This Year,-13.134272,-10.877194,-9.834251403808594,7.0885701179504395,0.01315795723348856,-0.021071437746286392,2.4652786254882812,0.5002893805503845,0.006028474855250504,12.755194129320397,4.554626941680908,6.672700881958008,-7.260417938232422,0.03995251655578613,-0.7013095021247864,0.03473735973238945,0.11093883216381073,8.042004585266113,8.806939125061035,1447.399169921875,2596.446533203125,2.229637622833252,0.016684839501976967,0.11312688887119293,0.03983254358172417,0.10172750055789948,0.12152326852083206,0.10088904947042465,0.08544445037841797,0.05790185183286667,0.043272972106933594,0.029598135501146317,0.007423397619277239
346,Tom Elmhirst,Pink - Barbie Opening Theme,-14.35876,-13.335578,-12.094657897949219,6.227354049682617,0.009649612940847874,0.06214375048875809,2.914416790008545,0.4999598264694214,-0.005116495373832042,10.835730422832635,3.932525157928467,7.271393299102783,-6.8164286613464355,0.012327764183282852,-0.5699051022529602,-0.004705415572971106,0.1159752607345581,7.816570281982422,5.456292152404785,860.2813110351562,1985.34814453125,1.9899275302886963,0.022903744131326675,0.15263687074184418,0.07033256441354752,0.11598954349756241,0.09775619208812714,0.0633128359913826,0.048268936574459076,0.0320042259991169,0.02430611290037632,0.01776842586696148,0.006658948492258787
347,Tom Elmhirst,Disillusioned (with serpentwithfeet),-9.29908,-8.503551,-8.27508544921875,3.0617847442626953,0.019310900941491127,0.04501235485076904,1.7461533546447754,0.5002358555793762,0.04546670215640195,11.08563056072334,4.08087158203125,5.674822807312012,-6.937945365905762,-0.15242353081703186,-0.6491658091545105,0.02631371282041073,0.11924823373556137,8.120189666748047,9.694406509399414,1879.8564453125,3114.22509765625,1.9778379201889038,0.016614029183983803,0.16112269461154938,0.06246320903301239,0.13227258622646332,0.14087128639221191,0.12286997586488724,0.09866980463266373,0.07701687514781952,0.060494665056467056,0.04374857246875763,0.015026729553937912
348,Tom Elmhirst,running out of time,-9.524881,-8.803734,-8.538605690002441,3.605236053466797,0.019904866814613342,-0.020927341654896736,0.9528143405914307,0.49996957182884216,0.09800475905999106,11.27857415422703,3.787717819213867,4.880808353424072,-6.911570072174072,-0.164475217461586,-0.7380598783493042,0.09207109361886978,0.07038318365812302,7.412908554077148,37.86166763305664,679.3469848632812,1320.8599853515625,3.875406503677368,0.011356908828020096,0.16981099545955658,0.07129170000553131,0.1569230556488037,0.1667988896369934,0.13900761306285858,0.1094440221786499,0.08088254928588867,0.048489879816770554,0.024023039266467094,0.005750840995460749
349,Tom Elmhirst,Howling at the Moon,-10.501349,-9.258087,-8.222290992736816,6.911169052124023,0.020924730226397514,0.0063876439817249775,0.783879280090332,0.5000829100608826,-0.013401442194869651,6.386284209950261,3.463444948196411,4.2441534996032715,-7.426690101623535,-0.08552458882331848,-0.433092325925827,-0.03836953267455101,0.10490253567695618,7.8461079597473145,8.713433265686035,721.5822143554688,1607.9376220703125,2.303835153579712,0.02159159816801548,0.2081289440393448,0.09223143011331558,0.1500573605298996,0.15467019379138947,0.1275772750377655,0.106131412088871,0.06836897134780884,0.04506480693817139,0.02979833446443081,0.009197749197483063
350,Tom Elmhirst,drive ME crazy!,-9.102667,-8.675463,-7.959099292755127,6.963334083557129,0.021001428365707397,0.016045421361923218,1.259394645690918,0.5002694725990295,0.03498629897927616,10.866706901154744,3.78711199760437,4.624980449676514,-6.903322219848633,-0.13713926076889038,-0.6121482253074646,0.0639280155301094,0.07779750227928162,7.749581813812256,17.27625846862793,1148.656982421875,2070.57861328125,2.98753023147583,0.009268868714571,0.1567239910364151,0.056657176464796066,0.15209175646305084,0.15377597510814667,0.1454283595085144,0.11885397881269455,0.09148707985877991,0.0627661719918251,0.03410525247454643,0.008230630308389664
351,Tom Elmhirst,REACH THE SUNSHINE,-11.844013,-11.086497,-8.881061553955078,9.375542640686035,0.01559845544397831,0.05618251487612724,1.2271008491516113,0.4999595284461975,0.06681614336153666,4.464519070154847,3.541738986968994,5.355247974395752,-6.618416786193848,-0.07689651101827621,-0.3815991282463074,0.0535053014755249,0.0568404421210289,7.156947135925293,34.35457992553711,679.2152099609375,1274.34130859375,4.198846817016602,0.0070851934142410755,0.17341716587543488,0.07969367504119873,0.1376892775297165,0.12559030950069427,0.10293380916118622,0.08575063198804855,0.06084555760025978,0.040657225996255875,0.020583081990480423,0.0034406373742967844
352,Tom Elmhirst,Letter To The Past,-13.655084,-12.152875,-9.56224250793457,9.245560646057129,0.013554811477661133,-0.1259647160768509,1.6538424491882324,0.5003727078437805,-0.05668488790032852,16.4239077145228,3.7674970626831055,5.097496032714844,-7.201620578765869,0.15955431759357452,-0.8316951394081116,-0.11509553343057632,0.07339473068714142,7.202633380889893,22.843128204345703,859.6757202148438,1447.0384521484375,3.637471914291382,0.01207823771983385,0.11219299584627151,0.046074092388153076,0.10934151709079742,0.13384439051151276,0.13108210265636444,0.09876557439565659,0.06969299912452698,0.03992258384823799,0.02020685188472271,0.004645856097340584
353,Tom Elmhirst,Heartlines,-11.143724,-10.050476,-8.125234603881836,8.777673721313477,0.016205333173274994,0.03956325352191925,0.7114875316619873,0.4999850392341614,-0.023676338934211075,5.144795056836942,3.863391876220703,4.833103179931641,-6.644478797912598,1.6130064977915026e-05,-0.45697784423828125,-0.006666257046163082,0.10972881317138672,8.388880729675293,4.957054615020752,1563.647705078125,2761.629638671875,2.0570003986358643,0.01738477312028408,0.14594122767448425,0.06278357654809952,0.12349750101566315,0.11927957832813263,0.1317438781261444,0.11937863379716873,0.10751012712717056,0.07117429375648499,0.043424174189567566,0.009267495013773441
354,Tom Elmhirst,aint THE sky,-9.238899,-8.887599,-8.132790565490723,7.543737411499023,0.02097858116030693,-0.040452755987644196,0.27404069900512695,0.500056803226471,0.16623473200379993,3.1697653205301326,3.3074824810028076,4.088602066040039,-6.575460433959961,-0.14441880583763123,-0.3937685191631317,-0.027517147362232208,0.04719529300928116,6.86093282699585,84.26484680175781,653.2858276367188,1130.9390869140625,6.076335430145264,0.004608243703842163,0.24656355381011963,0.10726739466190338,0.13880731165409088,0.1355174034833908,0.13176210224628448,0.10974417626857758,0.08514822274446487,0.04561196267604828,0.020940523594617844,0.002981723053380847
355,Tom Elmhirst,the ride-,-7.899074,-7.531251,-7.345776557922363,2.6857004165649414,0.019958898425102234,-0.0042548649944365025,0.5149073600769043,0.49996742606163025,0.03987199897186932,4.3419719178396265,3.7648093700408936,4.662219524383545,-6.581923007965088,-0.03817613795399666,-0.4268275499343872,-0.00018752264440990984,0.09474486112594604,7.947399616241455,14.096243858337402,1401.63818359375,2351.54345703125,2.622049570083618,0.012057636864483356,0.1469365656375885,0.05816119164228439,0.12266191095113754,0.148518905043602,0.12783394753932953,0.1340976059436798,0.1176181435585022,0.07712416350841522,0.04134828597307205,0.009216033853590488
356,Tom Elmhirst,Only If For A Night,-11.680252,-10.72379,-8.143941879272461,10.08530330657959,0.014103023335337639,-0.01072696503251791,1.0328164100646973,0.49997228384017944,-0.04052928884443431,2.7710415668281527,3.8444948196411133,4.917414665222168,-6.475268363952637,0.00838889554142952,-0.42452993988990784,-0.0162414088845253,0.09978950768709183,8.296010971069336,6.256904602050781,1360.5789794921875,2540.26513671875,2.1897644996643066,0.014765960164368153,0.1619616001844406,0.06463182717561722,0.11140633374452591,0.10774801671504974,0.11101846396923065,0.10111844539642334,0.08947296440601349,0.06471725553274155,0.0384829007089138,0.008547179400920868
357,Tom Elmhirst,Shot My Baby,-11.926571,-10.832395,-8.364577293395996,10.359307289123535,0.02242247946560383,-0.032336946576833725,0.6086301803588867,0.500135064125061,0.09380921302242551,15.494305211199546,3.5927252769470215,4.330252647399902,-6.996066093444824,-0.21027253568172455,-0.6654908061027527,0.10270228981971741,0.08063637465238571,7.648658752441406,23.086387634277344,877.9583740234375,1820.536376953125,3.0475871562957764,0.010440642014145851,0.26380014419555664,0.10409253090620041,0.15156617760658264,0.11792126297950745,0.09866993874311447,0.0863635241985321,0.07011069357395172,0.05520118772983551,0.03280721604824066,0.007642139680683613
358,Tom Elmhirst,TELEKINESIS (feat. SZA & Future),-8.720219,-7.7022066,-7.375226974487305,3.241684913635254,0.025462348014116287,-0.02250584028661251,-0.16360926628112793,0.49981820583343506,0.013627255461072183,8.369519560822193,3.4541165828704834,4.087891578674316,-7.262436866760254,-0.07662690430879593,-0.6047759652137756,-0.041425976902246475,0.08909294009208679,7.792247295379639,15.927998542785645,977.3390502929688,1949.572509765625,2.8014512062072754,0.014886765740811825,0.23333822190761566,0.10017462074756622,0.17324715852737427,0.17812910676002502,0.16782309114933014,0.1403750628232956,0.09333258122205734,0.06166522577404976,0.038541022688150406,0.010475519113242626
359,Tom Elmhirst,Mama Werewolf,-14.315953,-13.080765,-11.02810001373291,9.441442489624023,0.010267740115523338,-0.018726330250501633,2.2407073974609375,0.4999675750732422,-0.022234535065960577,8.592943722345092,4.119341850280762,6.100620269775391,-6.769825458526611,0.061722081154584885,-0.49740472435951233,0.02325173281133175,0.11826325953006744,8.215210914611816,5.074707984924316,1364.235107421875,2665.54541015625,1.9054105281829834,0.02021389827132225,0.15016187727451324,0.06262069940567017,0.10321585088968277,0.08694352209568024,0.09380404651165009,0.0712207779288292,0.056377071887254715,0.04135344177484512,0.026225944980978966,0.008984276093542576
360,Tom Elmhirst,MY EYES,-9.808662,-8.757438,-8.034790992736816,7.055497646331787,0.02191769704222679,0.016708405688405037,0.22309255599975586,0.49986252188682556,-0.022142910090371993,9.136928908958186,3.7589151859283447,4.210083961486816,-7.571086406707764,-0.03747064992785454,-0.6514643430709839,-0.07531924545764923,0.09236609935760498,7.453338623046875,19.83405303955078,928.67724609375,1756.9981689453125,3.276453971862793,0.016920151188969612,0.16896015405654907,0.05386454984545708,0.14942869544029236,0.170267254114151,0.16536612808704376,0.13142463564872742,0.06862711906433105,0.04539954662322998,0.02638511173427105,0.009287773631513119
361,Tom Elmhirst,The Alchemist,-9.123542,-8.573849,-7.3728132247924805,7.6593546867370605,0.02200840786099434,0.014845116063952446,0.5595080852508545,0.5000801086425781,-0.009335200071076228,6.21141128146466,3.4431397914886475,4.09528112411499,-6.616560459136963,-0.04157906770706177,-0.48179855942726135,-0.048366278409957886,0.07948262989521027,7.462063789367676,41.478851318359375,866.095458984375,1775.23486328125,4.347743511199951,0.012277199886739254,0.17628563940525055,0.07973120361566544,0.1624990850687027,0.16014637053012848,0.1556280106306076,0.12548427283763885,0.09316931664943695,0.06158474460244179,0.036020323634147644,0.009285426698625088
362,Tom Elmhirst,Wild Horses II,-16.002771,-14.586143,-12.314053535461426,9.283696174621582,0.007882853038609028,-0.07148691266775131,2.2225852012634277,0.500055730342865,0.10067865923407292,13.856240598745467,4.057891845703125,5.967798233032227,-7.109701156616211,-0.18158087134361267,-0.6037421822547913,0.061432674527168274,0.07235423475503922,7.173869609832764,19.137969970703125,864.9844970703125,1614.126708984375,3.448892116546631,0.011542106978595257,0.1195598915219307,0.046043187379837036,0.09989167004823685,0.09238503128290176,0.07392227649688721,0.054394111037254333,0.04414445161819458,0.028876982629299164,0.015930823981761932,0.0031228787265717983
363,Tom Elmhirst,Vince Van Gogh,-9.501361,-8.182845,-7.483574390411377,3.375948905944824,0.025553561747074127,0.020381789654493332,0.1956801414489746,0.500052273273468,-0.011097967742118228,11.230542520292001,3.442631483078003,4.198781490325928,-7.175212383270264,-0.056042611598968506,-0.7148827314376831,-0.0013447836972773075,0.08638593554496765,7.7863335609436035,8.60185718536377,979.5889282226562,1847.6060791015625,2.3139560222625732,0.01167453732341528,0.24220959842205048,0.12570996582508087,0.193558007478714,0.17194946110248566,0.12714672088623047,0.10788422077894211,0.08047346770763397,0.06175714731216431,0.03454442322254181,0.007980411872267723
364,Tom Elmhirst,Always,-16.53491,-12.763241,-8.354308128356934,11.650840759277344,0.017346149310469627,-0.0226842500269413,1.3853111267089844,0.49997130036354065,0.024440726101109412,9.148254752083698,3.3680288791656494,4.455277442932129,-7.005702018737793,-0.016933118924498558,-0.7649965286254883,0.048218343406915665,0.076097771525383,7.102869033813477,38.83065414428711,931.7858276367188,1524.8084716796875,4.144711017608643,0.012216334231197834,0.15332865715026855,0.07105705887079239,0.14133049547672272,0.15004956722259521,0.13518095016479492,0.09514255076646805,0.058357104659080505,0.03652003034949303,0.022032039240002632,0.006082175765186548
365,Tom Elmhirst,Who We Are,-15.515242,-12.599333,-9.224804878234863,12.269693374633789,0.014336803928017616,-0.015812886878848076,1.3413910865783691,0.500052273273468,-0.006791172671115269,7.429003108871286,3.6306004524230957,4.856557369232178,-7.250414848327637,0.03372390940785408,-0.6777312159538269,0.04819536209106445,0.08549857884645462,7.769353866577148,11.906588554382324,1084.9837646484375,2026.1119384765625,2.717992067337036,0.012797347269952297,0.1741258054971695,0.07658810913562775,0.11942089349031448,0.10587378591299057,0.10577118396759033,0.09213048219680786,0.08144690841436386,0.053596656769514084,0.028460610657930374,0.006587257143110037
366,Tom Elmhirst,Hunger,-19.380608,-17.273125,-9.538089752197266,12.16132926940918,0.010542028583586216,-0.0005984447780065238,2.3471317291259766,0.49996984004974365,0.022721852680795702,7.770736520763926,3.839226007461548,5.77236795425415,-6.849810600280762,-0.043368130922317505,-0.48741355538368225,0.0032444188836961985,0.09888830780982971,7.899849891662598,10.146303176879883,1160.0472412109375,2163.07275390625,2.584684371948242,0.01740027219057083,0.11035821586847305,0.03925704210996628,0.0857253298163414,0.0938553586602211,0.09148047119379044,0.07840899378061295,0.06292132288217545,0.04149526357650757,0.026363691315054893,0.006536720786243677
367,Tom Elmhirst,the BLACK seminole,-8.023933,-7.655991,-7.105838775634766,5.643275260925293,0.02572658471763134,0.010783353820443153,0.04253864288330078,0.4998810589313507,0.08377631092751471,5.4827688634181975,3.137463092803955,3.627304792404175,-6.831699371337891,-0.2133404016494751,-0.4740622043609619,0.014514409005641937,0.06794046610593796,7.239869117736816,41.150203704833984,712.64111328125,1436.7611083984375,4.1406755447387695,0.009067832492291927,0.25395432114601135,0.11125104129314423,0.18588823080062866,0.16254369914531708,0.13600105047225952,0.11954860389232635,0.08912516385316849,0.06242526322603226,0.03379986435174942,0.0074549587443470955
368,Tom Elmhirst,Eat Your Young,-14.5696535,-13.202098,-9.717503547668457,10.423871994018555,0.010702650994062424,-0.006358109414577484,1.977379322052002,0.5000104308128357,0.0142870756861031,5.360186122524021,4.048216342926025,5.857946872711182,-6.805627346038818,-0.0287857074290514,-0.4878687858581543,0.0010502065997570753,0.0843229740858078,7.9501214027404785,14.558985710144043,1323.263671875,2259.391357421875,2.8487987518310547,0.010659086517989635,0.1057986319065094,0.046792272478342056,0.08511010557413101,0.09403249621391296,0.09770038723945618,0.09668440371751785,0.07908950746059418,0.053452081978321075,0.026376070454716682,0.004860498011112213
369,Tom Elmhirst,Buyer's Remorse (feat. Omar Apollo),-11.97725,-10.744245,-9.243645668029785,8.587903022766113,0.014413240365684032,-0.04142468795180321,1.4746589660644531,0.5000232458114624,0.0038428445309131314,5.712907222845958,3.5946872234344482,5.605166435241699,-6.739437103271484,-0.02976066805422306,-0.48114848136901855,0.032879430800676346,0.06641554832458496,7.024774074554443,28.458436965942383,754.0896606445312,1229.2523193359375,3.826552391052246,0.009154273197054863,0.11833241581916809,0.05356486514210701,0.10920052230358124,0.128622904419899,0.11613014340400696,0.10312803089618683,0.05957365408539772,0.03167695924639702,0.015387963503599167,0.0032865763641893864
370,Tom Elmhirst,Homiesexual (with Ty Dolla $ign),-13.428093,-12.073845,-10.082541465759277,6.907036781311035,0.024343382567167282,0.07319501787424088,0.9008069038391113,0.4997326135635376,0.011582644566269715,39.90591753497366,3.5164482593536377,4.453402042388916,-7.1217122077941895,-0.035892996937036514,-0.6167098879814148,-0.01010457519441843,0.0904867947101593,7.2116217613220215,20.162019729614258,862.7893676757812,1610.559814453125,3.037736415863037,0.01663999818265438,0.30965209007263184,0.12555788457393646,0.15232603251934052,0.09554754942655563,0.07540424913167953,0.06247120350599289,0.039703480899333954,0.02749405987560749,0.017647461965680122,0.005803093314170837
371,Tom Elmhirst,Unstoppable,-11.337024,-10.722247,-8.972692489624023,10.425117492675781,0.016697367653250694,-0.08939677476882935,1.9860706329345703,0.5004022121429443,0.013204720341352859,22.278356483105615,3.810180425643921,5.137381553649902,-7.448550701141357,-0.06777831166982651,-0.749130368232727,0.012750462628901005,0.061129335314035416,7.389949321746826,21.568872451782227,817.2527465820312,1405.659912109375,3.5290191173553467,0.007373680826276541,0.13863471150398254,0.0653802901506424,0.12704424560070038,0.14097560942173004,0.120977483689785,0.10138268023729324,0.07026160508394241,0.043932199478149414,0.021046452224254608,0.0037841862067580223
372,Tom Elmhirst,THE zone~,-8.06776,-7.901277,-7.728838920593262,2.9875898361206055,0.02301865443587303,0.00010928191477432847,0.3369786739349365,0.4999632239341736,0.02712600955191866,9.845621169012611,3.5319314002990723,4.246310710906982,-6.866847515106201,-0.0711187943816185,-0.6896867752075195,-0.001563100959174335,0.07521665841341019,7.716010093688965,13.28430461883545,826.9042358398438,1539.2099609375,2.8744325637817383,0.010587737895548344,0.19373314082622528,0.08394508063793182,0.18206316232681274,0.18143664300441742,0.14563006162643433,0.11375867575407028,0.10219671577215195,0.0624757781624794,0.03219570964574814,0.006955510005354881
373,Tom Elmhirst,Kaleidoscope,-22.331148,-19.74426,-15.0470609664917,12.631084442138672,0.002970077097415924,-0.009428231045603752,3.500873565673828,0.49999961256980896,0.06669796737179856,12.502131687583343,3.701296806335449,5.645754814147949,-6.846316337585449,-0.07475103437900543,-0.6991925835609436,-0.0028759066481143236,0.07762766629457474,7.180225849151611,21.491317749023438,820.25341796875,1338.8284912109375,3.4560983180999756,0.01407431811094284,0.02431766502559185,0.007550716865807772,0.03422636166214943,0.057013578712940216,0.06616001576185226,0.05682607367634773,0.03321050480008125,0.017682740464806557,0.008823253214359283,0.0023176323156803846
374,Tom Elmhirst,LA Hex,-8.821909,-8.034984,-7.381803512573242,4.163625240325928,0.02784624509513378,0.0028116717003285885,0.4816608428955078,0.4999789595603943,0.05086475568264255,9.378276206733847,3.7888376712799072,4.107479095458984,-6.972530841827393,-0.046568166464567184,-0.7021781802177429,0.03746752813458443,0.08188202232122421,7.8850932121276855,9.337944984436035,739.0021362304688,1551.5028076171875,2.6131856441497803,0.013627687469124794,0.27795061469078064,0.1138453558087349,0.19215403497219086,0.16379527747631073,0.14008519053459167,0.10743687301874161,0.08260788023471832,0.05667096748948097,0.030333103612065315,0.007655042223632336
375,Tom Elmhirst,The Last One,-12.074302,-10.736415,-9.244189262390137,7.877748489379883,0.01463870145380497,-0.06578073650598526,1.5529489517211914,0.4999273717403412,0.06366397453164718,8.790457859544569,4.1713151931762695,5.405906677246094,-6.823113441467285,-0.10960584133863449,-0.596612274646759,0.051520150154829025,0.09458740800619125,7.830995559692383,6.965396881103516,977.0006713867188,2043.97412109375,2.296943426132202,0.015461866743862629,0.14397546648979187,0.05817108601331711,0.12236295640468597,0.12053680419921875,0.11678554862737656,0.1010296493768692,0.07980679720640182,0.05083361640572548,0.034800510853528976,0.007873944006860256
376,Tom Elmhirst,sHouLd i B,-7.090991,-7.054347,-7.046626091003418,0.7909054756164551,0.023891782388091087,-0.03474457561969757,-0.1107327938079834,0.5000729560852051,0.06481681092469191,5.2631662709932545,3.6848249435424805,4.022790431976318,-6.665200710296631,-0.06024530902504921,-0.5649884939193726,0.0025354367680847645,0.11498912423849106,8.542344093322754,3.209879159927368,1155.5333251953125,2754.753173828125,1.6516058444976807,0.017663534730672836,0.22344286739826202,0.09800484031438828,0.1861453801393509,0.18230079114437103,0.1637004315853119,0.1343849152326584,0.11027694493532181,0.07973992079496384,0.052400439977645874,0.016728445887565613
377,Tom Elmhirst,Francesca,-12.97816,-11.889919,-8.589526176452637,8.478751182556152,0.011787827126681805,0.036907922476530075,0.5973637104034424,0.49998173117637634,0.045868943811023986,2.219257855089925,3.732861042022705,5.028264045715332,-6.596890926361084,-0.1011291965842247,-0.37597572803497314,-0.012520117685198784,0.10555057972669601,8.107315063476562,8.216975212097168,1084.576416015625,2423.1455078125,2.1855204105377197,0.01666208915412426,0.15637917816638947,0.07418417930603027,0.11378102004528046,0.1135433241724968,0.0863942950963974,0.0709250196814537,0.06542565673589706,0.05268065631389618,0.030499925836920738,0.009079616516828537
378,Tom Elmhirst,Do You Like Me,-14.067428,-12.601499,-9.871360778808594,13.105740547180176,0.01618957333266735,-0.014041547663509846,2.118454933166504,0.4998716711997986,0.05817756007366848,15.075256442404275,3.57851505279541,6.079901695251465,-7.121161937713623,-0.15895821154117584,-0.5460949540138245,0.058852773159742355,0.06379618495702744,7.109954357147217,26.177419662475586,752.897216796875,1290.289794921875,3.7109627723693848,0.008407079614698887,0.18651756644248962,0.07621922343969345,0.12884509563446045,0.11372403055429459,0.08591283857822418,0.06945901364088058,0.04100733995437622,0.025472601875662804,0.013789496384561062,0.0029853403102606535
379,Tom Elmhirst,(failure(,-11.293907,-10.594976,-9.973028182983398,3.8971052169799805,0.011944717727601528,0.027031147852540016,0.9938571453094482,0.4999828636646271,0.10471891481704354,5.72501790841143,3.719964027404785,4.983220100402832,-6.762638092041016,-0.026145052164793015,-0.5264179706573486,0.03202560544013977,0.05244312435388565,7.0969977378845215,40.29983901977539,854.347900390625,1346.9493408203125,4.811275482177734,0.005959800910204649,0.10001356899738312,0.05411447584629059,0.10086191445589066,0.12250135093927383,0.12751059234142303,0.10170915722846985,0.07106560468673706,0.03986763954162598,0.017544180154800415,0.002630280563607812
380,Tom Elmhirst,Superpowers,-14.40442,-10.85044,-9.772122383117676,4.798898696899414,0.017047137022018433,-0.07275519520044327,0.47649526596069336,0.5000734329223633,0.03751394404112662,11.240820981611703,3.5739402770996094,5.420430660247803,-6.973677635192871,-0.10647130012512207,-0.6807320713996887,0.05951670557260513,0.06343308836221695,7.080833435058594,26.3836612701416,845.01171875,1328.3206787109375,3.8924455642700195,0.009380682371556759,0.2121661901473999,0.08558708429336548,0.16176071763038635,0.12883074581623077,0.12016157805919647,0.0872761458158493,0.0579015351831913,0.03216365724802017,0.01744423620402813,0.0035015055909752846
381,Tom Elmhirst,Spectru,-23.942337,-18.875216,-7.510777473449707,17.68669319152832,0.012172236107289791,0.06472625583410263,2.3294472694396973,0.49992242455482483,-0.04296381346845016,3.225544487220737,4.016474723815918,5.761072158813477,-9.539711952209473,0.04031236097216606,-0.37388524413108826,-0.015312529169023037,0.11773034930229187,8.344101905822754,5.198816299438477,2173.40283203125,3454.26171875,2.009665012359619,0.017312251031398773,0.11037468910217285,0.04375872388482094,0.09790920466184616,0.08891083300113678,0.09326473623514175,0.09566136449575424,0.09021719545125961,0.0634702742099762,0.038151487708091736,0.008178627118468285
382,Tom Elmhirst,It's Good To Be In Love,-11.514851,-10.7335205,-8.987188339233398,7.553859710693359,0.016150638461112976,0.036739274859428406,0.6272633075714111,0.4999925494194031,0.03392336493182269,10.969824422379425,3.6667261123657227,4.688474178314209,-7.027854919433594,-0.018228834494948387,-0.7205402255058289,0.05051329359412193,0.12164422869682312,8.315059661865234,4.893432140350342,1062.2432861328125,2367.469970703125,1.835907220840454,0.022558296099305153,0.18617801368236542,0.07123227417469025,0.15877847373485565,0.1313970685005188,0.11489137262105942,0.09869100898504257,0.07765991985797882,0.0560961477458477,0.0376591719686985,0.011442911811172962
383,Tom Elmhirst,Cool,-13.984896,-11.28769,-9.747774124145508,5.127388954162598,0.01684916391968727,-0.12770222127437592,0.49283933639526367,0.5000938177108765,0.09737777487352611,10.961278675662662,3.2989590167999268,4.77590799331665,-6.930726051330566,-0.13884393870830536,-0.6925740838050842,0.10961075127124786,0.05395716801285744,6.294366836547852,48.646087646484375,689.4953002929688,1074.2542724609375,5.480869293212891,0.008976885117590427,0.18539714813232422,0.07564752548933029,0.1395931839942932,0.1352919191122055,0.13985885679721832,0.08250562846660614,0.042605478316545486,0.024324169382452965,0.013037914410233498,0.0028261628467589617
384,Tom Elmhirst,Sorry for Me,-18.238699,-14.2296505,-10.809864044189453,10.427839279174805,0.011125095188617706,-0.0017290796386078,2.0252861976623535,0.5003744959831238,0.040710580030278366,14.253247862825386,3.6767802238464355,5.399348258972168,-8.220382690429688,-0.11056671291589737,-0.7833460569381714,0.0710805356502533,0.10130976140499115,7.83864164352417,7.827767372131348,1334.015625,2208.320556640625,2.3384623527526855,0.01668630540370941,0.13607212901115417,0.06103580445051193,0.11124010384082794,0.10488595813512802,0.10086257755756378,0.07620364427566528,0.05733573064208031,0.036085713654756546,0.020451931282877922,0.005944035016000271
385,Tom Elmhirst,Don't Cry For Me - Darkchild Film Version,-16.424345,-14.215073,-11.673003196716309,12.729372024536133,0.008538993075489998,-0.06493034213781357,1.728187084197998,0.5000392198562622,0.0021521179720884825,11.35246100574795,3.5515336990356445,6.939602851867676,-7.427247047424316,0.04692235589027405,-0.5986321568489075,-0.004295365884900093,0.08140832185745239,7.416367053985596,19.234994888305664,946.26904296875,1659.034423828125,3.0641417503356934,0.012716048397123814,0.1357082575559616,0.05701575055718422,0.10772757977247238,0.08659512549638748,0.07221127301454544,0.06355208903551102,0.05132739618420601,0.035486772656440735,0.019622264429926872,0.004983800929039717
386,Tom Elmhirst,TIL FURTHER NOTICE (feat. James Blake & 21 Savage),-10.86473,-9.458843,-8.342032432556152,8.840307235717773,0.02423577569425106,0.017637206241488457,0.3951272964477539,0.5000292062759399,-0.0073773824846390884,7.699551207959691,3.4057281017303467,4.174789905548096,-7.486315727233887,-0.00720601063221693,-0.7025639414787292,-0.010114621371030807,0.07436422258615494,7.286705493927002,24.730201721191406,716.1072387695312,1457.9879150390625,3.4530961513519287,0.011797179467976093,0.2580466568470001,0.10991440713405609,0.16977570950984955,0.16005128622055054,0.10932102799415588,0.08756227791309357,0.0574125275015831,0.04088880494236946,0.023627275601029396,0.007747070863842964
387,Tom Elmhirst,Let Me Go,-17.22624,-16.027586,-13.650005340576172,10.692642211914062,0.006610894110053778,-0.03408828750252724,3.6757593154907227,0.4999779164791107,0.018541443977361995,10.357748306810553,3.735382556915283,6.44140625,-6.914376258850098,-0.10405910760164261,-0.6687524318695068,0.009324668906629086,0.06690698862075806,7.098238945007324,19.52300262451172,703.8438720703125,1173.0870361328125,3.4583306312561035,0.010715555399656296,0.10272424668073654,0.05241173878312111,0.0729447677731514,0.07741208374500275,0.06064831465482712,0.0540311299264431,0.03034977614879608,0.018988577648997307,0.009592818096280098,0.002010736148804426
388,Tom Elmhirst,You and Me On The Rock (feat. Lucius),-19.979929,-19.500237,-18.956754684448242,5.60099983215332,0.0018517314456403255,0.00943518802523613,1.3650331497192383,0.49993568658828735,0.04239598703904765,28.467882581845085,4.149551868438721,5.412794589996338,-7.315303325653076,-0.1636406034231186,-0.8271880745887756,0.0553746223449707,0.1237429827451706,8.39725399017334,3.3555080890655518,1072.8897705078125,2354.413818359375,1.7915945053100586,0.02282099425792694,0.054362084716558456,0.021123794838786125,0.04674965515732765,0.04303164780139923,0.03897005319595337,0.03304477035999298,0.027191724628210068,0.019102443009614944,0.011998290196061134,0.0035153350327163935
389,Tom Elmhirst,Move Me,-12.132546,-10.5288925,-7.398571014404297,8.391000747680664,0.023078611120581627,-0.020392639562487602,0.7975664138793945,0.5000304579734802,0.015291708189488802,12.59202044887314,3.9401025772094727,4.971718788146973,-7.027235984802246,-0.0389150008559227,-0.6587316393852234,0.03010493889451027,0.09963501989841461,8.00691032409668,8.556724548339844,1091.865478515625,2196.655517578125,2.2713828086853027,0.015174937434494495,0.20364736020565033,0.07089035212993622,0.16059303283691406,0.1617092341184616,0.11838115751743317,0.09730957448482513,0.06566393375396729,0.05259176343679428,0.03497802093625069,0.01061395462602377
390,Tom Elmhirst,Ready to Run,-13.220774,-10.691781,-9.032569885253906,6.158162593841553,0.01064247265458107,0.24191279709339142,1.3401565551757812,0.4998563528060913,0.053999719391402724,4.7904156600683265,4.144989013671875,5.816679000854492,-7.875523567199707,-0.06677165627479553,-0.5182738900184631,0.05374680832028389,0.10375898331403732,7.889823913574219,8.61065673828125,2027.1453857421875,3129.9541015625,2.3887321949005127,0.014863465912640095,0.06154383718967438,0.015008454211056232,0.0639212355017662,0.0969533920288086,0.11795864999294281,0.11348556727170944,0.09546051919460297,0.07288964092731476,0.04872395470738411,0.009023010730743408
391,Tom Elmhirst,Sorry for Me - slow,-19.384863,-15.024492,-12.191000938415527,10.275045394897461,0.007476402446627617,-0.024879690259695053,1.911623477935791,0.5000912547111511,0.021737423815183142,4.189577993034098,3.6259775161743164,5.735368251800537,-7.696922779083252,-0.07165937125682831,-0.4744507372379303,-0.007976103574037552,0.09041699022054672,7.7892866134643555,8.67695140838623,1119.76123046875,1973.087158203125,2.415123701095581,0.013881492428481579,0.12442532926797867,0.05720420926809311,0.09362752735614777,0.08234193921089172,0.07774828374385834,0.061549652367830276,0.043614462018013,0.0293277595192194,0.016488872468471527,0.004579273983836174
392,Tom Elmhirst,Walk Of Life,-14.304468,-13.302789,-11.383962631225586,2.975802421569824,0.008990970440208912,-0.004599685315042734,0.6124162673950195,0.49999570846557617,0.020107052960231922,14.914493861524841,4.080643177032471,6.1567463874816895,-6.999485015869141,-0.11187147349119186,-0.5862564444541931,0.02436019666492939,0.15187329053878784,8.560155868530273,2.3299708366394043,1766.8043212890625,3590.239013671875,1.4021412134170532,0.02507713995873928,0.1520940661430359,0.06826165318489075,0.1166086494922638,0.07557271420955658,0.06786300987005234,0.0664493665099144,0.06620233505964279,0.048751331865787506,0.0358520969748497,0.01188599318265915
393,Tom Elmhirst,Valentina,-24.151964,-14.0693035,-11.52354907989502,10.06043529510498,0.012348296120762825,-0.06157633289694786,4.896501541137695,0.5004274845123291,0.007365737526429061,7.59852131297612,3.756507635116577,7.440584659576416,-11.343018531799316,-0.038744594901800156,-0.637190580368042,0.024083709344267845,0.09153519570827484,7.277230739593506,23.235427856445312,1463.6656494140625,2070.427001953125,3.4642961025238037,0.015928398817777634,0.16148032248020172,0.06717868894338608,0.0824505016207695,0.06765644997358322,0.06840194016695023,0.055534712970256805,0.034203872084617615,0.020707890391349792,0.011544298380613327,0.003335617482662201
394,Tom Elmhirst,Right on Time,-24.189875,-19.905384,-10.932513236999512,16.1103458404541,0.008475183509290218,-0.04165985435247421,2.54841947555542,0.5007808804512024,-0.02543457467544874,7.390966792994935,3.601732015609741,7.885830879211426,-7.401588439941406,0.018184112384915352,-0.6361492872238159,0.011103787459433079,0.08972852677106857,7.601611137390137,19.516538619995117,1510.6348876953125,2245.549560546875,3.1869466304779053,0.013746505603194237,0.09518946707248688,0.04214879125356674,0.09248775988817215,0.09425298869609833,0.08763737231492996,0.0658864825963974,0.05096696689724922,0.031042946502566338,0.016783561557531357,0.003974915016442537
395,Tom Elmhirst,Oh Woman Oh Man - MK Remix,-13.65049,-13.128821,-12.496665954589844,3.673898696899414,0.010470044799149036,-0.014004943892359734,0.7938554286956787,0.4999920129776001,-0.016112779333485622,26.21787948996346,4.116650581359863,5.550128936767578,-7.1900634765625,-0.0018107108771800995,-0.6554657220840454,-0.014101618900895119,0.13296464085578918,7.9933905601501465,6.998991012573242,1421.416748046875,2775.532958984375,1.9341139793395996,0.02420881576836109,0.18714232742786407,0.05798986554145813,0.1230723112821579,0.08595661073923111,0.07212921977043152,0.05318589508533478,0.03551185131072998,0.027345439419150352,0.021260404959321022,0.008423144929111004
396,Tom Elmhirst,WE SAW THE SUN!,-9.475735,-9.07784,-7.433937072753906,9.645650863647461,0.01769738271832466,0.03417816013097763,0.780787467956543,0.4999843239784241,-0.012540637697210406,3.1366356464284233,3.8758485317230225,5.049524784088135,-6.54710054397583,-0.08518721908330917,-0.3749562203884125,-0.0011609982466325164,0.06848679482936859,7.787026882171631,20.389095306396484,1133.7781982421875,1826.4061279296875,3.047271728515625,0.00709955021739006,0.13134339451789856,0.049274250864982605,0.11159560829401016,0.1427461951971054,0.15016679465770721,0.1300150752067566,0.10280518978834152,0.06347296386957169,0.029171911999583244,0.004793860483914614
397,Tom Elmhirst,Eat Your Young - Bekon's Choral Version,-15.709806,-13.054701,-11.726956367492676,6.743047714233398,0.007618060801178217,-0.00843251682817936,1.172299861907959,0.5000619292259216,-0.03776052375956588,5.546249509326835,3.66237211227417,5.52506160736084,-7.44491720199585,0.08472579717636108,-0.5954955816268921,0.023060794919729233,0.0757506713271141,7.192593574523926,12.906420707702637,956.34619140625,1445.87060546875,3.063815116882324,0.012191155925393105,0.05525169149041176,0.017301151528954506,0.08296383917331696,0.11223697662353516,0.11225958168506622,0.08853079378604889,0.04833561182022095,0.026155713945627213,0.01300494372844696,0.003444820176810026
398,Tom Elmhirst,New York,-11.182271,-9.98919,-8.520360946655273,3.037675380706787,0.023861614987254143,-0.015182309783995152,0.5599474906921387,0.5003146529197693,0.005778961109637687,9.629320722079497,3.3770065307617188,4.348607063293457,-6.731348991394043,-0.02516116574406624,-0.6210423707962036,0.03973834216594696,0.0804080218076706,7.677253246307373,17.506479263305664,857.9848022460938,1672.864013671875,3.013716697692871,0.012006841599941254,0.29789844155311584,0.13277524709701538,0.1575515866279602,0.12223956733942032,0.11241939663887024,0.0923972800374031,0.07619021832942963,0.0547688789665699,0.02988690510392189,0.006380455568432808
399,Tom Elmhirst,Ant Pile,-9.694262,-9.287246,-8.670854568481445,4.958268165588379,0.01767067424952984,-0.020758887752890587,1.1179776191711426,0.5000485777854919,0.021348995706378406,11.470392970579013,4.032721996307373,4.870251178741455,-7.439827919006348,0.060837000608444214,-0.7355594038963318,0.010607045143842697,0.0977766364812851,8.03585433959961,10.0488920211792,1238.5794677734375,2372.327880859375,2.4405012130737305,0.014844839461147785,0.1697198748588562,0.07321733981370926,0.1369899958372116,0.13433577120304108,0.11338406056165695,0.10513948649168015,0.0824025422334671,0.06167592853307724,0.037321239709854126,0.008870270103216171
400,Tom Elmhirst,The End Of Love,-19.561768,-17.72115,-9.353857040405273,22.440547943115234,0.008117305114865303,-0.03420938551425934,3.8720569610595703,0.500022292137146,-0.0705453827760839,3.8143144497155625,3.530395746231079,5.170591354370117,-6.574616432189941,0.1581752747297287,-0.3635595142841339,0.018160425126552582,0.08125320822000504,7.333003520965576,12.577910423278809,1008.126953125,1624.648193359375,3.005176305770874,0.013042401522397995,0.06460634618997574,0.01812591589987278,0.05710281431674957,0.06515766680240631,0.0856381356716156,0.07054935395717621,0.06296233832836151,0.03178819268941879,0.017096251249313354,0.002953480463474989
401,Tom Elmhirst,sAy sOMETHINg,-24.478388,-22.827942,-18.43448829650879,11.157238960266113,0.0017185735050588846,0.06107700988650322,3.6357264518737793,0.4999997615814209,0.022936220624574177,9.741132342469497,4.529248237609863,8.260457992553711,-7.071159362792969,-0.09593814611434937,-0.7008301019668579,0.019746139645576477,0.11549057811498642,8.086795806884766,17.986358642578125,2086.976318359375,3282.77978515625,2.630657196044922,0.017832864075899124,0.0510810986161232,0.021533193066716194,0.03949258103966713,0.037072230130434036,0.0365929901599884,0.028449516743421555,0.02083159238100052,0.014107121154665947,0.008224092423915863,0.0023368792608380318
402,Tom Elmhirst,Lose Your Head - CamelPhat Remix,-12.526071,-11.723368,-9.31590747833252,7.025889873504639,0.015786340460181236,0.011000707745552063,0.4790067672729492,0.500747799873352,-0.00910045603677876,6.949834080529031,3.584620714187622,4.452356815338135,-6.63946533203125,0.03704459220170975,-0.4477364122867584,-0.0059172362089157104,0.1257375329732895,8.10953140258789,12.068839073181152,1081.15380859375,2445.228759765625,2.2114036083221436,0.02374269999563694,0.21554021537303925,0.07483565807342529,0.12588587403297424,0.10762623697519302,0.09128384292125702,0.07940062880516052,0.06356672197580338,0.04393313080072403,0.031171880662441254,0.012164372950792313
403,Tom Elmhirst,Sorry for Me - sped u,-13.477057,-12.670957,-10.483717918395996,10.679088592529297,0.011415700428187847,-0.019646763801574707,2.216796398162842,0.5000592470169067,0.03814596197178763,15.391159306741105,3.8455233573913574,5.34600305557251,-7.191917896270752,-0.10698986798524857,-0.8104454874992371,0.0696362555027008,0.11392442137002945,8.030292510986328,5.279574871063232,1139.4537353515625,2281.11474609375,2.0378243923187256,0.02073277346789837,0.12344985455274582,0.051005274057388306,0.10564764589071274,0.11237691342830658,0.10103310644626617,0.08004216849803925,0.06470081955194473,0.04163120314478874,0.0263751782476902,0.00793226808309555
404,Tom Elmhirst,RETTy,-9.174433,-8.57303,-8.274633407592773,3.2185821533203125,0.016606248915195465,0.05666056647896767,0.5000383853912354,0.4999329149723053,0.014135620151855991,3.184843300105896,3.8368258476257324,5.029200553894043,-6.589243412017822,-0.0108561422675848,-0.45465049147605896,-0.018143238499760628,0.08615179359912872,7.752519130706787,14.783181190490723,1079.3526611328125,1830.9656982421875,2.8857078552246094,0.013266948983073235,0.14639320969581604,0.06999212503433228,0.11936336010694504,0.13302791118621826,0.13062943518161774,0.11514758318662643,0.09375742077827454,0.055576663464307785,0.02879132516682148,0.006806270219385624
405,Tom Elmhirst,Broken Horses,-11.492266,-10.526297,-8.535783767700195,7.090594291687012,0.01768019236624241,-0.024226093664765358,0.6958646774291992,0.5004044771194458,-0.033285852704728794,16.77599198623018,3.9872617721557617,4.82546329498291,-6.92420768737793,0.1160820797085762,-0.6082210540771484,0.029968811199069023,0.11089330166578293,8.182846069335938,5.016634464263916,1285.728271484375,2380.9384765625,1.9544326066970825,0.01756429299712181,0.17134155333042145,0.07561369240283966,0.16234560310840607,0.13614849746227264,0.11517700552940369,0.09867890179157257,0.08528543263673782,0.06755867600440979,0.03744698315858841,0.010450689122080803
406,Tom Elmhirst,Toronto 2014 (with Mustafa),-14.972859,-13.745179,-9.757524490356445,13.73271369934082,0.013244972564280033,-0.07959698140621185,1.6664605140686035,0.5001712441444397,0.04605088771166207,10.090977511865711,3.594217300415039,6.517818450927734,-7.120055198669434,-0.04023231193423271,-0.6400761604309082,0.013700253330171108,0.0628703385591507,7.009372711181641,36.889713287353516,555.7643432617188,999.5194091796875,4.322351932525635,0.009810403920710087,0.13242150843143463,0.049130093306303024,0.11921954900026321,0.12169559299945831,0.10893923044204712,0.0693415105342865,0.03921068087220192,0.02235521376132965,0.011679494753479958,0.0030343516264110804
407,Tom Elmhirst,June,-15.088376,-13.579188,-9.990869522094727,14.775172233581543,0.012183910235762596,0.023111162707209587,1.6066431999206543,0.49997472763061523,0.010739245441978743,8.507112551877166,3.423856019973755,4.825567245483398,-7.010614395141602,-0.015278519131243229,-0.6292254328727722,0.0246885959059,0.0752287358045578,7.4003190994262695,13.612584114074707,727.78076171875,1372.4183349609375,3.0216829776763916,0.012886258773505688,0.16420409083366394,0.06281530112028122,0.11743669956922531,0.09095383435487747,0.09854615479707718,0.08322133868932724,0.06467358767986298,0.039593715220689774,0.021829506382346153,0.004543794319033623
408,Tom Elmhirst,Don't Cry For Me - A Cappella,-25.92309,-17.27718,-12.691852569580078,13.00100326538086,0.003786749904975295,-0.15916089713573456,3.8575267791748047,0.5000114440917969,-0.015046998492032365,16.497620475214838,4.115530967712402,9.447588920593262,-7.8157501220703125,0.0830828994512558,-0.8480070233345032,-0.00488550029695034,0.13796311616897583,7.957573890686035,5.0952653884887695,2437.446533203125,3346.61279296875,1.8654323816299438,0.019461048766970634,0.022972356528043747,0.0009047872736118734,0.017151959240436554,0.03911902382969856,0.05441847816109657,0.06333306431770325,0.055817436426877975,0.038716357201337814,0.019678842276334763,0.005387225188314915
409,Tom Elmhirst,Ocho Rios,-11.671659,-10.532312,-8.648468971252441,10.861881256103516,0.01716778799891472,-0.01766473799943924,1.272606372833252,0.5000156164169312,-0.0017780316259305888,9.782425527552512,3.5748229026794434,4.70090389251709,-6.92236852645874,-0.11712907999753952,-0.6092029809951782,0.07021559774875641,0.07953037321567535,7.529410362243652,15.063616752624512,687.1127319335938,1546.247802734375,2.8561015129089355,0.011232669465243816,0.17795661091804504,0.07689662277698517,0.14803361892700195,0.1439443826675415,0.09837551414966583,0.0808807983994484,0.059263572096824646,0.047546010464429855,0.027398671954870224,0.00612938916310668
410,Tom Elmhirst,Pain Is Inevitable,-14.089872,-13.008572,-9.617555618286133,14.114990234375,0.014548505656421185,-0.026913059875369072,2.6218671798706055,0.5001025795936584,0.014315743188972638,17.06035644981066,3.6305112838745117,5.169004440307617,-7.138795852661133,-0.10228930413722992,-0.7164750099182129,-0.010800490155816078,0.06365657597780228,7.158402919769287,21.903778076171875,759.3507690429688,1229.926513671875,3.595573902130127,0.008861052803695202,0.1385657638311386,0.055068641901016235,0.12492705881595612,0.12056227028369904,0.10622165352106094,0.08398625254631042,0.05259990319609642,0.02858472242951393,0.015431152656674385,0.0035689177457243204
411,Tom Elmhirst,Summerland,-10.400247,-9.003451,-7.667737007141113,7.258726119995117,0.020663995295763016,-0.01112193614244461,1.0278077125549316,0.49996307492256165,0.0340645792742885,4.039641106948056,3.796133518218994,4.911547660827637,-7.0728373527526855,-0.10261735320091248,-0.5505385398864746,0.007734170649200678,0.11377803981304169,8.304703712463379,5.138810157775879,1084.3438720703125,2230.75634765625,1.9739724397659302,0.02006739005446434,0.1848278045654297,0.06293956190347672,0.14868290722370148,0.15042869746685028,0.1386527419090271,0.10553397238254547,0.07482849061489105,0.05458242818713188,0.034338656812906265,0.010735864751040936
412,Tom Elmhirst,Big God,-20.107416,-18.343283,-14.853395462036133,9.443160057067871,0.003829432185739279,-0.010839375667273998,2.2273359298706055,0.4999968111515045,0.017584868868528586,8.071314043467055,3.6241114139556885,5.702296733856201,-7.0559587478637695,-0.07034662365913391,-0.48918387293815613,-0.0390840582549572,0.0730704665184021,7.337379455566406,22.007415771484375,866.5108642578125,1518.671630859375,3.5916693210601807,0.01146257109940052,0.07293228060007095,0.029928628355264664,0.06211721524596214,0.057534463703632355,0.058278631418943405,0.04426630213856697,0.03436105325818062,0.021586796268820763,0.011832511983811855,0.002686596242710948
413,Tom Elmhirst,IVE OFFICIALLY LOST ViSiON!!!!,-12.169627,-11.760053,-9.093839645385742,13.915635108947754,0.015160615555942059,-0.020416483283042908,1.4057626724243164,0.5000144243240356,0.015956760618634384,7.485548921311096,3.7773187160491943,4.83407735824585,-6.887223720550537,-0.05058419331908226,-0.6193970441818237,-0.0008964656735770404,0.09267709404230118,8.130274772644043,9.226211547851562,1117.6204833984375,2078.85498046875,2.3850162029266357,0.01299185212701559,0.18771524727344513,0.09076225757598877,0.10446860641241074,0.10189367085695267,0.10336867719888687,0.09732947498559952,0.08271057158708572,0.05943953990936279,0.03225315362215042,0.008675511926412582
414,Tom Elmhirst,Hell to the Liars - Klsch Remix,-11.444872,-11.251116,-10.6085205078125,5.45876407623291,0.014592769555747509,-0.05350251495838165,1.2386698722839355,0.49989017844200134,-0.012473815870704822,7.461006958757322,3.876278877258301,4.846672058105469,-7.108474254608154,-0.00833347998559475,-0.6312194466590881,0.03358933702111244,0.09019322693347931,7.678259372711182,20.75548553466797,730.4459838867188,1743.4537353515625,2.9436213970184326,0.016885390505194664,0.21918034553527832,0.10197114199399948,0.12200915068387985,0.11674034595489502,0.10414564609527588,0.078581303358078,0.0533798411488533,0.034966617822647095,0.022951114922761917,0.007525477558374405
415,Tom Elmhirst,Abstract (Psychopomp),-14.906937,-12.276241,-8.411337852478027,11.625539779663086,0.015647822991013527,0.022357318550348282,1.5276050567626953,0.4998185634613037,0.0029262734102667976,6.652606412153937,3.8354651927948,5.3137898445129395,-7.287039756774902,0.003799022641032934,-0.5327478647232056,0.0148087153211236,0.08182080090045929,7.773414134979248,20.060874938964844,1336.9324951171875,2188.0791015625,3.045412063598633,0.010288909077644348,0.14076928794384003,0.055459365248680115,0.10768694430589676,0.10989753901958466,0.1253352016210556,0.11679136008024216,0.08573467284440994,0.058626070618629456,0.029644638299942017,0.006059354171156883
416,Tom Elmhirst,PARASAIL (feat. Yung Lean & Dave Chappelle),-11.773706,-9.36879,-8.702845573425293,5.158918380737305,0.013534760102629662,0.031603600829839706,0.4928135871887207,0.4998491704463959,-0.191743087120582,2.3510795357745145,4.2490553855896,4.888987064361572,-7.560561180114746,0.09647921472787857,-0.3936383128166199,0.09478162229061127,0.06050482392311096,7.188143730163574,26.867826461791992,880.8952026367188,1334.9437255859375,3.820218324661255,0.008353124372661114,0.1016557514667511,0.034342505037784576,0.12986260652542114,0.14951328933238983,0.14547348022460938,0.11194544285535812,0.06739415973424911,0.039536718279123306,0.01945481263101101,0.004089220892637968
417,Serban Ghenea,Baby Don't Hurt Me (feat. Anne-Marie & Coi Leray) - Cedric Gervais Remix Extended,-8.887089,-8.237352,-7.819377899169922,3.4587206840515137,0.023447059094905853,0.055498767644166946,0.40870070457458496,0.49985235929489136,0.0021320332755038677,6.263314701063381,3.818441152572632,4.406929969787598,-6.648214817047119,-0.006481980439275503,-0.5006163716316223,0.0003712835314217955,0.15066075325012207,8.678274154663086,2.775125026702881,1646.12158203125,3752.1142578125,1.3947182893753052,0.025806080549955368,0.2636704444885254,0.070856973528862,0.17092503607273102,0.1266353577375412,0.10716721415519714,0.08723383396863937,0.0780353918671608,0.06470578163862228,0.050236549228429794,0.01900111325085163
418,Serban Ghenea,Stars - Kungs Remix,-8.06507,-7.5406446,-7.241252422332764,5.246506690979004,0.027128253132104874,0.02752714417874813,0.4225165843963623,0.4999876022338867,-0.009751566803036767,9.800314772849676,4.14962911605835,4.635436534881592,-6.990518093109131,0.047901857644319534,-0.5947309136390686,0.009877081029117107,0.1321304738521576,8.413509368896484,7.984185695648193,1797.3692626953125,3601.21875,1.891058325767517,0.020810337737202644,0.25026050209999084,0.10194654762744904,0.18247398734092712,0.14101019501686096,0.109183669090271,0.10231281071901321,0.08633139729499817,0.07415826618671417,0.05032670125365257,0.016986964270472527
419,Serban Ghenea,shelter,-16.40471,-15.137093,-14.048907279968262,5.608244895935059,0.005826639011502266,-0.005142028443515301,1.9505906105041504,0.49999842047691345,0.010793442261474757,10.645865257038949,4.235939025878906,7.308309078216553,-6.865060806274414,0.0012828250182792544,-0.6029871106147766,0.017158268019557,0.1600896269083023,8.649020195007324,0.7163284420967102,1670.177490234375,3715.204833984375,1.1453717947006226,0.028468335047364235,0.14433203637599945,0.07275362312793732,0.06924151629209518,0.055177051573991776,0.05799039825797081,0.04649648442864418,0.04210405424237251,0.03400697186589241,0.028455497696995735,0.009328913874924183
420,Serban Ghenea,Lose Control,-11.079805,-10.08181,-8.637251853942871,9.528482437133789,0.015855697914958,0.037767089903354645,1.0745162963867188,0.5000213384628296,0.02355070791032138,5.365731680396224,3.934274911880493,5.401442527770996,-6.946044921875,-0.03719371557235718,-0.5488446950912476,0.014186759479343891,0.10580083727836609,8.066922187805176,15.74107551574707,1190.0413818359375,2496.361083984375,2.4780476093292236,0.01662629097700119,0.14833876490592957,0.06053910776972771,0.12278112024068832,0.12475787848234177,0.13151125609874725,0.11438227444887161,0.08088494837284088,0.05530407652258873,0.03616751730442047,0.011037076823413372
421,Serban Ghenea,e,-11.79526,-10.391562,-8.686880111694336,8.814071655273438,0.012581584975123405,-0.009186896495521069,1.1772236824035645,0.5000443458557129,-0.002768779280992064,3.8845813084317817,3.8021926879882812,5.169929027557373,-6.674564838409424,-0.025757640600204468,-0.5567486882209778,-0.002890034345909953,0.13187995553016663,8.268735885620117,4.293580055236816,1648.9932861328125,3011.451416015625,1.7219934463500977,0.021536389365792274,0.11253384500741959,0.04044085741043091,0.09160937368869781,0.09942612797021866,0.10844027251005173,0.09898235648870468,0.09411877393722534,0.06119583919644356,0.04002169147133827,0.01200098730623722
422,Serban Ghenea,2 die 4 (feat. Charli XCX),-12.85748,-11.175108,-9.057649612426758,4.912788391113281,0.020423544570803642,-0.00969488825649023,0.7263860702514648,0.5000223517417908,-0.0015531335480136357,14.726282157125421,3.6634018421173096,5.188170433044434,-7.735342979431152,0.018685510382056236,-0.7275598049163818,0.015531218610703945,0.12144797295331955,7.79338264465332,27.263607025146484,1023.3804321289062,2226.1611328125,2.750743865966797,0.022335870191454887,0.23722293972969055,0.11309199780225754,0.11854969710111618,0.1271226853132248,0.12191863358020782,0.09669695049524307,0.07026802003383636,0.04528924077749252,0.033191997557878494,0.012571139261126518
423,Serban Ghenea,Stars - Jakka Remix,-12.141039,-11.343104,-9.34343433380127,9.541015625,0.019991163164377213,-0.01979767717421055,1.1976828575134277,0.500000536441803,-0.004237141638510505,12.161096780885261,3.9003050327301025,5.87230110168457,-6.624938488006592,0.012620804831385612,-0.49332746863365173,0.007930610328912735,0.13767309486865997,8.397383689880371,4.311291694641113,1512.303955078125,3491.6142578125,1.7058919668197632,0.025409793481230736,0.2350219190120697,0.10570336878299713,0.13284115493297577,0.09748423099517822,0.08660706877708435,0.07339073717594147,0.05750660598278046,0.04016479477286339,0.02878589928150177,0.010682393796741962
424,Serban Ghenea,Never Ending Song,-17.925968,-13.635889,-10.48417854309082,11.963980674743652,0.009916659444570541,-0.043032389134168625,1.712151050567627,0.5000271797180176,-0.0011506504343556084,6.282890328100432,4.128363132476807,5.452564716339111,-6.666210174560547,0.00684330752119422,-0.49784305691719055,0.0036376079078763723,0.12041525542736053,8.474437713623047,6.259766578674316,1734.5870361328125,3268.72900390625,1.9274578094482422,0.018093261867761612,0.13967067003250122,0.0634399801492691,0.10033514350652695,0.08738580346107483,0.07885798811912537,0.06509006023406982,0.05593525245785713,0.04352225735783577,0.028901079669594765,0.008738691918551922
425,Serban Ghenea,Stand By Me (feat. Morgan Wallen),-9.77507,-9.085869,-8.320351600646973,6.336860656738281,0.022658219560980797,0.01228959858417511,0.5219945907592773,0.5000538229942322,0.019799361643668325,9.533146358254884,3.541161060333252,4.305869102478027,-6.800878047943115,-0.017043214291334152,-0.5483182072639465,0.004851049277931452,0.10821734368801117,7.92799186706543,10.212279319763184,1041.5836181640625,2279.237548828125,2.1170859336853027,0.018085356801748276,0.26617953181266785,0.09374433010816574,0.18470996618270874,0.12559787929058075,0.10552790760993958,0.0916033387184143,0.07139059901237488,0.059278808534145355,0.034963786602020264,0.012647898867726326
426,Serban Ghenea,In The Stars - Xander Deep House Remix,-9.714679,-9.048522,-7.477997779846191,4.338808059692383,0.025811001658439636,-0.019826315343379974,0.2398073673248291,0.500260591506958,-0.009655807855246381,8.641457136692802,3.6885480880737305,4.258928298950195,-6.6857075691223145,-0.03346078470349312,-0.569498598575592,0.002682199003174901,0.13788791000843048,8.247530937194824,6.125784397125244,1820.9713134765625,3452.3056640625,1.8043437004089355,0.02295798622071743,0.27625325322151184,0.09186264872550964,0.16444365680217743,0.1303871124982834,0.12405155599117279,0.10898733884096146,0.07746494561433792,0.061093125492334366,0.04669459909200668,0.018905872479081154
427,Serban Ghenea,VULGAR (with Madonna),-11.62877,-10.192886,-8.897428512573242,7.168057441711426,0.022139424458146095,0.01734817400574684,0.715266227722168,0.5001100301742554,0.0018438446728149462,14.191899245955698,4.164580821990967,5.028698921203613,-6.862092018127441,0.0008659892482683063,-0.534393846988678,0.006070372182875872,0.11691667139530182,8.203484535217285,5.568370342254639,1096.651123046875,2240.014404296875,1.8371191024780273,0.01959029585123062,0.2664613425731659,0.09839989989995956,0.19091711938381195,0.11150284856557846,0.0927245020866394,0.07212445139884949,0.05895814299583435,0.045879390090703964,0.033308982849121094,0.01076340302824974
428,Serban Ghenea,Wings,-11.763626,-10.76478,-8.779155731201172,6.54112434387207,0.0154184615239501,-0.02080502361059189,0.7713942527770996,0.5000513195991516,-0.011197478015293113,7.709162492918653,3.750520944595337,4.646103858947754,-6.895545482635498,0.05220337584614754,-0.617824375629425,0.005756096914410591,0.10304581373929977,7.8852858543396,14.54786491394043,1013.8211669921875,2169.13232421875,2.4845268726348877,0.017516614869236946,0.17660601437091827,0.07406003028154373,0.1290898472070694,0.13016018271446228,0.11636412888765335,0.09726178646087646,0.07227014750242233,0.05715782195329666,0.03301091119647026,0.011120010167360306
429,Serban Ghenea,A Beautiful Game,-14.851383,-12.56346,-10.269912719726562,9.856494903564453,0.010791238397359848,0.001817750628106296,0.5835418701171875,0.5000629425048828,0.006268901837628695,5.383562512122973,3.5229570865631104,4.7190260887146,-6.712689399719238,-0.02903241477906704,-0.5804147720336914,-0.005810998845845461,0.08174595981836319,7.528677940368652,16.512941360473633,946.2131958007812,1713.000732421875,3.050297498703003,0.012808539904654026,0.14406564831733704,0.06601511687040329,0.10839367657899857,0.10178226977586746,0.09227404743432999,0.08216971158981323,0.057010699063539505,0.04095354676246643,0.022062404081225395,0.005228663329035044
430,Serban Ghenea,Lovesongs,-7.764238,-7.290018,-6.761831283569336,5.1306328773498535,0.025243965908885002,0.03560275956988335,0.33866381645202637,0.4995896518230438,0.0037914293914173072,4.091160949187377,3.8600354194641113,4.485877513885498,-7.060779571533203,-0.004409945569932461,-0.5268001556396484,-0.0016994577599689364,0.13714194297790527,8.315775871276855,8.25753402709961,1506.6722412109375,3026.718505859375,1.8777211904525757,0.024960365146398544,0.21911928057670593,0.08477012068033218,0.17495033144950867,0.16186128556728363,0.1420551985502243,0.12035363167524338,0.09544840455055237,0.06719815731048584,0.04627520218491554,0.017488449811935425
431,Serban Ghenea,Lights Out,-8.903882,-8.386464,-8.151195526123047,3.6741247177124023,0.024141332134604454,-0.011801443994045258,0.46793651580810547,0.5003489851951599,0.015096373521948005,2.420849277011881,3.79771089553833,4.8967766761779785,-6.8872785568237305,-0.044998347759246826,-0.5292552709579468,-0.004949304740875959,0.12962837517261505,8.140969276428223,6.899539470672607,917.8079223632812,2076.172607421875,1.75649094581604,0.024698959663510323,0.31741592288017273,0.16395454108715057,0.1514831781387329,0.13440263271331787,0.10200811177492142,0.07785022258758545,0.05998555198311806,0.044483449310064316,0.0364072248339653,0.012956339865922928
432,Serban Ghenea,Alone - A Cappella,-16.037645,-14.27124,-13.446746826171875,3.261751174926758,0.0035132686607539654,-0.01831253059208393,1.662367820739746,0.5001114010810852,-0.008933863573333619,6.144968103653551,4.729077339172363,7.154598712921143,-6.837611198425293,0.010433419607579708,-0.6373348832130432,0.004038901999592781,0.16730067133903503,8.361391067504883,4.063509464263916,3080.53271484375,5042.84130859375,1.364366888999939,0.021048428490757942,0.03748612478375435,0.0013671001652255654,0.020608600229024887,0.041456446051597595,0.05900091677904129,0.06377976387739182,0.05885558947920799,0.04863596707582474,0.03529033809900284,0.010297495871782303
433,Serban Ghenea,Without You (feat. Elle King),-16.123034,-12.281175,-10.775535583496094,8.925727844238281,0.011752292513847351,0.022731928154826164,2.520231246948242,0.49991747736930847,0.09584192155890268,9.968257820996024,3.922126054763794,5.625099182128906,-6.9347968101501465,-0.20005391538143158,-0.733729898929596,0.07215307652950287,0.08839771896600723,7.824306488037109,12.207962989807129,1082.00146484375,1877.508544921875,2.7358529567718506,0.014509905129671097,0.13098794221878052,0.0518391989171505,0.09674345701932907,0.108853779733181,0.10288484394550323,0.09268377721309662,0.060643188655376434,0.04049867391586304,0.021495768800377846,0.004517459776252508
434,Serban Ghenea,Miracle,-13.457573,-11.277829,-8.577641487121582,8.243399620056152,0.01670999266207218,-0.02669563889503479,1.4447922706604004,0.5001011490821838,-0.000664826607292428,13.558306323801515,4.234178066253662,5.244049549102783,-6.830280780792236,0.01491556316614151,-0.4292300045490265,-0.0200064554810524,0.11912310868501663,8.240943908691406,4.64072322845459,1644.8804931640625,3046.110107421875,1.743184208869934,0.016863714903593063,0.14546789228916168,0.07058709114789963,0.12288834899663925,0.12194542586803436,0.10043583810329437,0.09941650927066803,0.07565421611070633,0.06038971617817879,0.036751218140125275,0.010687959380447865
435,Serban Ghenea,Princess Diana (with Nicki Minaj),-9.831662,-8.663318,-8.245474815368652,3.176675319671631,0.024891184642910957,-0.1614457368850708,1.0890345573425293,0.5005025863647461,-0.00010795326832733923,22.40082916805319,4.706942558288574,4.963802814483643,-7.348770618438721,0.015261664986610413,-0.7980026602745056,0.003422891953960061,0.15230953693389893,8.23402214050293,19.570728302001953,2122.98583984375,3842.453857421875,2.13975191116333,0.025839941576123238,0.2690964341163635,0.11067754775285721,0.15537436306476593,0.11977706104516983,0.09996149688959122,0.08416636288166046,0.06498789042234421,0.05456950515508652,0.04749264195561409,0.02059132233262062
436,Serban Ghenea,Baby Don't Hurt Me (feat. Anne-Marie & Coi Leray) - Joel Corry Remix,-13.981061,-8.828797,-6.518011093139648,3.187343120574951,0.02731003612279892,-0.011364337988197803,-0.23416352272033691,0.5000433325767517,-0.006859609934557561,7.630796778457268,3.361846446990967,4.254064559936523,-6.908783435821533,0.01607491821050644,-0.5263699293136597,0.005979431793093681,0.14006949961185455,8.58846378326416,2.6445631980895996,1729.642578125,3645.810791015625,1.483155369758606,0.02266118861734867,0.2725808918476105,0.09858732670545578,0.19594067335128784,0.1488693505525589,0.13016605377197266,0.11354443430900574,0.11411803960800171,0.08376133441925049,0.061910174787044525,0.018986009061336517
437,Serban Ghenea,skip this part,-10.070544,-9.013692,-8.16327953338623,7.127760410308838,0.016489343717694283,-0.02183595672249794,0.503554105758667,0.5000659227371216,-0.015860416231345507,3.9653963336988656,3.6155667304992676,4.468012809753418,-6.83640193939209,0.05095839872956276,-0.5277037620544434,0.014899390749633312,0.11622541397809982,8.140305519104004,10.737001419067383,1349.428466796875,2608.217041015625,2.2219748497009277,0.020232615992426872,0.16839902102947235,0.07379581779241562,0.12311705946922302,0.12541469931602478,0.1223176121711731,0.1150510385632515,0.10361538082361221,0.06434512883424759,0.04246073588728905,0.012050892226397991
438,Serban Ghenea,lighthouse,-57.268177,-54.094303,-18.45745849609375,17.17194938659668,0.0010830559767782688,0.010331854224205017,2.117990493774414,0.5000083446502686,-0.011584396161694576,7.4154120431210595,3.8432414531707764,5.655525207519531,-7.274433612823486,-0.01683180220425129,-0.6636458039283752,6.782926357118413e-05,0.17981193959712982,8.7772855758667,2.5435104370117188,4096.12939453125,5926.73193359375,1.3787078857421875,0.02816375531256199,0.027292435988783836,0.009682520292699337,0.022728541865944862,0.030637042596936226,0.031699590384960175,0.028195513412356377,0.02299496904015541,0.016497204080224037,0.011949596926569939,0.0038355528376996517
439,Serban Ghenea,issin u - r&b edit,-12.993548,-10.993459,-10.208288192749023,8.147317886352539,0.013402998447418213,0.007185347378253937,1.7690539360046387,0.5000680685043335,0.011944445822332294,7.800581306130759,4.16787052154541,5.8321123123168945,-7.593005180358887,-0.011929398402571678,-0.5289161801338196,-0.0036704116500914097,0.1834784895181656,8.70641040802002,0.4966766834259033,2257.803466796875,5178.84228515625,0.9821884632110596,0.032964613288640976,0.1880827695131302,0.06367079168558121,0.10802333056926727,0.0859435647726059,0.08622275292873383,0.0735127180814743,0.062008876353502274,0.048931751400232315,0.04542844742536545,0.017012592405080795
440,Serban Ghenea,Stars - Close Counters Remix,-9.52177,-9.291813,-9.04442024230957,4.3786540031433105,0.02073424495756626,-0.03157493472099304,0.7676277160644531,0.5000677704811096,-0.0032374353368319424,20.250591676808387,4.533100605010986,5.964624881744385,-6.827877998352051,0.02753448858857155,-0.6019375324249268,0.0025887039955705404,0.14957234263420105,8.329575538635254,2.3027279376983643,2028.494140625,3514.88232421875,1.390553593635559,0.025278370827436447,0.22472956776618958,0.08337680250406265,0.15972112119197845,0.1356167197227478,0.09688878804445267,0.07099602371454239,0.05259277671575546,0.040773067623376846,0.03294280171394348,0.014398090541362762
441,Serban Ghenea,Dance The Night - From Barbie The Albu,-11.426838,-10.445519,-7.990317344665527,11.669322967529297,0.016164997592568398,0.010166647844016552,1.0034265518188477,0.4998551309108734,-0.0062016804117442014,5.387702160225503,4.179172515869141,6.017855644226074,-6.66333532333374,0.031180644407868385,-0.506888747215271,0.002003462752327323,0.14191706478595734,8.662229537963867,2.361024856567383,1627.1348876953125,3711.86279296875,1.4435596466064453,0.02396118827164173,0.1843896061182022,0.07415910810232162,0.12975914776325226,0.122486911714077,0.10745762288570404,0.08857595175504684,0.0743529349565506,0.061408013105392456,0.04797489941120148,0.016847733408212662
442,Serban Ghenea,Baby Don't Hurt Me (feat. Anne-Marie & Coi Leray) - Sofi Tukker Remix,-13.981061,-8.828797,-6.518011093139648,3.187343120574951,0.02731003612279892,-0.011364337988197803,-0.23416352272033691,0.5000433325767517,-0.006859609934557561,7.630796778457268,3.361846446990967,4.254064559936523,-6.908783435821533,0.01607491821050644,-0.5263699293136597,0.005979431793093681,0.14006949961185455,8.58846378326416,2.6445631980895996,1729.642578125,3645.810791015625,1.483155369758606,0.02266118861734867,0.2725808918476105,0.09858732670545578,0.19594067335128784,0.1488693505525589,0.13016605377197266,0.11354443430900574,0.11411803960800171,0.08376133441925049,0.061910174787044525,0.018986009061336517
443,Serban Ghenea,Odyssey,-7.369665,-6.954592,-6.823793888092041,2.566038131713867,0.02638317085802555,-0.00156882731243968,0.49631237983703613,0.50011146068573,-0.03774351960567757,8.873007938407557,3.836526870727539,4.212698459625244,-6.7097039222717285,0.0837659165263176,-0.5673578977584839,0.008302684873342514,0.12752290070056915,8.457047462463379,4.2369465827941895,1484.4271240234375,3292.2958984375,1.6647961139678955,0.01880873553454876,0.2037091851234436,0.08045265078544617,0.18451660871505737,0.17941690981388092,0.1344810277223587,0.12615396082401276,0.09288458526134491,0.08015753328800201,0.05726604908704758,0.016909271478652954
444,Serban Ghenea,favorite kind of high - David Guetta Remix,-9.601223,-8.613083,-7.754638671875,5.2423295974731445,0.01808273047208786,0.0011335646267980337,0.36670780181884766,0.5000470876693726,0.02030611629967773,4.4276472845517665,3.951941967010498,4.9521942138671875,-6.588083267211914,-0.03650418296456337,-0.45012956857681274,-0.0006188101833686233,0.13479450345039368,8.637187004089355,2.5816569328308105,1607.362548828125,3341.487060546875,1.5449974536895752,0.022300604730844498,0.18645581603050232,0.07305575907230377,0.12250109016895294,0.11542028188705444,0.12033043056726456,0.11683308333158493,0.10743987560272217,0.07476892322301865,0.05079219117760658,0.014889881946146488
445,Serban Ghenea,Over The Moon,-13.942913,-12.285152,-9.487133026123047,7.085714340209961,0.011401950381696224,0.0034779240377247334,1.7838401794433594,0.5000707507133484,-0.008145258706548858,4.843557022592591,4.584291458129883,7.122720241546631,-7.120106220245361,0.054243918508291245,-0.5178173184394836,0.01745688170194626,0.14842236042022705,8.616486549377441,4.104684829711914,2015.90283203125,3868.043701171875,1.514450192451477,0.02442215010523796,0.140424445271492,0.06530489772558212,0.10761287063360214,0.08521551638841629,0.08061584830284119,0.07249479740858078,0.06541839987039566,0.052544642239809036,0.03714442998170853,0.012795669957995415
446,Serban Ghenea,Stars - Jaded Remix,-10.392697,-9.768604,-8.136533737182617,8.517730712890625,0.021720383316278458,0.10249333828687668,0.7208433151245117,0.4998849630355835,0.025517081758183183,5.341573710336443,3.685596227645874,4.282142162322998,-6.552567005157471,-0.04352143779397011,-0.43306276202201843,-0.0060052042827010155,0.1324552744626999,8.451642990112305,3.353238582611084,1261.0914306640625,3070.3046875,1.6058169603347778,0.02324027754366398,0.2446255087852478,0.10171333700418472,0.15169426798820496,0.12255669385194778,0.10730378329753876,0.08910548686981201,0.06865426152944565,0.052013177424669266,0.037462033331394196,0.014037351123988628
447,Serban Ghenea,Montana Sky,-12.293067,-10.851206,-8.320714950561523,4.894753456115723,0.016097305342555046,-0.02482093870639801,1.4213824272155762,0.5000935792922974,0.023552235424353196,8.025603955871855,4.0769524574279785,5.033771514892578,-6.933568000793457,0.019789962098002434,-0.5764094591140747,-0.0014880114467814565,0.12368612736463547,8.298338890075684,3.805574893951416,1539.05078125,2910.398681640625,1.7061609029769897,0.018914571031928062,0.128756582736969,0.053000882267951965,0.11489993333816528,0.13410347700119019,0.12616297602653503,0.10723716765642166,0.08539373427629471,0.06472643464803696,0.0384814515709877,0.012637154199182987
448,Serban Ghenea,young gun (feat. Jon Bellion),-14.947908,-12.497423,-11.269708633422852,7.356015682220459,0.010824522003531456,-0.030606182292103767,0.7412233352661133,0.5000542998313904,-0.07782660756878622,10.060300810130185,3.436358690261841,4.887434482574463,-8.000000953674316,0.17550955712795258,-0.7939188480377197,-0.09464292228221893,0.10010019689798355,6.8751301765441895,78.6606674194336,853.7413940429688,1478.621826171875,5.214111328125,0.021123120561242104,0.1262013167142868,0.04437664896249771,0.1253674030303955,0.11868885904550552,0.12300446629524231,0.07237016409635544,0.04281176999211311,0.02596624568104744,0.019214339554309845,0.00674067810177803
449,Serban Ghenea,Make Up Your Mind,-11.279462,-10.087473,-9.55202865600586,3.200963020324707,0.017188630998134613,0.2411215752363205,2.340611457824707,0.49951833486557007,-0.0014159529929580346,20.517728425486187,4.872432231903076,6.3060994148254395,-7.209733963012695,0.026989692822098732,-0.6054366827011108,0.007739692460745573,0.13685257732868195,8.322799682617188,6.964542865753174,2058.464599609375,3566.38720703125,1.8555413484573364,0.022064855322241783,0.17383898794651031,0.05387423560023308,0.13628007471561432,0.11040354520082474,0.08399184048175812,0.06994222849607468,0.05230281502008438,0.04450457915663719,0.03130480647087097,0.010635798797011375
450,Serban Ghenea,Middle Ground,-15.020073,-10.883463,-7.856815338134766,7.939739227294922,0.01894201710820198,0.00859751645475626,0.7150154113769531,0.5000001192092896,-0.009143119456912268,7.12290276480181,3.730677366256714,4.648772716522217,-6.805375099182129,0.016244351863861084,-0.6344214081764221,-0.0012618489563465118,0.09357891976833344,7.686974048614502,8.081260681152344,1310.340576171875,1965.1927490234375,2.4742164611816406,0.01584436744451523,0.16218221187591553,0.07027916610240936,0.1242474690079689,0.1282811164855957,0.15277014672756195,0.13408340513706207,0.10688788443803787,0.06148887425661087,0.030104441568255424,0.006353810895234346
451,Serban Ghenea,Alone - 2.0,-9.517574,-8.574012,-8.238831520080566,3.267709732055664,0.024161064997315407,0.005192803218960762,0.6996562480926514,0.5000585913658142,0.019247243944537737,8.481263404191907,3.603921413421631,4.33424186706543,-6.933200836181641,-0.02468230202794075,-0.5167250633239746,-0.02326662465929985,0.1276988536119461,8.03936767578125,10.878218650817871,1308.4749755859375,2927.8603515625,1.9148057699203491,0.022371454164385796,0.2690809369087219,0.09620261192321777,0.1812104880809784,0.11944952607154846,0.09766721725463867,0.0878499299287796,0.07383900880813599,0.05921206623315811,0.043615952134132385,0.013436967507004738
452,Serban Ghenea,Baby Don't Hurt Me (feat. Anne-Marie & Coi Leray) - Sofi Tukker RemixExtended Remix,-12.267705,-11.622418,-10.035597801208496,9.299224853515625,0.014249639585614204,-0.007089916151016951,2.3295559883117676,0.4999939501285553,-0.013242368866128507,11.30435975376398,4.578186511993408,7.473039150238037,-6.6695756912231445,0.03566302731633186,-0.5147989988327026,-0.004346661269664764,0.11068274080753326,8.162246704101562,11.01282787322998,1550.6160888671875,2844.955322265625,2.277108907699585,0.01593973860144615,0.16679994761943817,0.051274124532938004,0.11369182914495468,0.09153135865926743,0.07216379046440125,0.06618127226829529,0.05507785454392433,0.04345659539103508,0.02881539799273014,0.009718028828501701
453,Serban Ghenea,agic,-11.171508,-9.938206,-8.861446380615234,7.077577114105225,0.015357144176959991,0.04898114129900932,0.2300562858581543,0.49988073110580444,0.013877335909967889,4.40991612300942,3.7751221656799316,4.5171799659729,-6.82018518447876,0.001532072201371193,-0.5288898944854736,0.0016636605141684413,0.1397581696510315,8.358964920043945,1.8625017404556274,1353.532470703125,2752.983154296875,1.430025339126587,0.024459434673190117,0.2091512382030487,0.0859767273068428,0.12949997186660767,0.10025248676538467,0.10648050159215927,0.10576637834310532,0.0809539407491684,0.05802328139543533,0.040231700986623764,0.01286590937525034
454,Serban Ghenea,Don't Say Love - Mas Tiempo Remix,-11.559562,-10.505579,-8.421977996826172,7.392258644104004,0.020333534106612206,0.029416481032967567,1.6997032165527344,0.5000918507575989,0.07124759464490597,22.522164226265826,4.89946985244751,5.191922187805176,-7.29587984085083,-0.04883943498134613,-0.764020562171936,0.044169191271066666,0.16411899030208588,8.444851875305176,13.727700233459473,2495.370849609375,4410.16845703125,1.9707229137420654,0.026851799339056015,0.20840607583522797,0.08230624347925186,0.1445622593164444,0.09379980713129044,0.08501442521810532,0.08402665704488754,0.07734481245279312,0.061455778777599335,0.045775365084409714,0.016888896003365517
455,Serban Ghenea,Americana,-13.016519,-11.612207,-7.836511611938477,11.23057746887207,0.017866550013422966,0.0023907229769974947,1.0214214324951172,0.5000407099723816,0.009267657585870052,10.868751278370468,3.9980247020721436,4.927883625030518,-7.0157012939453125,0.051790062338113785,-0.5840665698051453,0.005058837588876486,0.11304684728384018,8.297828674316406,3.128410577774048,1269.6990966796875,2512.02490234375,1.6736677885055542,0.016951045021414757,0.1674448847770691,0.08213499188423157,0.14309006929397583,0.12227464467287064,0.11502819508314133,0.10151886194944382,0.08282673358917236,0.06096447631716728,0.03839090093970299,0.010694517754018307
456,Serban Ghenea,Red Wine Supernova,-16.502,-15.134848,-12.765637397766113,1.7018861770629883,0.006288372445851564,-0.0006564959185197949,0.4062991142272949,0.5000194311141968,5.038637702772266e-06,165.64954261534098,4.1178154945373535,5.1395416259765625,-8.417293548583984,-0.0013018036261200905,-0.582740068435669,-0.0018076540436595678,0.15524031221866608,8.880294799804688,1.379893183708191,2095.526611328125,4038.969482421875,1.3320987224578857,0.026227956637740135,0.10573749989271164,0.032175976783037186,0.08052213490009308,0.07004563510417938,0.07077620923519135,0.07085374742746353,0.06644422560930252,0.04974353685975075,0.034882377833127975,0.011089032515883446
457,Serban Ghenea,Worshi,-10.677586,-9.981359,-8.297377586364746,10.612459182739258,0.019260989502072334,-0.021473299711942673,1.8369550704956055,0.5001088380813599,-0.005773148720981601,9.390986120699829,4.046425819396973,5.096461772918701,-6.72129487991333,0.027725638821721077,-0.5621204376220703,0.013451678678393364,0.1190512627363205,8.195159912109375,13.297262191772461,1480.8050537109375,2837.394775390625,2.3295161724090576,0.01914804056286812,0.19078239798545837,0.0668092891573906,0.13444744050502777,0.10840842872858047,0.10139521956443787,0.09026007354259491,0.07716818898916245,0.059164080768823624,0.04067486152052879,0.013080829754471779
458,Serban Ghenea,Alone - Instrumental,-13.368585,-11.979678,-11.329456329345703,5.8920698165893555,0.016734445467591286,-0.17312195897102356,0.6117262840270996,0.5002120733261108,-0.006363924273827,20.573128468655305,3.2756528854370117,4.324235916137695,-6.956873893737793,0.003747760783880949,-0.5538287162780762,-0.006746094208210707,0.0844917818903923,7.076940059661865,44.975223541259766,529.1057739257812,1304.1319580078125,3.977847099304199,0.01728213205933571,0.27919554710388184,0.1292252540588379,0.14660435914993286,0.09582830965518951,0.07064415514469147,0.057358261197805405,0.04011973366141319,0.02827480062842369,0.019503777846693993,0.006049443036317825
459,Serban Ghenea,Wild Dogs (Running in a Slow Dream),-10.612271,-9.799207,-7.89232063293457,5.531184673309326,0.01883542537689209,0.04486530274152756,1.0203113555908203,0.4997642934322357,0.04227126333450456,4.81579350443979,4.04896354675293,5.283621788024902,-6.570645809173584,-0.06825555115938187,-0.4713222086429596,-3.6584890040103346e-05,0.12298715114593506,8.514852523803711,3.7414419651031494,1360.53466796875,2842.996826171875,1.7347369194030762,0.020397191867232323,0.20280522108078003,0.0709332600235939,0.13490085303783417,0.12169220298528671,0.11459632962942123,0.10824745148420334,0.08969489485025406,0.06948951631784439,0.04211464524269104,0.013558708131313324
460,Serban Ghenea,Vacation Eyes,-12.021383,-10.521222,-8.090375900268555,3.8187975883483887,0.019591040909290314,-0.00034670584136620164,0.5018026828765869,0.5000743269920349,0.0021461139106566493,6.997299334372274,4.041047096252441,4.520748138427734,-6.766754150390625,0.16842758655548096,-0.47749754786491394,0.06376507878303528,0.09863366186618805,7.649923324584961,10.298803329467773,879.5215454101562,1778.030029296875,2.332064390182495,0.01596999727189541,0.18935835361480713,0.10083245486021042,0.15598435699939728,0.15136581659317017,0.10495110601186752,0.07744637131690979,0.058811888098716736,0.04358241707086563,0.02539227344095707,0.008077820762991905
461,Serban Ghenea,Nothing On (But The Radio),-9.546759,-8.087175,-6.849417686462402,2.635385513305664,0.02266567014157772,0.011149042285978794,0.7226302623748779,0.5000566244125366,-0.015042815243488099,3.432457665732987,3.788200616836548,4.594681739807129,-6.959265232086182,0.04810866340994835,-0.49587923288345337,0.011357811279594898,0.13910408318042755,8.479913711547852,3.7651798725128174,1570.977783203125,3351.147216796875,1.563649296760559,0.023599723353981972,0.22878915071487427,0.09460663795471191,0.17944464087486267,0.1377394050359726,0.11702851206064224,0.09557893127202988,0.08633106201887131,0.07104847580194473,0.05520480498671532,0.016381578519940376
462,Serban Ghenea,Used To Be,-11.169491,-10.107876,-8.480669975280762,9.473121643066406,0.02414962649345398,0.020084215328097343,0.6166377067565918,0.4999306797981262,-0.004460573929477221,26.576989560789546,3.9969465732574463,5.000729560852051,-7.0237040519714355,0.04002796486020088,-0.6523323059082031,-0.0033242518547922373,0.11485162377357483,8.166712760925293,4.699272632598877,1153.033203125,2277.75830078125,1.86737859249115,0.019012002274394035,0.2629960775375366,0.09327089786529541,0.16869157552719116,0.1145894005894661,0.10224846005439758,0.07700660079717636,0.0664784237742424,0.04986228421330452,0.03686971589922905,0.010687914676964283
463,Serban Ghenea,Believer - Live in Vegas,-27.449572,-24.517328,-23.32277488708496,7.296468734741211,0.0005802011583000422,-0.029401643201708794,1.6621627807617188,0.4999932050704956,-0.004024808999849717,10.378144929933377,4.312300205230713,6.753480434417725,-6.7051825523376465,0.004139783326536417,-0.5642013549804688,-0.020049599930644035,0.10912038385868073,8.486959457397461,5.709086894989014,1618.7159423828125,2946.739501953125,1.9722566604614258,0.015072540380060673,0.03632432967424393,0.016301613301038742,0.02359304577112198,0.019883984699845314,0.019253404811024666,0.01795915700495243,0.0169321708381176,0.014231477864086628,0.008816801011562347,0.0018956984858959913
464,Serban Ghenea,Baby Don't Hurt Me (feat. Anne-Marie & Coi Leray) - Robin Schulz Remix,-7.2749047,-7.0950236,-6.8906402587890625,3.4055685997009277,0.02244502864778042,-0.018928611651062965,-0.07021951675415039,0.500010073184967,-0.012574191433089514,3.0925783877662014,3.6376986503601074,4.192927837371826,-6.538038730621338,-0.01074485294520855,-0.4266138970851898,-0.013690479099750519,0.12013650685548782,8.37253189086914,6.211231231689453,1015.6084594726562,2525.467529296875,1.8566993474960327,0.022065140306949615,0.24798555672168732,0.09060650318861008,0.1706097573041916,0.14449355006217957,0.13041311502456665,0.11078528314828873,0.09534773975610733,0.06656858325004578,0.04344010353088379,0.01490645483136177
465,Serban Ghenea,Alone - Tommie Sunshine & On Deck Remix,-10.614776,-10.056889,-8.49059772491455,6.0615234375,0.024058807641267776,-0.07374738156795502,0.6565365791320801,0.5001212954521179,-0.00031372943963969943,23.472521675169673,3.919447660446167,4.755683422088623,-6.9519782066345215,0.0014815651811659336,-0.6030782461166382,-0.004669065121561289,0.1410864293575287,8.161752700805664,4.028133392333984,1706.7044677734375,3345.0263671875,1.5891926288604736,0.022773873060941696,0.26650285720825195,0.08866173028945923,0.1905316412448883,0.11892243474721909,0.08218089491128922,0.07187832146883011,0.0618375726044178,0.05352488532662392,0.04015731438994408,0.014945348724722862
466,Serban Ghenea,Baby Don't Hurt Me (feat. Anne-Marie & Coi Leray) - ozone & Diagnostix Extended Remix,-8.972659,-8.423685,-7.540255546569824,6.972256183624268,0.02863268367946148,-0.030032820999622345,0.306088924407959,0.4994982182979584,-0.0012874421943983392,34.959250135084304,3.69805645942688,4.2281365394592285,-7.093172073364258,0.005468465853482485,-0.6840447187423706,0.0009579162579029799,0.15433377027511597,8.660750389099121,3.0343260765075684,2169.900390625,4141.87744140625,1.4154984951019287,0.024829117581248283,0.28388550877571106,0.10969870537519455,0.15559327602386475,0.1313665807247162,0.11282523721456528,0.09708002954721451,0.0855545774102211,0.07109583169221878,0.05773250013589859,0.021875230595469475
467,Serban Ghenea,Baby Don't Hurt Me (feat. Anne-Marie & Coi Leray) - Robin Schulz Remix Extended,-7.2749047,-7.0950236,-6.8906402587890625,3.4055685997009277,0.02244502864778042,-0.018928611651062965,-0.07021951675415039,0.500010073184967,-0.012574191433089514,3.0925783877662014,3.6376986503601074,4.192927837371826,-6.538038730621338,-0.01074485294520855,-0.4266138970851898,-0.013690479099750519,0.12013650685548782,8.37253189086914,6.211231231689453,1015.6084594726562,2525.467529296875,1.8566993474960327,0.022065140306949615,0.24798555672168732,0.09060650318861008,0.1706097573041916,0.14449355006217957,0.13041311502456665,0.11078528314828873,0.09534773975610733,0.06656858325004578,0.04344010353088379,0.01490645483136177
468,Serban Ghenea,down to you,-11.591151,-10.202407,-8.626032829284668,10.14946174621582,0.02189335599541664,-0.0015778426313772798,0.3656649589538574,0.5000060796737671,-0.015459679757351942,8.471186796844691,3.308251142501831,4.3595805168151855,-7.197581768035889,-0.0119428476318717,-0.6429781317710876,-0.00967173371464014,0.11970829218626022,7.932878017425537,9.519843101501465,764.96044921875,1705.6163330078125,2.1000161170959473,0.022941987961530685,0.2849389314651489,0.11711275577545166,0.1924949288368225,0.11504815518856049,0.10000745207071304,0.07207385450601578,0.05790784955024719,0.041722532361745834,0.029306570068001747,0.009810788556933403
469,Serban Ghenea,"Be Who You Are (feat. JID, NewJeans & Camilo)",-20.451048,-19.468008,-16.43094825744629,13.288692474365234,0.00241061020642519,0.05023626610636711,1.8813843727111816,0.5006964802742004,0.004511708607527914,6.392183107211714,4.204821586608887,6.6679606437683105,-6.692114353179932,-0.020443864166736603,-0.5381368398666382,-0.012288732454180717,0.136844202876091,8.418362617492676,3.709564447402954,1668.2120361328125,3124.184326171875,1.640763282775879,0.02358059771358967,0.06700365990400314,0.03282269462943077,0.047469839453697205,0.04342044144868851,0.03610507771372795,0.032694827765226364,0.029936328530311584,0.022591792047023773,0.015681996941566467,0.005124806426465511
470,Serban Ghenea,chemistry,-11.800278,-10.399928,-8.870850563049316,5.313877582550049,0.018106434494256973,0.02011146955192089,0.39936280250549316,0.5000753402709961,-0.002897578644418235,11.480622623670952,3.489896535873413,4.510289192199707,-7.280338764190674,0.0161716490983963,-0.6396961808204651,-0.005251226015388966,0.12036139518022537,7.74009370803833,6.1554436683654785,897.8394775390625,1803.291259765625,1.9482437372207642,0.023771824315190315,0.19521591067314148,0.09195534884929657,0.1552804410457611,0.13679465651512146,0.11712019890546799,0.09678591042757034,0.06672562658786774,0.03898397088050842,0.02682572789490223,0.008687770925462246
471,Serban Ghenea,One in a Million,-10.509558,-9.514858,-8.271977424621582,5.953211784362793,0.017643284052610397,0.02854897640645504,0.779550313949585,0.5000326633453369,0.03223610868765579,8.153497664487235,3.9581384658813477,4.692360877990723,-6.996156215667725,-0.01265166699886322,-0.5735698342323303,0.02076522819697857,0.15120887756347656,8.902388572692871,1.915455937385559,1834.7926025390625,4101.38134765625,1.330634593963623,0.02413707785308361,0.16977231204509735,0.060995157808065414,0.12391697615385056,0.12203311920166016,0.12183591723442078,0.1300894021987915,0.10020967572927475,0.07259657979011536,0.054368022829294205,0.018321186304092407
472,Serban Ghenea,In The Stars - Sped U,-11.357308,-9.292446,-7.696047782897949,9.740768432617188,0.01561358105391264,0.04696982726454735,0.8957090377807617,0.5000464916229248,0.021838989490698114,3.1198364816446937,3.835005044937134,5.432001113891602,-6.751667499542236,0.0150986909866333,-0.5629562139511108,0.009757211431860924,0.11187424510717392,7.985923767089844,7.780545711517334,1440.106689453125,2550.31591796875,2.2724294662475586,0.019856547936797142,0.1562362164258957,0.05115265026688576,0.11877524107694626,0.1090146154165268,0.12910348176956177,0.11119026690721512,0.09866022318601608,0.069757379591465,0.03767388314008713,0.009380615316331387
473,Serban Ghenea,issin u,-11.595076,-10.923839,-9.897007942199707,7.75816011428833,0.012259385548532009,0.03874702751636505,1.0402908325195312,0.5000473260879517,0.004506071397945382,4.188807753865534,4.048585414886475,5.3494415283203125,-7.022583484649658,-0.022616906091570854,-0.5098423361778259,-0.004492247011512518,0.15462008118629456,8.474793434143066,2.3792574405670166,1536.99853515625,3787.0478515625,1.3644816875457764,0.02754555642604828,0.17170698940753937,0.05673401057720184,0.11082807928323746,0.09080083668231964,0.09308785945177078,0.08310117572546005,0.06863337010145187,0.04979332908987999,0.0397406667470932,0.014077854342758656
474,Serban Ghenea,Alone - Alex Chapman Remix,-11.444337,-10.659423,-9.555084228515625,5.68724250793457,0.015069888904690742,-0.054261092096567154,0.9603409767150879,0.5001794099807739,0.012117344594169107,15.179111410482358,4.248231410980225,5.362368106842041,-6.891605377197266,-0.013832753524184227,-0.6527002453804016,-0.009319555014371872,0.15214383602142334,8.713515281677246,1.6080788373947144,1706.7509765625,3712.786865234375,1.3568626642227173,0.02614588290452957,0.1775808036327362,0.05494500696659088,0.13466033339500427,0.10341165959835052,0.09765369445085526,0.09289363771677017,0.07765617966651917,0.0606863871216774,0.042555637657642365,0.013925658538937569
475,Serban Ghenea,Alone - DallasK Remix,-7.256294,-6.6739087,-6.513203144073486,2.2078089714050293,0.024503041058778763,-0.012091996148228645,0.13230609893798828,0.5000041723251343,0.007524931026189846,5.3738628448965855,3.9464728832244873,4.156439781188965,-6.642886638641357,-0.010163153521716595,-0.508787989616394,-0.003100174944847822,0.15463575720787048,8.533888816833496,7.927888870239258,2171.098876953125,4425.34521484375,1.5497288703918457,0.025010971352458,0.2540486752986908,0.09876492619514465,0.16909022629261017,0.137571781873703,0.124811090528965,0.1210859939455986,0.10744044929742813,0.09286503493785858,0.07077663391828537,0.02453559823334217
476,Serban Ghenea,rock hudson,-51.74709,-48.73822,-13.365174293518066,19.191560745239258,0.0034532095305621624,0.012786030769348145,2.458582878112793,0.49999797344207764,-0.0057312433988326575,4.973565295204267,3.8915510177612305,5.66859245300293,-7.096260070800781,0.039271268993616104,-0.49153175950050354,0.01052631251513958,0.1867687702178955,8.964812278747559,2.299788475036621,3901.551025390625,6075.6669921875,1.3136932849884033,0.031011084094643593,0.07094404101371765,0.02825399674475193,0.05683270841836929,0.045167870819568634,0.043915361166000366,0.03875163942575455,0.03565666079521179,0.027440596371889114,0.02183709107339382,0.0073794834315776825
477,Serban Ghenea,Glad U Came - Guz Remix,-14.332124,-11.064075,-9.665573120117188,5.830682277679443,0.020325010642409325,0.02600078657269478,1.0084223747253418,0.49994349479675293,-0.0062270608683794556,37.61748075961667,3.848809003829956,5.423275470733643,-7.315082550048828,0.029823070392012596,-0.6969097852706909,-0.0029208450578153133,0.1459197849035263,8.341395378112793,2.706948757171631,1727.8719482421875,3380.6171875,1.4502753019332886,0.024335388094186783,0.24722062051296234,0.10060189664363861,0.167577862739563,0.10180306434631348,0.06686612218618393,0.05608615279197693,0.048408374190330505,0.04141363129019737,0.03192249685525894,0.012205901555716991
478,Serban Ghenea,Sail Away,-10.768153,-9.345296,-8.522676467895508,3.5586843490600586,0.01834213361144066,0.01035577803850174,0.7736063003540039,0.5000715851783752,2.3686754376315118e-05,9.043476299819101,3.844804525375366,4.785510063171387,-6.841311931610107,-0.0033470725174993277,-0.6635564565658569,0.012681424617767334,0.12941595911979675,8.185151100158691,5.547913074493408,1257.934326171875,2652.27880859375,1.7546850442886353,0.023009423166513443,0.16255128383636475,0.06562483310699463,0.13451965153217316,0.13639193773269653,0.14167115092277527,0.11303932964801788,0.07819634675979614,0.05587930232286453,0.03654997795820236,0.013235979713499546
479,Serban Ghenea,I got it bad,-8.400034,-7.7345996,-7.548308372497559,3.1980018615722656,0.018160060048103333,0.016442691907286644,0.7150850296020508,0.5000633001327515,-0.035069883314099395,2.6100480734856393,4.071133136749268,4.850513935089111,-6.753070831298828,-0.005843393038958311,-0.4269941449165344,-0.004866110160946846,0.14859700202941895,8.66450309753418,1.2207386493682861,1408.3797607421875,3770.44482421875,1.2342349290847778,0.02548401616513729,0.19775879383087158,0.09178183972835541,0.14885398745536804,0.13207735121250153,0.1192670539021492,0.09780760109424591,0.08701791614294052,0.06456182152032852,0.054094862192869186,0.01857650838792324
480,Serban Ghenea,Paint The Town Red,-15.464486,-14.364296,-10.09726333618164,15.332320213317871,0.016366221010684967,-0.17822058498859406,1.991774559020996,0.5005223155021667,-0.019581450065011455,23.98062701155983,4.196406364440918,6.861015796661377,-7.147518634796143,0.032810524106025696,-0.5651794672012329,0.01768253743648529,0.1194707378745079,7.7856340408325195,10.817896842956543,1417.1700439453125,2452.422119140625,2.2905592918395996,0.0212930366396904,0.19700691103935242,0.041412051767110825,0.11879163235425949,0.0728156715631485,0.06376639008522034,0.05183049663901329,0.04104693606495857,0.02818198688328266,0.020235758274793625,0.00726577453315258
481,Serban Ghenea,cut,-12.105294,-11.211205,-9.187897682189941,10.235528945922852,0.013612516224384308,0.01128440909087658,1.4696087837219238,0.5000486969947815,0.0037413264218346272,5.097365556234686,4.258658409118652,5.4671220779418945,-7.24735164642334,0.015895050019025803,-0.639533281326294,0.01317237876355648,0.1678023338317871,8.502157211303711,17.836509704589844,2277.37841796875,4706.625,1.9045974016189575,0.028285104781389236,0.1674761027097702,0.0674656331539154,0.11254098266363144,0.10177335888147354,0.10022242367267609,0.07166554033756256,0.058066993951797485,0.04862862452864647,0.0475788414478302,0.018948396667838097
482,Serban Ghenea,unbelievable (feat. Ayra Starr),-13.285632,-10.3962145,-8.666009902954102,3.9499387741088867,0.019266940653324127,0.03232508897781372,1.072211742401123,0.5000488758087158,-0.001731582109544145,15.435278185435045,3.7035722732543945,4.809062957763672,-8.11127758026123,0.03138989955186844,-0.6870805621147156,0.01656845398247242,0.15852972865104675,8.331596374511719,6.436237335205078,1436.0157470703125,3524.38623046875,1.4562510251998901,0.02770330011844635,0.20198725163936615,0.1011602133512497,0.16659557819366455,0.13306887447834015,0.0896567776799202,0.06348081678152084,0.05151350796222687,0.042254623025655746,0.03746937960386276,0.015531668439507484
483,Serban Ghenea,vampire,-14.398943,-13.450618,-10.091195106506348,11.24221420288086,0.009327882900834084,-0.006726933643221855,1.7932891845703125,0.49994775652885437,0.0287766963403013,5.332769707982716,4.179428577423096,5.4682722091674805,-6.729676246643066,-0.06502740830183029,-0.552104115486145,0.01323651522397995,0.12496303021907806,8.280298233032227,5.806852340698242,1668.468994140625,2962.120361328125,1.970452904701233,0.020191846415400505,0.10797208547592163,0.03901136666536331,0.08131815493106842,0.09162020683288574,0.08513259142637253,0.08146609365940094,0.06520532071590424,0.04941212385892868,0.03052089363336563,0.008747679181396961
484,Serban Ghenea,high road,-10.090478,-8.78434,-7.241544723510742,3.894963264465332,0.02295573428273201,-0.018642021343111992,0.18256902694702148,0.5000705122947693,-0.0016549911235381456,6.869809855456472,3.622556209564209,4.194137096405029,-6.849361896514893,-0.0187130905687809,-0.50312340259552,-0.006846535485237837,0.1294408142566681,8.414151191711426,5.164990425109863,1309.01318359375,2825.413330078125,1.7910422086715698,0.022514937445521355,0.23707863688468933,0.10095255076885223,0.17528830468654633,0.13550473749637604,0.12206823378801346,0.11747684329748154,0.10639907419681549,0.07374908775091171,0.05029653012752533,0.015617684461176395
485,Serban Ghenea,Dance The Night,-11.426838,-10.445519,-7.990317344665527,11.669322967529297,0.016164997592568398,0.010166647844016552,1.0034265518188477,0.4998551309108734,-0.0062016804117442014,5.387702160225503,4.179172515869141,6.017855644226074,-6.66333532333374,0.031180644407868385,-0.506888747215271,0.002003462752327323,0.14191706478595734,8.662229537963867,2.361024856567383,1627.1348876953125,3711.86279296875,1.4435596466064453,0.02396118827164173,0.1843896061182022,0.07415910810232162,0.12975914776325226,0.122486911714077,0.10745762288570404,0.08857595175504684,0.0743529349565506,0.061408013105392456,0.04797489941120148,0.016847733408212662
486,Serban Ghenea,Love Like This,-11.347184,-10.813691,-10.455692291259766,4.834604263305664,0.012816060334444046,0.0026346882805228233,0.33759188652038574,0.5000467300415039,0.0030455938232489335,8.021006137875993,3.686016082763672,4.800426006317139,-7.264391899108887,0.016171034425497055,-0.731902539730072,0.018067676573991776,0.12740479409694672,8.187949180603027,3.9640777111053467,1015.8844604492188,2415.52197265625,1.5753246545791626,0.021002378314733505,0.17659427225589752,0.06888309121131897,0.14785420894622803,0.10345963388681412,0.0964687392115593,0.08295674622058868,0.05364164337515831,0.04429861158132553,0.03361566737294197,0.011862124316394329
487,Serban Ghenea,Choose Your Fighter,-8.923061,-7.5591226,-6.9910736083984375,2.534280776977539,0.028274448588490486,-0.013764617964625359,-0.2649722099304199,0.5000099539756775,-0.030108313244486252,7.294786488498744,3.3932948112487793,3.839463710784912,-6.823769569396973,-0.012722793966531754,-0.595147967338562,-0.011854918673634529,0.1322103887796402,8.284358978271484,2.7844223976135254,1130.0340576171875,2612.478759765625,1.5760960578918457,0.02326171100139618,0.3005791902542114,0.11241304874420166,0.20645706355571747,0.152358278632164,0.12584832310676575,0.10135236382484436,0.09070270508527756,0.06583192199468613,0.051062311977148056,0.014612419530749321
488,Serban Ghenea,Euphoria (Solomun Remix) - Extended,-8.310579,-7.815191,-7.390707015991211,5.11344051361084,0.036338116973638535,0.07914870977401733,-0.15731430053710938,0.4996598958969116,0.001721616551111734,18.31887291688568,3.4240946769714355,3.867938756942749,-6.6069841384887695,-0.11861977726221085,-0.4638233184814453,-0.03065231442451477,0.1611216962337494,8.433528900146484,0.9223207831382751,1231.666259765625,2923.23095703125,1.1313422918319702,0.02805734984576702,0.4171399474143982,0.15135742723941803,0.24585136771202087,0.14181333780288696,0.07649224251508713,0.051262374967336655,0.04900912195444107,0.05464637652039528,0.0477386899292469,0.01964157447218895
489,Serban Ghenea,Glad U Came - Zen Freeman & Fred Falke Remix,-11.076043,-9.957212,-9.030741691589355,4.991332054138184,0.017824910581111908,0.06799806654453278,0.25067615509033203,0.4999038279056549,0.001750800658546774,10.801746897694986,3.8950159549713135,4.76362943649292,-6.648979187011719,-0.039565324783325195,-0.5639853477478027,0.012268207967281342,0.1441544145345688,8.614819526672363,1.7505040168762207,1499.1055908203125,3231.71630859375,1.4397008419036865,0.026968402788043022,0.20987249910831451,0.0733945369720459,0.13853324949741364,0.12978464365005493,0.1073903813958168,0.10209424793720245,0.08543489128351212,0.059546127915382385,0.0396316759288311,0.014951140619814396
490,Serban Ghenea,ine,-14.914898,-11.686512,-9.296309471130371,8.926713943481445,0.014901396818459034,-0.030340535566210747,0.6973292827606201,0.5000823736190796,-0.004915744908416379,7.097126648391625,3.7395966053009033,4.962339401245117,-7.132939338684082,-0.03187503665685654,-0.6315145492553711,-0.0027133524417877197,0.14562374353408813,8.243908882141113,3.543543577194214,1745.350341796875,3090.337158203125,1.55349862575531,0.02578672394156456,0.19450293481349945,0.0843331515789032,0.12175089865922928,0.10875590145587921,0.09802433848381042,0.08637198060750961,0.07326219230890274,0.05070432648062706,0.03572718799114227,0.01128151174634695
491,Serban Ghenea,Price Tag - Sped U,-21.278126,-14.818269,-8.298542022705078,4.551362991333008,0.017166975885629654,0.007095156237483025,1.028188705444336,0.49997079372406006,-0.009710089203079895,17.077527856631914,4.067939758300781,4.853339195251465,-9.033880233764648,-0.02369374781847,-0.7349318265914917,-0.0072245425544679165,0.17648495733737946,8.861089706420898,1.2674051523208618,3083.586669921875,5181.3955078125,1.2499340772628784,0.030463872477412224,0.1754685342311859,0.08206472545862198,0.13440494239330292,0.13134874403476715,0.09825728088617325,0.09499642252922058,0.09150087833404541,0.07487601786851883,0.05922059342265129,0.01714286208152771
492,Serban Ghenea,My City,-9.72417,-8.5910845,-7.331053256988525,4.84937047958374,0.03039216436445713,-0.028042223304510117,-0.0824592113494873,0.49994197487831116,-0.0028461383582064044,8.213379998900342,3.436126947402954,3.9331655502319336,-6.896231651306152,0.007018520496785641,-0.5437391400337219,-0.00607649190351367,0.10723382979631424,8.064274787902832,6.3387131690979,1061.6832275390625,2130.138916015625,2.0653951168060303,0.017775537446141243,0.3410835862159729,0.15253639221191406,0.17681924998760223,0.1464984118938446,0.13664861023426056,0.12177805602550507,0.08217214792966843,0.059948377311229706,0.03895417973399162,0.011871196329593658
493,Serban Ghenea,Baby Don't Hurt Me (feat. Anne-Marie & Coi Leray) - ozone & Diagnostix,-8.972659,-8.423685,-7.540255546569824,6.972256183624268,0.02863268367946148,-0.030032820999622345,0.306088924407959,0.4994982182979584,-0.0012874421943983392,34.959250135084304,3.69805645942688,4.2281365394592285,-7.093172073364258,0.005468465853482485,-0.6840447187423706,0.0009579162579029799,0.15433377027511597,8.660750389099121,3.0343260765075684,2169.900390625,4141.87744140625,1.4154984951019287,0.024829117581248283,0.28388550877571106,0.10969870537519455,0.15559327602386475,0.1313665807247162,0.11282523721456528,0.09708002954721451,0.0855545774102211,0.07109583169221878,0.05773250013589859,0.021875230595469475
494,Serban Ghenea,favorite kind of high,-20.862751,-20.267317,-18.777036666870117,10.086389541625977,0.0015480760484933853,0.0089903324842453,1.2635440826416016,0.5,-0.0024537729906978193,7.765943971483857,4.290001392364502,6.279050827026367,-6.653183937072754,-0.010349131189286709,-0.5573537945747375,-0.0030590251553803682,0.15404289960861206,8.727760314941406,1.6407500505447388,1979.4913330078125,3986.020263671875,1.3035006523132324,0.02411535382270813,0.05585537850856781,0.022296344861388206,0.03940629959106445,0.03277391567826271,0.02760939672589302,0.026077473536133766,0.025912176817655563,0.01986127905547619,0.014859572984278202,0.004675355274230242
495,Serban Ghenea,y mistake,-9.438221,-8.482565,-7.9654035568237305,4.254432678222656,0.01931578665971756,-0.0742533802986145,0.3904273509979248,0.500175952911377,-0.05357314817145381,5.4490644307166995,3.572613000869751,4.53516149520874,-6.970578670501709,0.056239333003759384,-0.6149271130561829,0.003906680271029472,0.16031226515769958,8.490689277648926,1.1591521501541138,1503.25732421875,3163.56396484375,1.233328104019165,0.02986554056406021,0.17558066546916962,0.08601095527410507,0.12066879123449326,0.15019498765468597,0.1426844298839569,0.11419769376516342,0.08912277221679688,0.060370586812496185,0.04727988690137863,0.015203052200376987
496,Serban Ghenea,Waffle House,-10.132067,-9.44628,-9.024616241455078,3.6529641151428223,0.014799358323216438,-0.013043261133134365,0.3546009063720703,0.4999380111694336,0.014665525523561911,6.22334952970891,4.175754070281982,5.176554203033447,-6.788571357727051,0.026317762210965157,-0.5590003132820129,0.01590724289417267,0.13036461174488068,8.469623565673828,5.61114501953125,1800.19677734375,3663.013427734375,1.666624665260315,0.017894424498081207,0.17027217149734497,0.07886622101068497,0.13281507790088654,0.10993561893701553,0.107282355427742,0.09063838422298431,0.07947481423616409,0.06238990277051926,0.04404836893081665,0.014972340315580368
497,Serban Ghenea,red flag collector,-56.25337,-52.978672,-14.584081649780273,10.671371459960938,0.002859319793060422,0.03595719859004021,1.9762344360351562,0.499997079372406,-0.002197864940422951,6.265456656325599,3.715977191925049,5.634207248687744,-7.175008773803711,0.025799518451094627,-0.5115429162979126,0.006974787916988134,0.18828216195106506,9.057258605957031,2.1628949642181396,4381.8154296875,6360.2998046875,1.318676471710205,0.029278630390763283,0.05839080736041069,0.02555941604077816,0.04573671519756317,0.04400103911757469,0.04292527586221695,0.04075394943356514,0.038915883749723434,0.02925998903810978,0.020425044000148773,0.006196507252752781
498,Serban Ghenea,alive if i die,-21.766415,-16.470203,-13.179405212402344,8.354827880859375,0.0049606082029640675,0.04505610466003418,2.862583637237549,0.5000145435333252,0.0015459146162166112,6.107033239268989,4.307572841644287,7.491590976715088,-6.643259048461914,0.01999148540198803,-0.5097450613975525,0.006295011844485998,0.1564052253961563,8.547104835510254,3.19039249420166,2398.864990234375,4292.07958984375,1.4628716707229614,0.02622176706790924,0.08404842019081116,0.031125424429774284,0.049116238951683044,0.05438573658466339,0.06397353857755661,0.05779367685317993,0.058468546718358994,0.03837209939956665,0.027594169601798058,0.007743624970316887
499,Serban Ghenea,Stars,-9.989405,-7.4262943,-6.5498366355896,2.7154898643493652,0.022849097847938538,0.00427241763100028,0.17136406898498535,0.5000476837158203,0.02128337028001727,3.0100253704246356,4.094181537628174,4.500664710998535,-6.749664306640625,-0.011061014607548714,-0.49045059084892273,0.003882576012983918,0.17090724408626556,8.702232360839844,1.2725666761398315,1890.4345703125,4547.67626953125,1.1367087364196777,0.029786065220832825,0.22035038471221924,0.08503119647502899,0.14768998324871063,0.14038270711898804,0.14204871654510498,0.11826978623867035,0.09973303973674774,0.07651633769273758,0.058537911623716354,0.022716857492923737
500,Serban Ghenea,Baby Don't Hurt Me (feat. Anne-Marie & Coi Leray) - Joel Corry Remix Extended,-8.683484,-8.455842,-7.448063850402832,8.598074913024902,0.03397030010819435,0.0800878182053566,-0.07014584541320801,0.49969354271888733,0.0017462819132340686,31.169749737831978,3.8185582160949707,4.665351867675781,-6.93997859954834,-0.015290590934455395,-0.6545386910438538,0.0059507968835532665,0.14482739567756653,8.467508316040039,2.7896487712860107,1900.471923828125,3411.496826171875,1.5163830518722534,0.023804711177945137,0.3621026873588562,0.14201615750789642,0.19306807219982147,0.13151386380195618,0.09655620902776718,0.07885099947452545,0.08397502452135086,0.06679744273424149,0.051453977823257446,0.01900479570031166
501,Serban Ghenea,Liar Liar (Feat. Bastille),-11.570394,-10.934492,-10.240232467651367,5.617794036865234,0.00977120827883482,-0.0008236223948188126,0.6069238185882568,0.49999740719795227,0.005590236295699007,3.814077323283499,3.9392335414886475,4.8194098472595215,-6.595287799835205,-0.001918017747811973,-0.4492114186286926,0.00035073800245299935,0.13133278489112854,8.578902244567871,3.152604341506958,1493.2508544921875,3211.553955078125,1.646360993385315,0.023085711523890495,0.14281202852725983,0.06456559151411057,0.108244888484478,0.09586397558450699,0.09176068007946014,0.08081595599651337,0.07349248230457306,0.05674230679869652,0.038186803460121155,0.012072251178324223
502,Serban Ghenea,Love U Like That,-8.004913,-7.5326467,-7.207103252410889,3.23006534576416,0.025080488994717598,0.02842637524008751,0.03883099555969238,0.4999619424343109,-0.005700982098509497,4.162967256911702,3.46814227104187,4.181765079498291,-6.610446929931641,-0.0019158910727128386,-0.5315126776695251,-0.006916091311722994,0.11592861264944077,8.204384803771973,6.914039611816406,881.2313842773438,2180.085205078125,1.9294278621673584,0.020297890529036522,0.28820931911468506,0.10172975808382034,0.18179018795490265,0.1497693508863449,0.13193610310554504,0.1186198741197586,0.08232361823320389,0.06391911953687668,0.04264030605554581,0.014419144950807095
503,Serban Ghenea,it couldve been u,-10.366096,-8.709203,-8.405074119567871,3.9973087310791016,0.018177609890699387,-0.0706472098827362,0.7541842460632324,0.5003753304481506,-0.0114703310786609,4.930796278696645,3.9159157276153564,4.93158483505249,-7.016966342926025,-0.005501799751073122,-0.5020874738693237,-0.020738214254379272,0.14163349568843842,8.40461254119873,4.822946071624756,1478.185302734375,3226.634033203125,1.5378166437149048,0.024349311366677284,0.20004965364933014,0.07833325117826462,0.15305079519748688,0.1538548469543457,0.11594248563051224,0.09039173275232315,0.06182008981704712,0.05197035148739815,0.04429308697581291,0.015136940404772758
504,Serban Ghenea,Don't Say Love,-8.456716,-7.9220023,-6.747231483459473,5.740522384643555,0.02418295480310917,0.012034832499921322,0.5620162487030029,0.49997037649154663,-0.00227116038490685,13.23088434496549,3.962923765182495,4.562075138092041,-7.01635217666626,0.02827358804643154,-0.7279700636863708,0.006454907823354006,0.160856232047081,8.679160118103027,3.842022180557251,2341.042724609375,4462.25390625,1.34214448928833,0.02481546625494957,0.21925769746303558,0.074952132999897,0.1552271693944931,0.18102923035621643,0.13053426146507263,0.10115654021501541,0.09265002608299255,0.08792870491743088,0.07498341053724289,0.025615684688091278
505,Serban Ghenea,i hate love (feat. Steve Martin),-10.710781,-9.452651,-8.549222946166992,5.450043201446533,0.01882202737033367,-0.04405951127409935,0.7455451488494873,0.5001795291900635,0.003258543601588376,9.484395630050159,3.806180715560913,5.072935104370117,-6.713826656341553,0.00844126008450985,-0.5743269324302673,0.0022811631206423044,0.1461990773677826,8.495003700256348,2.353253126144409,1377.7332763671875,3084.475830078125,1.4253932237625122,0.02567165344953537,0.21930482983589172,0.11418035626411438,0.14795522391796112,0.11954054981470108,0.09479065239429474,0.0897616297006607,0.08471061289310455,0.059103596955537796,0.04366174712777138,0.014494159258902073
506,Serban Ghenea,Alone - Sped U,-11.202495,-9.987229,-9.57447338104248,3.586237907409668,0.017597254365682602,-0.12987972795963287,0.4002983570098877,0.5002229809761047,-0.0026901017726009913,15.31965992573169,3.653620719909668,4.476853370666504,-6.821771621704102,-0.0033840173855423927,-0.600165605545044,-0.006698348093777895,0.13716070353984833,8.167596817016602,10.003145217895508,1352.48388671875,3009.01708984375,1.843018889427185,0.02648404985666275,0.24438190460205078,0.11545881628990173,0.1521466076374054,0.10385756194591522,0.08516009896993637,0.08765871077775955,0.07396545261144638,0.0607621930539608,0.04366353154182434,0.01267003919929266
507,Serban Ghenea,Sad In The Summer (feat. Lily Rose) (MAKJ Remix),-10.546058,-8.625668,-8.08576488494873,3.8726882934570312,0.024786045774817467,0.016091668978333473,-0.10274839401245117,0.5010237693786621,0.0007504845279400645,14.570348887689152,3.5545458793640137,4.342352867126465,-7.599738121032715,-0.0009333490743301809,-0.6117181181907654,0.004429759457707405,0.14138038456439972,8.541159629821777,2.4788193702697754,1293.4383544921875,3089.919921875,1.3909395933151245,0.024303847923874855,0.29356831312179565,0.09098987281322479,0.21246378123760223,0.14853492379188538,0.1057075783610344,0.0806509330868721,0.0700707882642746,0.05983743444085121,0.04872840642929077,0.0179439727216959
508,Serban Ghenea,Summer In The Hamptons,-14.385853,-10.076486,-8.2803955078125,5.296857833862305,0.016522375866770744,-0.031563159078359604,0.7099478244781494,0.5000979900360107,-0.0024060952614436246,5.291953048822012,3.8926889896392822,9.788572311401367,-6.99891471862793,0.00853692926466465,-0.519561231136322,0.0022799959406256676,0.1132977157831192,8.137372016906738,5.585485458374023,1409.8294677734375,2638.60107421875,2.00113582611084,0.018542880192399025,0.16118170320987701,0.08661826699972153,0.1292312890291214,0.12134388089179993,0.12424567341804504,0.11154575645923615,0.08277489244937897,0.053487543016672134,0.031318001449108124,0.009805728681385517
509,Serban Ghenea,Celebrate!,-11.461999,-8.248528,-8.075455665588379,2.878493309020996,0.01840539462864399,0.02321794256567955,0.5914092063903809,0.5000077486038208,-0.0007774112801544326,7.282124079087923,4.096039772033691,4.95348596572876,-7.051647186279297,0.0035600236151367426,-0.5596657991409302,0.01871337555348873,0.14216548204421997,8.604517936706543,2.276175022125244,1816.812744140625,3651.8603515625,1.433324933052063,0.022192388772964478,0.1831430196762085,0.07287433743476868,0.13996487855911255,0.1256789118051529,0.11366720497608185,0.10983219742774963,0.09304951876401901,0.07453974336385727,0.04778120666742325,0.015890270471572876
