Sno,eng_name,songname,momentaryLoudness.mean,shortTermLoudness.mean,integratedLoudness,loudnessRange,pmfSpread,pmfSkewness,pmfKurtosis,pmfCentroid,LRImbalance,midSideRatio,crest100ms.mean,crest1sec.mean,panningCoeffs0.mean,panningCoeffs1.mean,panningCoeffs2.mean,panningCoeffs3.mean,spectralCentroid.mean,spectralEntropy.mean,spectralKurtosis.mean,spectralRollOff85.mean,spectralRollOff95.mean,spectralSkewness.mean,spectralSpread.mean,subBandFlux0.mean,subBandFlux1.mean,subBandFlux2.mean,subBandFlux3.mean,subBandFlux4.mean,subBandFlux5.mean,subBandFlux6.mean,subBandFlux7.mean,subBandFlux8.mean,subBandFlux9.mean
0,Chris Lord Alge,In Another Time,-15.392208,-13.570294,-12.09902286529541,6.170373916625977,0.009308933280408382,0.05060908570885658,1.4636783599853516,0.4999943673610687,-0.0647151529835565,12.433017637655661,3.510530710220337,6.0022101402282715,-7.2761383056640625,0.10232105106115341,-0.5353711247444153,-0.038383517414331436,0.06753523647785187,6.945484638214111,29.002456665039062,667.793701171875,1168.94287109375,4.0143842697143555,0.01220125611871481,0.14052340388298035,0.056202054023742676,0.11814642697572708,0.10266339033842087,0.08945577591657639,0.06030283123254776,0.0366625115275383,0.02324170246720314,0.013132689520716667,0.0032114831265062094
1,Chris Lord Alge,What's Love Got to Do with It,-15.9578,-14.362834,-12.974638938903809,6.262589454650879,0.005601611919701099,0.11183027178049088,2.0807995796203613,0.4999949634075165,-0.005839014923835203,13.850671765843034,4.495131492614746,11.756185531616211,-7.71625280380249,-0.08423150330781937,-0.7532541155815125,-0.021332547068595886,0.11436479538679123,8.067059516906738,5.479066371917725,1356.0230712890625,2518.672119140625,2.000816583633423,0.01908775232732296,0.07220407575368881,0.030408108606934547,0.06034961715340614,0.07535960525274277,0.06491469591856003,0.062319137156009674,0.05107581987977028,0.03786153718829155,0.02214101143181324,0.005638612899929285
2,Chris Lord Alge,Shake Me Like a Monkey,-8.400035,-7.5279174,-7.184123992919922,1.7903990745544434,0.019614621996879578,0.034258097410202026,0.6884059906005859,0.5000436305999756,-0.008569791136229842,6.140208758432433,4.189964294433594,4.786755084991455,-6.523047924041748,0.020154140889644623,-0.5087894201278687,0.013653094880282879,0.15616676211357117,9.057894706726074,1.0885586738586426,2203.65185546875,4543.70458984375,1.251257300376892,0.02516048401594162,0.17062103748321533,0.08191051334142685,0.1481534242630005,0.14152953028678894,0.13271456956863403,0.12266793847084045,0.10583712160587311,0.09146954119205475,0.06711042672395706,0.02164342813193798
3,Chris Lord Alge,Anxiety,-8.566798,-8.072378,-7.760564804077148,4.708922386169434,0.018064484000205994,-0.049209825694561005,0.8018808364868164,0.500065267086029,-0.011966073565300129,4.749456574563461,4.339793682098389,4.986961841583252,-6.540031433105469,0.10393820703029633,-0.42874088883399963,0.04923856630921364,0.12805651128292084,8.652336120605469,4.84538459777832,1921.3885498046875,3670.667236328125,1.7417712211608887,0.018583174794912338,0.1820678412914276,0.05854593217372894,0.12957783043384552,0.12462139129638672,0.12947978079319,0.11521723121404648,0.09879615157842636,0.0811881422996521,0.057751163840293884,0.015882354229688644
4,Chris Lord Alge,I Can Do Better,-6.5810156,-6.3624334,-6.302046775817871,2.677061080932617,0.020162934437394142,0.007766358088701963,0.13701248168945312,0.49993520975112915,0.08534725200959896,3.2950612598012685,4.065264701843262,4.591317176818848,-6.8085737228393555,0.0018296140478923917,-0.3849436938762665,-0.026178909465670586,0.13987867534160614,9.012417793273926,2.131152391433716,2611.205810546875,4682.3037109375,1.4072256088256836,0.018797777593135834,0.16826678812503815,0.07415954023599625,0.14236092567443848,0.13531409204006195,0.13389596343040466,0.1306958943605423,0.13866688311100006,0.1185678020119667,0.08418281376361847,0.021394718438386917
5,Chris Lord Alge,In Your Dreams,-22.549715,-19.578924,-18.91346549987793,4.300680160522461,0.0015626829117536545,-0.2034689486026764,1.2629504203796387,0.49999845027923584,-0.003048787074318616,13.586885930507071,4.048182010650635,5.305486679077148,-7.159856796264648,0.018010707572102547,-0.6932405233383179,0.006063285283744335,0.09581813961267471,8.033644676208496,20.26960563659668,1532.8392333984375,2514.1474609375,2.951108455657959,0.013947426341474056,0.03313888981938362,0.011528188362717628,0.038716789335012436,0.048122044652700424,0.04577350616455078,0.03771394118666649,0.024415530264377594,0.017290456220507622,0.01003335602581501,0.002454392146319151
6,Chris Lord Alge,Brick by Boring Brick,-20.221403,-16.252865,-9.227165222167969,2.9067764282226562,0.012133129872381687,-0.0074647399596869946,0.20932221412658691,0.49998560547828674,0.02502305222736543,5.964658874449116,3.6709213256835938,5.005350112915039,-7.487071514129639,-0.05005364492535591,-0.513775110244751,0.009097762405872345,0.13862344622612,8.77822494506836,2.964707136154175,2374.93798828125,4130.98583984375,1.5980843305587769,0.020799413323402405,0.13384874165058136,0.0661674365401268,0.12094385176897049,0.11484311521053314,0.10867919027805328,0.08941277861595154,0.08967550843954086,0.07196915149688721,0.04770732671022415,0.011129796504974365
7,Chris Lord Alge,Jet Lag (feat. Natasha Bedingfield),-14.7991905,-13.141156,-12.115205764770508,4.196070671081543,0.0053420839831233025,-0.039420802146196365,1.0364527702331543,0.5000014901161194,0.007205154166804295,3.9245064315948994,4.340385913848877,5.719460964202881,-7.158967018127441,0.007728458382189274,-0.453546941280365,0.0005333544686436653,0.13980542123317719,8.793909072875977,2.8714256286621094,2454.287841796875,4102.49853515625,1.5348948240280151,0.020922571420669556,0.08554072678089142,0.034346677362918854,0.06907448172569275,0.07249075174331665,0.07386001199483871,0.06416592001914978,0.06240225210785866,0.052775777876377106,0.034607019275426865,0.00952034443616867
8,Chris Lord Alge,American Idiot,-16.134981,-13.105786,-10.994648933410645,2.6714162826538086,0.007672920823097229,0.05835670232772827,0.5243637561798096,0.499921590089798,-0.03442704879396163,5.94638166851049,3.9885241985321045,5.105925559997559,-7.978592872619629,0.09749044477939606,-0.5150914788246155,0.00971023365855217,0.1348736733198166,8.84614086151123,3.232783555984497,2037.111572265625,3683.6640625,1.5870981216430664,0.020538100972771645,0.10967212170362473,0.05210045352578163,0.09020853042602539,0.08818338066339493,0.07429862767457962,0.07134836167097092,0.07053714990615845,0.06480198353528976,0.04015558958053589,0.009800476022064686
9,Chris Lord Alge,Good Riddance (Time of Your Life),-17.89755,-14.47908,-12.223733901977539,11.721821784973145,0.0058464957401156425,-0.06483354419469833,1.7538743019104004,0.49999701976776123,-0.004960762088432218,4.24971112218075,4.245919704437256,5.990588665008545,-8.804764747619629,0.010496091097593307,-0.8708072900772095,-0.01806475780904293,0.11367548257112503,8.123433113098145,5.382650852203369,1486.751220703125,2790.076416015625,2.0835013389587402,0.019779443740844727,0.06088753417134285,0.025172729045152664,0.07072460651397705,0.08596855401992798,0.08517690002918243,0.07919616997241974,0.05466208606958389,0.03726978227496147,0.022838851436972618,0.005715342238545418
10,Chris Lord Alge,Know Your Enemy,-9.3980665,-6.5254364,-6.391014099121094,2.207455635070801,0.020417915657162666,-0.004493134096264839,-0.020595550537109375,0.5000582933425903,-0.06415783903432613,3.2789507845155152,3.850950002670288,4.413050174713135,-7.79414176940918,0.02801663428544998,-0.4591401219367981,-0.010096664540469646,0.1320887804031372,8.911332130432129,2.689765691757202,2214.512939453125,4189.67041015625,1.476373314857483,0.017742877826094627,0.17217867076396942,0.07117100805044174,0.14585505425930023,0.14613014459609985,0.1493457555770874,0.13060197234153748,0.11930467188358307,0.10444824397563934,0.07290752977132797,0.016839656978845596
11,Chris Lord Alge,Alive - Chris Lord-Alge Mix,-10.234028,-6.754893,-6.532586574554443,2.398343563079834,0.0210100170224905,0.010478254407644272,-0.04415488243103027,0.505533754825592,0.013368628759381909,3.514562208672435,3.7835159301757812,4.367618083953857,-6.874050617218018,0.03784902021288872,-0.4075469970703125,0.008848368190228939,0.14446166157722473,8.972354888916016,1.5119708776474,2242.507568359375,4456.4501953125,1.2971423864364624,0.02078312635421753,0.2210622876882553,0.10314466059207916,0.1655890792608261,0.15564537048339844,0.11080079525709152,0.10933879017829895,0.11751355975866318,0.09844962507486343,0.06949491798877716,0.019448675215244293
12,Chris Lord Alge,I Don't Want to Kno,-7.619577,-6.9146852,-6.130806922912598,2.9827404022216797,0.022799881175160408,0.04387533292174339,0.04944491386413574,0.4998911917209625,0.01768017921893816,4.038561047207631,3.6749725341796875,4.11573600769043,-6.463479995727539,0.009334717877209187,-0.46463334560394287,0.002715804846957326,0.1363106518983841,8.85374641418457,3.0143301486968994,1887.4554443359375,3870.1796875,1.504056453704834,0.021038882434368134,0.16238249838352203,0.06329014152288437,0.17448893189430237,0.18228396773338318,0.15769797563552856,0.12587842345237732,0.12104617059230804,0.10318383574485779,0.07319455593824387,0.02102387137711048
13,Manny Marroquin,Lightning,-11.2543745,-9.984736,-8.637243270874023,8.133689880371094,0.013270566239953041,0.0168903898447752,0.46728515625,0.49992311000823975,0.0161358919555945,2.2020085996847687,3.5222206115722656,4.618968963623047,-6.53278112411499,-0.03755924478173256,-0.4355383515357971,-0.0066939061507582664,0.10916310548782349,8.090546607971191,13.501166343688965,1015.6192016601562,2300.9580078125,2.390403985977173,0.019223488867282867,0.16662703454494476,0.07228176295757294,0.1225314661860466,0.11348288506269455,0.09618213772773743,0.09665141999721527,0.06825140118598938,0.04814115911722183,0.03243344649672508,0.010512485168874264
14,Manny Marroquin,Not Done Yet,-9.180504,-8.112705,-7.772463798522949,3.301481246948242,0.02540401741862297,0.02100842259824276,0.3558533191680908,0.4999997615814209,-0.021920236166657583,4.1160558746740294,3.629389524459839,4.393257141113281,-6.748505592346191,0.11428438127040863,-0.6150793433189392,0.042420484125614166,0.11212877184152603,7.917105674743652,9.676694869995117,1195.9730224609375,2646.298583984375,2.0492022037506104,0.017695311456918716,0.2662276029586792,0.11114908754825592,0.18058939278125763,0.13416096568107605,0.11825376003980637,0.09684107452630997,0.06731557101011276,0.05234115198254585,0.04427400976419449,0.014074896462261677
15,Manny Marroquin,Mama Told Me,-10.429771,-9.436989,-8.581518173217773,7.133053779602051,0.0444871224462986,0.055252835154533386,-0.7110991477966309,0.49680280685424805,0.0009562861376499104,17.09064074774412,2.837160348892212,3.378462076187134,-6.964611053466797,0.014864937402307987,-0.5822511911392212,0.02226327359676361,0.0890301838517189,7.367037296295166,19.40880584716797,686.5154418945312,1504.8724365234375,2.959866523742676,0.01531178131699562,0.5486648082733154,0.3568810224533081,0.15252834558486938,0.1191241443157196,0.11017896980047226,0.08718165010213852,0.06652897596359253,0.047439493238925934,0.03367329761385918,0.01119859516620636
16,Manny Marroquin,Hold Me,-12.892063,-11.353376,-9.83334732055664,6.816387176513672,0.02185182459652424,0.1390911489725113,0.7060656547546387,0.49996015429496765,0.0055160264074452835,20.68115998145038,3.564399480819702,4.825865745544434,-7.767220973968506,-0.07724197953939438,-0.8097094893455505,0.0018395581282675266,0.09929722547531128,7.461652755737305,15.358896255493164,906.874755859375,1745.52294921875,2.713139772415161,0.016994763165712357,0.2900005280971527,0.14067164063453674,0.13205650448799133,0.10160531848669052,0.10014094412326813,0.07229979336261749,0.044610388576984406,0.03570859879255295,0.025942817330360413,0.010533764958381653
17,Manny Marroquin,I KNOW ,-12.3282175,-10.631145,-9.393651008605957,5.375029563903809,0.020861677825450897,0.0743459016084671,1.5432319641113281,0.5002887845039368,-0.013779892162765645,52.411021952142555,4.102532386779785,5.3026838302612305,-8.144025802612305,0.0262602549046278,-0.7489404082298279,-0.0507279634475708,0.12435819953680038,7.984951019287109,11.003975868225098,1429.1685791015625,3029.029052734375,1.9432989358901978,0.019754497334361076,0.23523513972759247,0.10794392973184586,0.12758049368858337,0.10920782387256622,0.09238560497760773,0.080752894282341,0.05513867363333702,0.050642985850572586,0.03411564603447914,0.015121878124773502
18,Manny Marroquin,Focused (feat. Young Thug),-8.75345,-8.343266,-7.721965789794922,3.369475841522217,0.0244916919618845,0.06766173243522644,0.4711756706237793,0.499470055103302,-0.01812426975460167,5.555383587992376,3.8337976932525635,4.455575466156006,-7.087249279022217,0.2893500030040741,-0.7217543721199036,-0.006876714527606964,0.1217779815196991,8.063729286193848,7.4062042236328125,1355.9071044921875,2660.618408203125,2.095684289932251,0.02226416766643524,0.250639945268631,0.10005877912044525,0.1473710536956787,0.13955825567245483,0.13372983038425446,0.1203303411602974,0.08903557062149048,0.07095543295145035,0.04612458124756813,0.014150860719382763
19,Manny Marroquin,Wild Green - Dan Carey Dub,-9.629347,-8.982648,-8.422377586364746,6.211515426635742,0.025943772867321968,-0.009284766390919685,-0.010462045669555664,0.49978944659233093,0.06774885551444705,65.30016063027544,3.877652883529663,4.543678283691406,-7.38500452041626,-0.2902461588382721,-0.8577136993408203,0.14703334867954254,0.09747444093227386,7.909982681274414,8.736885070800781,867.5949096679688,1807.1246337890625,2.2561047077178955,0.015565579757094383,0.2784780263900757,0.10117805004119873,0.19618883728981018,0.15258744359016418,0.09649597853422165,0.07748744636774063,0.06414524465799332,0.04840375855565071,0.03130430355668068,0.009207624942064285
20,Manny Marroquin,Esta Vida - Deorro Remix,-12.033467,-10.398381,-8.562682151794434,5.967416286468506,0.02315884456038475,-0.010681494139134884,0.9155902862548828,0.49912187457084656,-0.009142339192693586,10.08715656051539,3.7498512268066406,4.700781345367432,-7.38796854019165,0.009652286767959595,-0.5405929684638977,-0.0053353868424892426,0.11184375733137131,8.19275951385498,7.4478044509887695,1308.0272216796875,2419.439697265625,2.1230053901672363,0.018918560817837715,0.25739729404449463,0.10636210441589355,0.16159583628177643,0.1152438148856163,0.10330364108085632,0.09687145054340363,0.07541677355766296,0.054351650178432465,0.03377621993422508,0.011119400151073933
21,Manny Marroquin,Radioactive (with Skillibeng),-11.163119,-10.50732,-8.901695251464844,6.801601409912109,0.02615043893456459,-0.006998229771852493,0.14520478248596191,0.5001683831214905,0.02004207274886851,17.81870474158025,3.235872983932495,4.475437641143799,-7.073953151702881,-0.1354227215051651,-0.6471556425094604,-0.02059173956513405,0.09100326895713806,7.315318584442139,27.305864334106445,762.6535034179688,1477.1932373046875,3.350283145904541,0.016843345016241074,0.31302398443222046,0.13370169699192047,0.15965041518211365,0.1229187622666359,0.09864860773086548,0.08376363664865494,0.059635113924741745,0.03684060648083687,0.02253778837621212,0.006476052571088076
22,Manny Marroquin,Wall To Wall,-9.600532,-8.694068,-8.265141487121582,4.800759792327881,0.04410974308848381,-0.06837299466133118,-0.3367733955383301,0.5006428956985474,0.003820069442342637,133.01426017365708,3.0990850925445557,3.8397676944732666,-7.86741304397583,-0.07020730525255203,-0.8645718693733215,0.05451643839478493,0.1201525405049324,7.762197017669678,7.963848114013672,911.6093139648438,1931.2235107421875,2.1267900466918945,0.02261427231132984,0.5114999413490295,0.2638596296310425,0.18604233860969543,0.1237921491265297,0.11124315857887268,0.09090899676084518,0.06709346175193787,0.0528477244079113,0.0453711673617363,0.015151199884712696
23,Manny Marroquin,Narkedo Speaks,-18.492563,-16.57925,-14.653372764587402,7.595802307128906,0.002824237337335944,0.011675835587084293,3.619986057281494,0.4999752640724182,0.009424197290763603,2.403207552172893,4.3228535652160645,6.128884792327881,-6.7782301902771,0.0030903976876288652,-0.4457712471485138,0.01653711125254631,0.06308367848396301,7.452698230743408,55.97578048706055,1077.22509765625,1813.0369873046875,4.603816509246826,0.006940821185708046,0.03894791752099991,0.013891233131289482,0.05060995742678642,0.05815847963094711,0.058215927332639694,0.04407746344804764,0.029919547960162163,0.022221764549613,0.013402031734585762,0.0027893551159650087
24,Manny Marroquin,Calling Your Name,-7.965787,-7.544071,-7.425240516662598,2.9869284629821777,0.025309139862656593,-0.0015524455811828375,0.26277661323547363,0.5001246929168701,0.017290829066294415,9.896494139636054,3.7397429943084717,4.409570217132568,-6.995359897613525,-0.004744649864733219,-0.5953444242477417,0.0025430256500840187,0.11032821983098984,7.914896011352539,6.784451484680176,1023.49169921875,2102.619140625,2.0893971920013428,0.0195760540664196,0.21612991392612457,0.07531041651964188,0.18787223100662231,0.1605442464351654,0.13478581607341766,0.10549899190664291,0.08431066572666168,0.06052886322140694,0.03690817207098007,0.011311701498925686
25,Manny Marroquin,Hit Me Again - From the Paramount+ Series Grease Rise of the Pink Ladies',-29.252197,-22.794424,-17.877918243408203,10.738619804382324,0.0021380747202783823,0.13974420726299286,4.178564071655273,0.4999754726886749,-3.937788924863271e-06,514.0243948567215,4.258008003234863,8.063796997070312,-9.00363826751709,-0.002865869551897049,-0.6110039353370667,-0.00349486549384892,0.11096125096082687,8.339192390441895,7.400269031524658,1509.431884765625,2527.610595703125,2.234861373901367,0.01924949139356613,0.054060451686382294,0.027597615495324135,0.04637220874428749,0.03976558893918991,0.04188143461942673,0.032023459672927856,0.024936694651842117,0.019289681687951088,0.010800673626363277,0.0027603020425885916
26,Manny Marroquin,Pink,-12.96749,-11.655394,-10.920511245727539,4.817004203796387,0.010056626051664352,0.04434588924050331,2.175121307373047,0.5000600218772888,0.03003655739204883,6.175818053998096,4.259271144866943,6.787888526916504,-6.7916259765625,-0.05877777934074402,-0.5936442613601685,-9.253034659195691e-05,0.14973284304141998,8.517881393432617,2.074643135070801,1449.7420654296875,3164.0703125,1.411249041557312,0.027821501716971397,0.1380569338798523,0.05715514346957207,0.11417557299137115,0.10481583327054977,0.08355588465929031,0.07006047666072845,0.05625216290354729,0.04140690714120865,0.029613032937049866,0.011334152892231941
27,Manny Marroquin,Speed Drive,-9.532409,-8.194866,-6.5876007080078125,9.175207138061523,0.03112206421792507,0.009246528148651123,0.08900952339172363,0.49966785311698914,0.0011920619539844911,7.095093888765482,3.4491982460021973,4.315324306488037,-6.730367183685303,-0.017595993354916573,-0.4853847622871399,0.002935840282589197,0.1154739111661911,7.996250152587891,7.26052188873291,1021.8492431640625,1947.804443359375,2.138988494873047,0.022650262340903282,0.2961067855358124,0.11563324183225632,0.21797651052474976,0.15543994307518005,0.11302413791418076,0.08906528353691101,0.07209181040525436,0.05125010013580322,0.03372357413172722,0.010281525552272797
28,Manny Marroquin,Esta Vida - VINNE Remix,-13.603032,-11.30362,-10.927682876586914,4.506951332092285,0.012639876455068588,0.10028237849473953,0.5619297027587891,0.4999936521053314,0.0052360256022091455,11.171959003657367,4.262679576873779,5.843293190002441,-7.739611625671387,0.012417355552315712,-0.5178104043006897,0.02300880290567875,0.12899841368198395,8.395798683166504,5.583529949188232,1425.8038330078125,2959.384765625,1.8134269714355469,0.021828779950737953,0.19263248145580292,0.0644412636756897,0.1288680136203766,0.09311898797750473,0.07958941161632538,0.07125727087259293,0.058574844151735306,0.04381342977285385,0.03023630380630493,0.010461184196174145
29,Manny Marroquin,Man's World (with James Brown),-11.622268,-10.498943,-9.385809898376465,5.252669334411621,0.02652042917907238,-0.027874644845724106,-0.03111100196838379,0.49989840388298035,-0.005138887986854838,72.43043849756793,3.0598196983337402,3.9423656463623047,-8.00588321685791,0.004634290933609009,-0.8456727266311646,-0.0027341374661773443,0.09466297179460526,7.267627716064453,15.974349021911621,566.9459228515625,1147.546630859375,2.7531096935272217,0.01908622868359089,0.3693665564060211,0.1516072303056717,0.1604848951101303,0.11969248205423355,0.09294115751981735,0.0795787051320076,0.05872679129242897,0.037011779844760895,0.024810131639242172,0.007776201236993074
30,Manny Marroquin,TUYA,-11.698371,-10.488219,-8.179985046386719,6.9324541091918945,0.020588302984833717,0.020395193248987198,0.6061670780181885,0.5000526309013367,0.026915060806814127,19.139058583813316,3.7370619773864746,5.184811592102051,-6.8853960037231445,-0.07306837290525436,-0.6326909065246582,0.006661944556981325,0.10174452513456345,7.522055625915527,10.40220832824707,1171.9317626953125,1921.5272216796875,2.5221381187438965,0.01922297477722168,0.18022003769874573,0.09297379106283188,0.14522641897201538,0.12993372976779938,0.10998284071683884,0.11173643916845322,0.08038989454507828,0.044872064143419266,0.027074748650193214,0.00669679744169116
31,Manny Marroquin,2am - Dan Carey Dub,-11.21458,-10.648623,-9.688040733337402,3.01644229888916,0.024252748116850853,0.055135928094387054,-0.07652664184570312,0.4998485743999481,0.01878732945137727,46.70240865510992,3.233978033065796,4.248685836791992,-7.312785625457764,-0.22030337154865265,-0.7438358068466187,0.014316984452307224,0.08304464817047119,7.413008213043213,23.010868072509766,608.5111694335938,1531.507080078125,3.0814874172210693,0.013649963773787022,0.3868728578090668,0.1890885829925537,0.17114219069480896,0.1064891517162323,0.07468072324991226,0.06468309462070465,0.0548621267080307,0.04532436653971672,0.02737312950193882,0.008153099566698074
32,Manny Marroquin,LOOOVE (feat. Kid Cudi),-9.421314,-7.766813,-6.953168869018555,7.76615571975708,0.031065592542290688,0.021540826186537743,0.18152832984924316,0.49989771842956543,-0.026487808529331722,15.847323105579413,3.2397048473358154,3.7450098991394043,-7.8379807472229,0.06059662625193596,-0.7131778597831726,0.031997304409742355,0.11741848289966583,8.12496280670166,7.699174404144287,989.8348388671875,2182.870849609375,1.9891034364700317,0.021160736680030823,0.29604536294937134,0.13254231214523315,0.20918592810630798,0.18981556594371796,0.153570294380188,0.1288948804140091,0.0830795019865036,0.07050477713346481,0.043470852077007294,0.015061018988490105
33,Manny Marroquin,Better Man,-21.39835,-19.22706,-15.941082000732422,12.424844741821289,0.002528949873521924,0.0990426316857338,2.888911247253418,0.4998989403247833,-0.10604723240170782,10.992766243373158,3.710690498352051,6.175421714782715,-6.983445167541504,0.09055110067129135,-0.6436520218849182,0.0060944464057683945,0.05881321430206299,6.962429523468018,63.06337356567383,801.9435424804688,1293.5494384765625,5.40547513961792,0.00834490917623043,0.035952430218458176,0.0158860981464386,0.03606674075126648,0.05491901934146881,0.05538243055343628,0.05018897354602814,0.03220055252313614,0.019920602440834045,0.009730269201099873,0.0017002392560243607
34,Manny Marroquin,UNFORGIVEN (feat. Nile Rodgers),-17.18605,-11.976903,-7.673818588256836,14.35699462890625,0.018735036253929138,-0.0018163855420425534,1.6140384674072266,0.49994349479675293,-0.007846305368320957,6.167652797944436,4.009477615356445,9.407564163208008,-6.780332565307617,0.01513388566672802,-0.5661179423332214,0.016889696940779686,0.1263609528541565,8.30937385559082,7.75840425491333,1805.1671142578125,3141.71435546875,2.0493555068969727,0.02116376720368862,0.18470539152622223,0.06187059357762337,0.11877060681581497,0.10271044075489044,0.10361328721046448,0.09321261942386627,0.07865245640277863,0.05908689647912979,0.03911631181836128,0.011718988418579102
35,Manny Marroquin,Pulling Strings - From the Paramount+ Series Grease Rise of the Pink Ladies',-23.166859,-22.14088,-18.01178741455078,12.927776336669922,0.0026171936187893152,0.03376544266939163,3.5085959434509277,0.5001869201660156,0.011209967658963153,22.720432837861594,3.67271089553833,4.8655900955200195,-6.993392467498779,-0.010288559831678867,-0.7573570013046265,0.01231120154261589,0.08671863377094269,7.745832443237305,12.351152420043945,994.1432495117188,1781.9407958984375,2.866276502609253,0.014538243412971497,0.06765969842672348,0.023097362369298935,0.051695309579372406,0.038207728415727615,0.034876395016908646,0.029510412365198135,0.02212083525955677,0.013261042535305023,0.007245173677802086,0.001753055490553379
36,Manny Marroquin,Stain (feat. Hunxho and BabyDrill),-9.293251,-8.60017,-8.179059982299805,3.05930233001709,0.0454135425388813,0.0014920964604243636,-0.4389495849609375,0.499468594789505,0.014931728231409336,79.4023272018259,3.3709490299224854,3.959948778152466,-7.311572074890137,0.15554653108119965,-0.7613304257392883,-0.015478732995688915,0.1277177780866623,7.989193439483643,4.87771463394165,1115.7464599609375,2317.891357421875,1.7624934911727905,0.024134349077939987,0.5036434531211853,0.26170700788497925,0.17167311906814575,0.12358903884887695,0.10570078343153,0.09544544667005539,0.06983353197574615,0.05722185596823692,0.0417327806353569,0.017097894102334976
37,Manny Marroquin,FEARLESS (2023 Ver.),-10.161011,-8.108354,-7.9710187911987305,2.4121012687683105,0.02806422859430313,-0.004868007730692625,-0.09730911254882812,0.5004861950874329,0.026802495631319707,16.166792981668994,3.0827324390411377,4.001178741455078,-7.06716251373291,0.05354376882314682,-0.5501662492752075,0.03136409446597099,0.12054241448640823,7.848678112030029,4.580065727233887,684.1550903320312,1612.07275390625,1.8353806734085083,0.02490638568997383,0.32496964931488037,0.11426618695259094,0.20126087963581085,0.15520943701267242,0.09893233329057693,0.0709305927157402,0.05666252225637436,0.043794184923172,0.03366100788116455,0.011823665350675583
38,Manny Marroquin,Don't Get Me Wrong,-17.086353,-16.301481,-15.703298568725586,5.531826019287109,0.0027617672458291054,0.06324336677789688,0.8644537925720215,0.5000004172325134,0.012676671083930644,4.81139884185827,4.474239349365234,6.23990535736084,-6.520998954772949,0.09407718479633331,-0.3343651592731476,0.05917525663971901,0.12294480949640274,8.677643775939941,4.141972064971924,1810.3026123046875,3603.0400390625,1.6230559349060059,0.016964273527264595,0.06756878644227982,0.030422048643231392,0.05048224329948425,0.049673207104206085,0.05241217836737633,0.04561331495642662,0.04179273545742035,0.033463846892118454,0.02205110713839531,0.006466241553425789
39,Manny Marroquin,Sexy!,-19.597492,-15.347041,-9.72983169555664,4.365259647369385,0.012987881898880005,-0.12919123470783234,2.55043363571167,0.5002176761627197,0.006068042861976925,9.904851538275596,4.308495998382568,6.222537994384766,-7.030373573303223,0.015103778801858425,-0.6890709400177002,0.07386646419763565,0.13030193746089935,8.123567581176758,8.733231544494629,1788.27685546875,3161.26904296875,2.1768152713775635,0.023690519854426384,0.14279325306415558,0.061489228159189224,0.1309320479631424,0.1290302872657776,0.08941692113876343,0.07240214943885803,0.056721173226833344,0.041950248181819916,0.026796409860253334,0.00893487874418497
40,Manny Marroquin,Shado,-11.291488,-9.382093,-8.842260360717773,4.617712020874023,0.015090574510395527,0.050667665898799896,0.8619697093963623,0.5001072287559509,-0.023375652809313342,3.0624073741210873,4.085010528564453,5.534780979156494,-6.879935264587402,0.020315095782279968,-0.4226989150047302,0.010471923276782036,0.14263664186000824,8.263751029968262,5.787866115570068,1387.54150390625,3059.323486328125,1.7690837383270264,0.02734556794166565,0.17801456153392792,0.07133928686380386,0.1323639154434204,0.11980786919593811,0.10203305631875992,0.08036188781261444,0.06421297043561935,0.04240481182932854,0.03339112922549248,0.012605401687324047
41,Manny Marroquin,Who Wit Me,-10.745281,-9.597816,-8.067111015319824,2.5339975357055664,0.025753453373908997,0.05161773040890694,-0.09277081489562988,0.5014327764511108,0.04778240555149337,13.505364949526358,3.446922779083252,4.015738487243652,-7.062405586242676,0.092136450111866,-0.6858212351799011,0.07284120470285416,0.11934278905391693,8.20040225982666,4.036257743835449,913.9593505859375,2324.9111328125,1.7558748722076416,0.021644867956638336,0.30411073565483093,0.12577274441719055,0.17068719863891602,0.1501007378101349,0.13637520372867584,0.10498815029859543,0.0674319714307785,0.05422896519303322,0.042041853070259094,0.014611962251365185
42,Manny Marroquin,Caught Up On You,-16.722448,-12.346827,-9.155659675598145,8.856033325195312,0.01765028014779091,-0.009532352909445763,0.917522668838501,0.49967363476753235,-0.03507098888305629,4.883794477104291,3.3679728507995605,4.701301097869873,-7.239202976226807,-0.029330702498555183,-0.6282563209533691,-0.01021095085889101,0.07612023502588272,7.1557464599609375,23.70639991760254,954.799072265625,1461.027099609375,3.7380576133728027,0.013942654244601727,0.20817019045352936,0.07159660756587982,0.16131819784641266,0.14277352392673492,0.10972671210765839,0.08827034384012222,0.04556272178888321,0.026282867416739464,0.014426372945308685,0.00384931149892509
43,Manny Marroquin,Who You Are,-18.28471,-14.858324,-11.31038761138916,7.01673698425293,0.007325816433876753,0.02187889814376831,2.3523120880126953,0.49999335408210754,0.00366238638143575,2.512373473097434,5.047142505645752,6.295706748962402,-6.737345218658447,0.01199047639966011,-0.45311349630355835,-0.002698564436286688,0.10766155272722244,8.016328811645508,7.305884838104248,1491.430908203125,2527.614013671875,2.2741403579711914,0.018007749691605568,0.08828838169574738,0.03200104087591171,0.07965248823165894,0.08740412443876266,0.0872519463300705,0.07213064283132553,0.05185361206531525,0.032391659915447235,0.017684152349829674,0.005581074394285679
44,Manny Marroquin,Sacrifice (Eat Me Up),-14.869484,-10.648191,-8.461270332336426,7.389580726623535,0.012927944771945477,-0.024342335760593414,1.5922837257385254,0.49998700618743896,0.01578154723953944,2.3802912163788137,3.9981894493103027,5.678637981414795,-6.439634323120117,-0.022799111902713776,-0.3784155547618866,-0.014501495286822319,0.10953974723815918,8.188385963439941,11.703214645385742,1473.404052734375,2568.46435546875,2.378830671310425,0.01839669607579708,0.12915512919425964,0.04800437390804291,0.10323141515254974,0.11064263433218002,0.12251611799001694,0.10059458017349243,0.07800009101629257,0.052624523639678955,0.03031805530190468,0.008627906441688538
45,Manny Marroquin,What A Night - Buzzer Beater Sped Up Mix,-8.327668,-6.795134,-6.5519208908081055,1.2513861656188965,0.022716455161571503,0.0032839544583112,0.21962285041809082,0.4999774396419525,-0.026108968942226415,5.018343801163002,3.8615665435791016,4.422748565673828,-6.613924503326416,0.057284969836473465,-0.4960467517375946,-0.0017837901832535863,0.14028729498386383,8.483247756958008,2.9708592891693115,1869.183837890625,3737.622314453125,1.6164475679397583,0.02382870391011238,0.20398138463497162,0.07247357815504074,0.1655273735523224,0.14846785366535187,0.13674192130565643,0.11526758223772049,0.10344674438238144,0.08430071175098419,0.058313194662332535,0.017255786806344986
46,Manny Marroquin,After Last Night,-9.160491,-7.865169,-7.751925945281982,2.2539196014404297,0.02316230721771717,0.004049827344715595,-0.22702956199645996,0.5002371668815613,-0.00035204911405963533,6.567321232186342,3.6724774837493896,4.180252552032471,-6.912167072296143,0.03320438042283058,-0.48071250319480896,0.007250707596540451,0.15041247010231018,8.472356796264648,1.6687732934951782,1388.8695068359375,3148.595703125,1.3467304706573486,0.027555953711271286,0.28293174505233765,0.1152731403708458,0.18386723101139069,0.130143404006958,0.1116521880030632,0.09927340596914291,0.09208714216947556,0.06646154820919037,0.04605838283896446,0.018353378400206566
47,Manny Marroquin,High Rollin - From the Paramount+ Series Grease Rise of the Pink Ladies',-23.860563,-18.682287,-16.803516387939453,5.18316650390625,0.0031178887002170086,-0.4619605541229248,5.915692329406738,0.500052273273468,-3.04035601352776e-06,516.058566322929,4.387030601501465,8.194729804992676,-8.830263137817383,0.012101707048714161,-0.6106618046760559,0.007954038679599762,0.10851873457431793,8.335665702819824,4.917885780334473,1416.40673828125,2388.052978515625,2.029123544692993,0.0178010705858469,0.06556808948516846,0.03112187422811985,0.05730810761451721,0.05559327080845833,0.05284145101904869,0.041139502078294754,0.03435388207435608,0.02321104146540165,0.012984980829060078,0.0033077257685363293
48,Manny Marroquin,Home,-12.117455,-11.28962,-10.166683197021484,6.082888603210449,0.021583037450909615,0.018118293955922127,-0.2184600830078125,0.4999273121356964,0.011514196213895172,24.3220614517589,2.9766392707824707,3.930086612701416,-6.949580192565918,-0.00733527448028326,-0.6844168305397034,-0.02307157963514328,0.0981525108218193,7.0715651512146,19.936315536499023,342.839111328125,738.55322265625,2.8644556999206543,0.02406209148466587,0.3398476541042328,0.11154348403215408,0.20673100650310516,0.11098393052816391,0.07364018261432648,0.046657487750053406,0.029599661007523537,0.01987512595951557,0.015292621217668056,0.006519337184727192
49,Manny Marroquin,PORSCHE TOPLESS,-12.94316,-12.179909,-10.303147315979004,12.669989585876465,0.014100182801485062,-0.05860066041350365,3.1576571464538574,0.5002233982086182,0.03136195778330026,11.93576655183432,4.320031642913818,5.655362129211426,-6.54676628112793,0.058866169303655624,-0.3889581561088562,0.02936476469039917,0.10154563933610916,7.947986125946045,14.364726066589355,1598.19140625,2585.3271484375,2.6630303859710693,0.014269014820456505,0.15926024317741394,0.0630699098110199,0.09104253351688385,0.07436631619930267,0.07939676940441132,0.07813546061515808,0.06830266118049622,0.042071547359228134,0.025519970804452896,0.0069549973122775555
50,Manny Marroquin,Number 9 (feat. Lil Yachty),-10.546787,-8.842951,-8.376193046569824,5.464017868041992,0.016950899735093117,-0.03805721923708916,0.9782612323760986,0.500056803226471,0.04255918848975762,3.9789495635959935,4.10088586807251,6.149080753326416,-6.858325958251953,-0.09893940389156342,-0.49411723017692566,0.011474255472421646,0.12296741455793381,8.26315689086914,6.448826313018799,1623.4102783203125,2902.18359375,1.9454600811004639,0.019204717129468918,0.18552552163600922,0.07092150300741196,0.12521666288375854,0.11721504479646683,0.11345876753330231,0.09803587943315506,0.0760059505701065,0.057697594165802,0.03848782181739807,0.012027762830257416
51,Manny Marroquin,Silly Me - D.O.D Remix,-7.9153094,-6.875118,-6.433349609375,4.367753505706787,0.024532904848456383,-0.037217751145362854,0.11078667640686035,0.5001291036605835,-0.005378194063540904,4.697572582440137,3.663121223449707,4.369134902954102,-6.5713210105896,0.02282201312482357,-0.4686581492424011,0.0033448648173362017,0.13697803020477295,8.65595531463623,2.9019010066986084,1534.5009765625,3232.32373046875,1.601532220840454,0.02298165112733841,0.17979301512241364,0.06965366750955582,0.14876945316791534,0.14320455491542816,0.15064996480941772,0.15189456939697266,0.1305229514837265,0.08883778005838394,0.05350582301616669,0.01789267733693123
52,Manny Marroquin,Tempo,-21.144766,-14.000519,-6.782069683074951,2.0500435829162598,0.03389274701476097,-0.0027212786953896284,0.013814687728881836,0.5005311965942383,-0.015110072122906328,12.697725363149512,3.5587732791900635,3.7761409282684326,-7.55995512008667,0.04548932611942291,-0.75937819480896,-0.05183245614171028,0.13282747566699982,8.029829978942871,8.771878242492676,2163.0234375,3224.412109375,2.0985562801361084,0.023386072367429733,0.3028714954853058,0.1052158772945404,0.18492630124092102,0.15680189430713654,0.13243378698825836,0.11980504542589188,0.08124736696481705,0.05597816780209541,0.036610137671232224,0.014321395196020603
53,Manny Marroquin,Girls Can't Drive - From the Paramount+ Series Grease Rise of the Pink Ladies',-20.503708,-19.540268,-18.01152801513672,8.726262092590332,0.002483080606907606,-0.13573166728019714,4.487477779388428,0.5000895857810974,-1.9161515093333822e-05,1415.2623199313116,4.401796340942383,7.303593635559082,-9.45384407043457,0.003409952623769641,-0.6693321466445923,0.002094028051942587,0.09157072752714157,7.91215705871582,7.389926433563232,911.814697265625,1752.0233154296875,2.3824141025543213,0.015582716092467308,0.0641464963555336,0.03284972161054611,0.05068846046924591,0.049215659499168396,0.04200313985347748,0.03215857222676277,0.026554560288786888,0.019072039052844048,0.010850470513105392,0.002326674060896039
54,Manny Marroquin,RIOT (Rowdy Pipe'n),-8.823574,-7.9369235,-7.034869194030762,8.670650482177734,0.026593822985887527,0.02254052460193634,0.316922664642334,0.4999605715274811,-0.01979479154235214,9.73307440593977,3.641756296157837,4.811290740966797,-7.073083400726318,0.06981462985277176,-0.606453537940979,-0.0013700544368475676,0.12282809615135193,8.506240844726562,6.090775489807129,1862.433349609375,3270.98583984375,2.007164478302002,0.01866079308092594,0.23445411026477814,0.09661011397838593,0.12609852850437164,0.1318361610174179,0.1370527148246765,0.13906694948673248,0.1167861670255661,0.08684772998094559,0.0565485805273056,0.01761939376592636
55,Manny Marroquin,11.11,-10.589633,-9.718776,-9.264445304870605,4.0514631271362305,0.05002530291676521,-0.0013240478001534939,-0.6050779819488525,0.5002386569976807,0.0011311663137499883,143.1980009094315,2.7408359050750732,3.2723162174224854,-7.629207611083984,0.01883740723133087,-0.7527265548706055,0.055016327649354935,0.09850078821182251,7.346735000610352,13.005010604858398,485.2625427246094,1084.5322265625,2.499342441558838,0.019907167181372643,0.5953284502029419,0.35533758997917175,0.17717590928077698,0.10975237935781479,0.0787157416343689,0.05942366272211075,0.04157314449548721,0.03295310214161873,0.026149176061153412,0.008950714953243732
56,Manny Marroquin,Where Can I Start,-9.987386,-8.578506,-6.710686683654785,4.059813499450684,0.037322770804166794,-0.019856294617056847,0.15273356437683105,0.498507559299469,0.005799453947143038,17.821959817334836,3.796750783920288,3.9022295475006104,-7.188948154449463,0.007567409425973892,-0.6988372206687927,0.0340549498796463,0.11755727976560593,8.04310417175293,5.271127700805664,1333.3973388671875,2776.881591796875,1.8667041063308716,0.018874166533350945,0.3508646786212921,0.16072501242160797,0.20491617918014526,0.1461656242609024,0.1289108395576477,0.11715284734964371,0.08636224269866943,0.06720203161239624,0.047522205859422684,0.0149894580245018
57,Manny Marroquin,Back Where It Begins (feat. Future and Takeoff),-11.178458,-9.864893,-8.838004112243652,5.662287712097168,0.036828041076660156,0.10476387292146683,-0.026510238647460938,0.49908584356307983,0.001160953258434047,74.8555692594375,3.2572944164276123,4.2360758781433105,-7.354702472686768,0.12094662338495255,-0.7561631202697754,-0.027739590033888817,0.09604977816343307,7.397417068481445,21.7253360748291,920.0428466796875,1656.50439453125,2.9922900199890137,0.01562661863863468,0.46005430817604065,0.2804262340068817,0.12817199528217316,0.0956452265381813,0.09044331312179565,0.09642497450113297,0.07097721844911575,0.0570087730884552,0.03148398548364639,0.010301981121301651
58,Manny Marroquin,WHEN U WERE PSYCHO,-7.8200974,-6.6974382,-5.712642669677734,4.867283344268799,0.03610849007964134,-0.009297908283770084,-0.44524240493774414,0.49993371963500977,0.01801093459492296,14.264746972357425,3.1363441944122314,3.484440326690674,-6.967501163482666,-0.03470383584499359,-0.6483483910560608,0.021793052554130554,0.144009068608284,8.575797080993652,4.723269462585449,1703.9119873046875,3565.50927734375,1.6220673322677612,0.02433416061103344,0.3253098428249359,0.11845947802066803,0.18955478072166443,0.16161343455314636,0.16277535259723663,0.1480710357427597,0.12974068522453308,0.09832879155874252,0.0727737545967102,0.025559939444065094
59,Manny Marroquin,TOPIA TWINS (feat. Rob49 & 21 Savage),-11.446784,-9.904342,-9.569549560546875,4.912817001342773,0.026456451043486595,0.02208898216485977,0.7286727428436279,0.4999649226665497,0.06013885659808889,36.78834734818428,4.061428546905518,5.452530384063721,-8.094588279724121,-0.01357410941272974,-0.8354260325431824,0.018846260383725166,0.13725173473358154,8.293351173400879,3.0482497215270996,1786.340087890625,3312.5732421875,1.4287092685699463,0.020360037684440613,0.33205077052116394,0.17146916687488556,0.125218465924263,0.10328115522861481,0.09352070093154907,0.08846734464168549,0.0670974999666214,0.060390155762434006,0.04334205389022827,0.017605571076273918
60,Manny Marroquin,Sexual Love (feat. James Fauntleroy),-11.289917,-10.288302,-8.070436477661133,12.59343147277832,0.0154262725263834,-0.004459239076822996,2.0999908447265625,0.49996083974838257,0.007573585616527825,3.5944275820648843,3.703504800796509,5.015166759490967,-7.226987838745117,0.00893471110612154,-0.6792883276939392,-0.01663903146982193,0.08631988614797592,7.606671333312988,13.511886596679688,880.6942749023438,1716.176025390625,2.8012349605560303,0.014529485255479813,0.11789572983980179,0.048617202788591385,0.12109492719173431,0.13642016053199768,0.12823161482810974,0.09813284873962402,0.06859942525625229,0.04520953446626663,0.029322296380996704,0.006800336763262749
61,Manny Marroquin,La Estrella del Sho,-14.348647,-13.424972,-11.012176513671875,9.413743019104004,0.009105374105274677,-0.0042286403477191925,2.5795693397521973,0.5000129342079163,-0.0012049597165091498,4.521225627110046,3.8799006938934326,5.781233787536621,-7.087808132171631,0.0053392620757222176,-0.5622884035110474,-0.019994288682937622,0.09630558639764786,7.787280082702637,23.35596466064453,1044.50146484375,1883.4339599609375,2.9302356243133545,0.01630166918039322,0.11134631186723709,0.04815668612718582,0.10230772942304611,0.09118805825710297,0.08816744387149811,0.07233019173145294,0.04598645120859146,0.032938387244939804,0.01860157586634159,0.005867276340723038
62,Manny Marroquin,Disciples,-12.803383,-11.347312,-8.38354206085205,16.43010902404785,0.05417569726705551,-0.007746632676571608,-0.8773157596588135,0.5077736377716064,0.00012680953967373395,191.75266757293954,2.4373233318328857,2.947286367416382,-7.495380878448486,-0.074684739112854,-0.6079369783401489,-0.07110524922609329,0.08849728107452393,6.955270290374756,23.157426834106445,395.31829833984375,778.0751342773438,3.1843953132629395,0.017622265964746475,0.6609596610069275,0.3723122775554657,0.18836387991905212,0.1037147119641304,0.0752430111169815,0.06451354175806046,0.045045167207717896,0.03565448895096779,0.02420664206147194,0.009611773304641247
63,Manny Marroquin,Friends,-15.834402,-12.567999,-8.620684623718262,9.941768646240234,0.013545943424105644,-0.010482574813067913,1.5404319763183594,0.4999929964542389,0.06643727878925203,3.704809237500475,3.9151523113250732,5.563694477081299,-6.985847473144531,-0.21870294213294983,-0.3884097635746002,-0.040016550570726395,0.1244969591498375,8.553458213806152,3.7136130332946777,1694.1324462890625,3010.316162109375,1.805646300315857,0.020456386730074883,0.159599170088768,0.06193437799811363,0.11311884969472885,0.10358624160289764,0.09610027074813843,0.08833379298448563,0.08110039681196213,0.06119169294834137,0.034701891243457794,0.00967179611325264
64,Manny Marroquin,Sugar Rush Ride,-14.160722,-10.140371,-6.310646057128906,3.3184814453125,0.028366899117827415,0.030163433402776718,0.48283910751342773,0.49936404824256897,0.000514962303709399,8.011163014553167,3.702496290206909,4.383429527282715,-6.833236217498779,0.058222781866788864,-0.5961076617240906,0.0032149036414921284,0.15567030012607574,8.648429870605469,3.9528892040252686,2247.557861328125,4183.28662109375,1.551673173904419,0.026410091668367386,0.2611939311027527,0.09648645669221878,0.1548415571451187,0.1226780116558075,0.11479659378528595,0.1148107722401619,0.09807047992944717,0.0885983407497406,0.05661371350288391,0.020732928067445755
65,Manny Marroquin,Aqu Te Espero,-13.015423,-10.6029005,-9.379678726196289,7.271671295166016,0.013826081529259682,-0.025350365787744522,0.5094029903411865,0.5001323223114014,0.008486516274814388,4.055845403753033,3.502176284790039,5.485586643218994,-6.686649799346924,-0.03149348869919777,-0.5127099752426147,-0.005830784793943167,0.07856928557157516,7.2115020751953125,22.37296485900879,690.8643798828125,1238.078857421875,3.474414348602295,0.015808364376425743,0.1585567146539688,0.0765647441148758,0.13556580245494843,0.1410636156797409,0.11579641699790955,0.08812461048364639,0.05168257653713226,0.030280303210020065,0.01682431623339653,0.0058432710357010365
66,Manny Marroquin,Forever & Again,-12.005011,-10.696206,-9.11254596710205,5.416092872619629,0.015277174301445484,0.003257090924307704,0.4094820022583008,0.5004434585571289,0.012149986331977653,4.830086220358099,3.618955135345459,4.669922351837158,-6.6558942794799805,0.027515772730112076,-0.5417063236236572,0.026967855170369148,0.12180515378713608,8.208892822265625,5.8022027015686035,1420.17626953125,2755.87548828125,1.8721150159835815,0.020270008593797684,0.18469388782978058,0.0766897052526474,0.10079973191022873,0.10387314856052399,0.11582379043102264,0.10259618610143661,0.08144158124923706,0.060305655002593994,0.03744310885667801,0.01089125033468008
67,Manny Marroquin,"Wont Back Down (feat. YoungBoy Never Broke Again, Dermot Kennedy & Bailey Zimmerman)",-23.378706,-17.981762,-7.514336585998535,10.991730690002441,0.02133755385875702,0.017943717539310455,1.1691961288452148,0.49995157122612,-0.007186111297691145,8.365358023982884,3.423135757446289,4.576889514923096,-6.8471245765686035,-0.022047249600291252,-0.5848982334136963,0.017725862562656403,0.12095838785171509,7.9817047119140625,15.36882209777832,1881.595947265625,2960.21484375,2.525960683822632,0.0203680582344532,0.21312609314918518,0.09249942004680634,0.1309400200843811,0.12065683305263519,0.10505398362874985,0.09847178310155869,0.08328799158334732,0.05311957374215126,0.03210199251770973,0.0097077377140522
68,Manny Marroquin,Rocket Power,-9.893021,-9.238905,-8.694639205932617,4.087642192840576,0.02329190820455551,-0.0042073680087924,2.068112373352051,0.500148594379425,0.0022241912176629024,8.694072219273654,3.8187203407287598,4.805802822113037,-6.769043445587158,-0.017604488879442215,-0.5546541213989258,-0.008429696783423424,0.08675586432218552,7.521027088165283,34.903564453125,957.0674438476562,1832.6915283203125,3.633340835571289,0.013911014422774315,0.21764080226421356,0.06190706044435501,0.1552799791097641,0.12410242110490799,0.1064111739397049,0.09041169285774231,0.055625952780246735,0.0392950139939785,0.026403503492474556,0.006488987244665623
69,Manny Marroquin,SKITZO (feat. Young Thug),-11.312561,-10.263184,-9.66637134552002,4.161718368530273,0.024403363466262817,-0.0067205363884568214,0.5028808116912842,0.49986451864242554,0.00032358106855108715,9.850283116814193,3.8653924465179443,6.8694376945495605,-7.629638195037842,-0.016130024567246437,-0.7306183576583862,-0.0392598919570446,0.11184221506118774,7.819155693054199,23.305143356323242,1280.840576171875,2437.525390625,2.547231912612915,0.01747351884841919,0.31667855381965637,0.16857394576072693,0.13672637939453125,0.11167776584625244,0.09604198485612869,0.08563270419836044,0.05960261821746826,0.048197872936725616,0.03123183734714985,0.012594442814588547
70,Manny Marroquin,Barbie Dreams (feat. Kaliii) [From Barbie The Album],-8.530937,-7.206081,-6.675568580627441,2.34567928314209,0.019898485392332077,0.02697756700217724,0.289337158203125,0.49976953864097595,0.034858947753334535,4.877242329705985,4.702481269836426,5.020374774932861,-6.716090679168701,-0.03296729549765587,-0.5504843592643738,0.008798915892839432,0.16437481343746185,8.900391578674316,1.860081434249878,3080.15283203125,5310.1728515625,1.2598340511322021,0.02438475750386715,0.1587931513786316,0.047750622034072876,0.11276587098836899,0.12443214654922485,0.13682600855827332,0.13188397884368896,0.1277087926864624,0.09582187235355377,0.07551389932632446,0.02417600527405739
71,Manny Marroquin,GOD'S COUNTRY,-14.180379,-12.934996,-10.254695892333984,11.677345275878906,0.01911831833422184,0.006744298618286848,1.2188005447387695,0.5000472068786621,-0.0004223037991945435,20.375308430986355,3.888707160949707,5.313404560089111,-7.450027942657471,-0.029615582898259163,-0.7430622577667236,-0.029113328084349632,0.09921637922525406,7.422534465789795,24.890090942382812,1134.0042724609375,2177.715576171875,2.9271411895751953,0.01610533706843853,0.27257874608039856,0.14562760293483734,0.0970011055469513,0.08135131746530533,0.07163766026496887,0.07244514673948288,0.05687502771615982,0.04192947968840599,0.026845203712582588,0.01120163407176733
72,Manny Marroquin,Galaxy,-9.893021,-9.238905,-8.694639205932617,4.087642192840576,0.02329190820455551,-0.0042073680087924,2.068112373352051,0.500148594379425,0.0022241912176629024,8.694072219273654,3.8187203407287598,4.805802822113037,-6.769043445587158,-0.017604488879442215,-0.5546541213989258,-0.008429696783423424,0.08675586432218552,7.521027088165283,34.903564453125,957.0674438476562,1832.6915283203125,3.633340835571289,0.013911014422774315,0.21764080226421356,0.06190706044435501,0.1552799791097641,0.12410242110490799,0.1064111739397049,0.09041169285774231,0.055625952780246735,0.0392950139939785,0.026403503492474556,0.006488987244665623
73,Manny Marroquin,Rebels,-10.973518,-10.224402,-8.15942096710205,6.793597221374512,0.01615135371685028,-0.020341048017144203,1.1080551147460938,0.49993187189102173,0.012180997788199272,4.208905428839824,3.8588061332702637,4.809959888458252,-6.501689910888672,-0.013814299367368221,-0.4118536412715912,0.038425590842962265,0.11344236880540848,8.371437072753906,5.821766376495361,1308.2054443359375,2643.48779296875,1.9652141332626343,0.018313638865947723,0.17064610123634338,0.07124247401952744,0.13292980194091797,0.13464434444904327,0.11103413254022598,0.09733685851097107,0.08406287431716919,0.06453946232795715,0.04071076959371567,0.011641613207757473
74,Manny Marroquin,A Year Ago,-12.553679,-11.032543,-9.313737869262695,9.926543235778809,0.013544408604502678,0.02121065929532051,1.3590631484985352,0.4999028742313385,0.04647734193635936,3.3273395517128503,3.758009910583496,5.298650741577148,-7.0789947509765625,-0.057186659425497055,-0.5180656909942627,-0.011953447945415974,0.08394753187894821,7.568526268005371,9.981366157531738,919.165283203125,1590.234375,2.682878017425537,0.014255944639444351,0.16378574073314667,0.0714004784822464,0.12028403580188751,0.11039707064628601,0.10955362021923065,0.09526564180850983,0.063649982213974,0.03714799880981445,0.019783133640885353,0.005577172618359327
75,Manny Marroquin,Queen of New York City,-18.270168,-14.94759,-9.6647310256958,15.315719604492188,0.008980038575828075,-0.0881706029176712,3.1829991340637207,0.5000619292259216,0.034073236160349046,6.301139245055484,4.068324089050293,6.164462089538574,-6.774020195007324,-0.0748610720038414,-0.6417490839958191,-0.03700711950659752,0.1015404611825943,7.9358696937561035,22.263608932495117,1596.076416015625,2559.3837890625,3.0557165145874023,0.015180868096649647,0.07970885932445526,0.031859878450632095,0.07763847708702087,0.09081931412220001,0.08919895440340042,0.0820121094584465,0.06349451094865799,0.04838469997048378,0.02679268829524517,0.00745112169533968
76,Manny Marroquin,"SUPPOSED TO BE LOVED (feat. Lil Baby, Future & Lil Uzi Vert)",-9.817066,-8.719699,-7.959985733032227,5.821409702301025,0.035548657178878784,0.044942472130060196,-0.48424720764160156,0.49976879358291626,0.016457047737946616,74.58652074987799,3.322737455368042,4.271277904510498,-7.422271728515625,-0.13124559819698334,-0.7424536347389221,0.041411545127630234,0.12260068953037262,8.14562702178955,3.123152256011963,962.8773803710938,2093.24169921875,1.6217660903930664,0.019960079342126846,0.4224036931991577,0.13144390285015106,0.20985904335975647,0.11174052953720093,0.09548644721508026,0.09880924224853516,0.07696890085935593,0.061520785093307495,0.03822790086269379,0.014430825598537922
77,Manny Marroquin,Forgiving Myself,-12.243488,-8.991102,-8.708758354187012,3.920905590057373,0.018967729061841965,0.004767192527651787,1.0790843963623047,0.5000720620155334,0.00609848912934737,16.118899961316487,3.914515495300293,4.737593173980713,-7.145453929901123,-0.03378259390592575,-0.7931540608406067,0.0013175919884815812,0.0928887128829956,7.929570198059082,10.883345603942871,1184.6094970703125,2197.135498046875,2.621121883392334,0.014753228984773159,0.1951185017824173,0.0847700983285904,0.1631295382976532,0.13569287955760956,0.12529243528842926,0.10763556510210037,0.08843091875314713,0.0582214891910553,0.03358864039182663,0.007649726700037718
78,Manny Marroquin,ANTIFRAGILE,-22.282425,-14.996973,-7.6555681228637695,5.682094573974609,0.021202920004725456,0.040101710706949234,0.9452738761901855,0.5002987384796143,-0.004069501887301505,7.054682104763671,4.264887809753418,4.590940952301025,-7.269684791564941,-0.005649555008858442,-0.4779128134250641,-0.008784663863480091,0.16490399837493896,8.544292449951172,14.24039363861084,2746.3583984375,4697.8525390625,1.8537542819976807,0.028430499136447906,0.22033067047595978,0.09969893842935562,0.1413552165031433,0.1191922128200531,0.10515706241130829,0.09409933537244797,0.08063527941703796,0.06322477012872696,0.04808562248945236,0.016402803361415863
79,Manny Marroquin,Hang on Every Word,-15.690107,-14.829216,-11.818076133728027,12.179339408874512,0.007499577943235636,0.04101045802235603,2.124128818511963,0.4999735951423645,-0.008958470285084839,4.4180639190509385,3.718604803085327,5.243915557861328,-6.679374694824219,0.004356125369668007,-0.4786228835582733,0.005848797038197517,0.07013384252786636,7.2216057777404785,36.610992431640625,767.2064819335938,1327.5438232421875,4.202905654907227,0.011552534997463226,0.11210359632968903,0.045362140983343124,0.07817713916301727,0.08350832015275955,0.0878688395023346,0.07433489710092545,0.04740121588110924,0.0291705671697855,0.015378568321466446,0.003406503703445196
80,Manny Marroquin,Bite Me,-18.05605,-14.329983,-11.339388847351074,7.6635284423828125,0.009047412313520908,0.11035013943910599,2.750786781311035,0.500005304813385,-0.009042125235144385,10.807291235120402,4.404651165008545,8.257417678833008,-7.856378555297852,0.05295884236693382,-0.6152511835098267,0.0023401558864861727,0.11673526465892792,8.084830284118652,21.246381759643555,1669.813720703125,2791.894775390625,2.8597562313079834,0.02002464234828949,0.11421123892068863,0.04523581266403198,0.08412130177021027,0.0806727334856987,0.07870986312627792,0.06512963026762009,0.05198940634727478,0.036263126879930496,0.02229420281946659,0.007028268650174141
81,Manny Marroquin,Life Is Yours - Dan Carey Dub,-9.771103,-9.157004,-8.394953727722168,3.444643497467041,0.023945214226841927,-0.021482093259692192,0.6381163597106934,0.5000123977661133,0.024064544035010512,54.08062369541616,4.3147430419921875,4.918438911437988,-7.016453266143799,-0.18706932663917542,-0.6866931319236755,-0.03441648930311203,0.11659654229879379,8.291358947753906,5.26266622543335,1392.4818115234375,2704.75439453125,1.8771151304244995,0.018405258655548096,0.2718586325645447,0.12236401438713074,0.1826878935098648,0.13783420622348785,0.10150444507598877,0.081255704164505,0.06650648266077042,0.0577702634036541,0.039873506873846054,0.014515397138893604
82,Manny Marroquin,Everything Ends (feat. Lizzy McAlpine and Tiny Habits),-15.155449,-14.113291,-11.937882423400879,9.236897468566895,0.00788386631757021,-0.05683694779872894,1.1416192054748535,0.500061571598053,-0.006382090265461693,5.094873206284943,3.588458776473999,4.9019389152526855,-8.114855766296387,0.02866716869175434,-0.7875534296035767,0.014082073234021664,0.1002148985862732,7.594829082489014,8.704068183898926,817.30419921875,1393.5164794921875,2.3561105728149414,0.019185980781912804,0.08754142373800278,0.024406712502241135,0.10386423021554947,0.10618308931589127,0.09037064760923386,0.0596473328769207,0.032912082970142365,0.021724168211221695,0.014461703598499298,0.004821529146283865
83,Manny Marroquin,JOY (Unspeakable) (feat. Pharrell Williams),-8.863691,-8.180177,-7.804246425628662,3.783082962036133,0.023372730240225792,0.008800587616860867,0.6166713237762451,0.49986517429351807,0.022713016591755893,11.8551001450856,3.9420716762542725,4.6458892822265625,-6.950803756713867,-0.06078406795859337,-0.5517114996910095,0.005352401174604893,0.11948538571596146,8.392345428466797,4.513092041015625,1745.8466796875,3056.456298828125,1.8821033239364624,0.016839027404785156,0.21044079959392548,0.06743063032627106,0.13085834681987762,0.10868553817272186,0.11339684575796127,0.1202733963727951,0.10876046866178513,0.07983797788619995,0.04863046854734421,0.012461314909160137
84,Manny Marroquin,Speed Drive (From Barbie The Album),-9.532409,-8.194866,-6.5876007080078125,9.175207138061523,0.03112206421792507,0.009246528148651123,0.08900952339172363,0.49966785311698914,0.0011920619539844911,7.095093888765482,3.4491982460021973,4.315324306488037,-6.730367183685303,-0.017595993354916573,-0.4853847622871399,0.002935840282589197,0.1154739111661911,7.996250152587891,7.26052188873291,1021.8492431640625,1947.804443359375,2.138988494873047,0.022650262340903282,0.2961067855358124,0.11563324183225632,0.21797651052474976,0.15543994307518005,0.11302413791418076,0.08906528353691101,0.07209181040525436,0.05125010013580322,0.03372357413172722,0.010281525552272797
85,Manny Marroquin,Esta Vida - Jess Bays Remix,-13.939368,-9.905725,-8.226239204406738,5.010098457336426,0.024996427819132805,0.012820309959352016,0.32916712760925293,0.49999305605888367,0.0024830379086604047,34.08630248334423,3.9251198768615723,5.432651996612549,-7.629225254058838,0.020380480214953423,-0.5626845359802246,0.019595442339777946,0.1419287770986557,8.14676570892334,2.828205108642578,1722.2008056640625,3056.54638671875,1.560389518737793,0.025500109419226646,0.25837400555610657,0.09170576930046082,0.194157674908638,0.13681888580322266,0.08334103971719742,0.0659862831234932,0.04753267392516136,0.04224540293216705,0.03284677118062973,0.013825245201587677
86,Manny Marroquin,Cheerleader,-21.593777,-15.756455,-7.631703853607178,3.349742889404297,0.018179109320044518,-0.002716448623687029,0.3583803176879883,0.4999014437198639,6.650439594057167e-05,2.9931081618890616,3.743851661682129,4.511712074279785,-6.922610759735107,0.005456371232867241,-0.4074755609035492,0.004103821236640215,0.1944744884967804,8.9307861328125,0.8502289056777954,3110.8662109375,5643.095703125,1.047394037246704,0.035881198942661285,0.2302631139755249,0.09812001883983612,0.11511748284101486,0.12344693392515182,0.10676223039627075,0.0989934578537941,0.08367998152971268,0.06602952629327774,0.0562630258500576,0.022241171449422836
87,Manny Marroquin,Como Yo (,-18.505579,-12.485137,-10.205207824707031,8.920721054077148,0.013628160580992699,0.06549748033285141,2.380241870880127,0.4997975528240204,0.014319038723574599,5.529170391756989,4.277367115020752,5.86974573135376,-7.767133712768555,-0.11925764381885529,-0.7228094339370728,0.03684359788894653,0.13473868370056152,8.13601303100586,7.864024639129639,1889.0303955078125,3393.621337890625,1.834951639175415,0.022331928834319115,0.16689042747020721,0.05379459634423256,0.11997824162244797,0.09886484593153,0.07667137682437897,0.07147561013698578,0.048701394349336624,0.037003811448812485,0.02901979349553585,0.009537981823086739
88,Manny Marroquin,Man I Am,-11.307569,-10.08576,-9.147191047668457,3.3408470153808594,0.01751239411532879,0.03531535342335701,1.8801217079162598,0.49960237741470337,0.020729080395060464,10.71329425631685,4.409664154052734,5.579160690307617,-6.809445381164551,-0.01303708367049694,-0.5880946516990662,0.017116960138082504,0.16947969794273376,8.964522361755371,0.7584291100502014,2081.936767578125,4493.2822265625,1.0991334915161133,0.029249366372823715,0.21025028824806213,0.07736063003540039,0.1405637413263321,0.100919708609581,0.09183348715305328,0.07792124152183533,0.0630042552947998,0.05201435834169388,0.041859813034534454,0.016012292355298996
89,Manny Marroquin,Barbie Dreams (feat. Kaliii),-8.530937,-7.206081,-6.675568580627441,2.34567928314209,0.019898485392332077,0.02697756700217724,0.289337158203125,0.49976953864097595,0.034858947753334535,4.877242329705985,4.702481269836426,5.020374774932861,-6.716090679168701,-0.03296729549765587,-0.5504843592643738,0.008798915892839432,0.16437481343746185,8.900391578674316,1.860081434249878,3080.15283203125,5310.1728515625,1.2598340511322021,0.02438475750386715,0.1587931513786316,0.047750622034072876,0.11276587098836899,0.12443214654922485,0.13682600855827332,0.13188397884368896,0.1277087926864624,0.09582187235355377,0.07551389932632446,0.02417600527405739
90,Manny Marroquin,Patty Cake (feat. Takeoff),-10.092135,-9.59356,-9.090507507324219,5.701395034790039,0.025308068841695786,-0.06951659917831421,0.14053821563720703,0.5002955198287964,-0.007324474017874959,18.025299266215377,3.5641491413116455,4.220194339752197,-7.023962497711182,0.15181945264339447,-0.6123854517936707,-0.027233831584453583,0.11307379603385925,7.997811794281006,10.004620552062988,1037.779052734375,2250.304931640625,2.1781558990478516,0.018450943753123283,0.35064229369163513,0.1563519984483719,0.13276280462741852,0.09542620182037354,0.09299082309007645,0.09799406677484512,0.0726911872625351,0.05845343694090843,0.0359688401222229,0.014045738615095615
91,Manny Marroquin,Fueled Up,-12.534956,-11.440969,-9.540388107299805,14.299281120300293,0.017898110672831535,0.042492013424634933,2.004910469055176,0.4994621276855469,0.01840647456861688,15.080101526741178,3.731412172317505,4.412803649902344,-6.9867634773254395,-0.04750750958919525,-0.6404299736022949,0.03340667113661766,0.1178281232714653,8.241866111755371,2.904370069503784,1379.84375,2792.196044921875,1.7294387817382812,0.020207837224006653,0.19320693612098694,0.08822787553071976,0.1110897958278656,0.1022968739271164,0.10925928503274918,0.09623666852712631,0.06447860598564148,0.048622433096170425,0.03683972358703613,0.010991939343512058
92,Manny Marroquin,Turn Yo Clic Up (feat. Future),-11.309083,-10.257835,-8.764423370361328,4.746678352355957,0.027220049872994423,0.04794196039438248,0.9493205547332764,0.49851760268211365,0.010417185947235862,64.27593324563767,3.9923765659332275,4.958106994628906,-7.371908664703369,-0.02919229306280613,-0.7739806771278381,0.0487300306558609,0.0983644425868988,7.588805198669434,18.245708465576172,1346.673828125,2269.908203125,2.868027687072754,0.014515936374664307,0.27465108036994934,0.08762603253126144,0.1425303965806961,0.10787256807088852,0.10435784608125687,0.09152038395404816,0.06451176851987839,0.048067640513181686,0.032800689339637756,0.009948128834366798
93,Bob Clearmountain,Devil Inside,-10.741535,-9.8033695,-9.244132041931152,2.790437698364258,0.014783262275159359,0.02543584071099758,0.568516731262207,0.5000247359275818,0.042087171446467925,7.420873269538747,4.0515007972717285,5.149041652679443,-7.165623664855957,0.01189409103244543,-0.47335001826286316,-0.012465627864003181,0.1560412347316742,8.756460189819336,0.9838687181472778,1809.9578857421875,3938.7373046875,1.1472049951553345,0.0248529314994812,0.19864748418331146,0.07665544748306274,0.16242538392543793,0.12339943647384644,0.0770278126001358,0.05771755799651146,0.06129373982548714,0.05974859371781349,0.0522364042699337,0.017689786851406097
94,Bob Clearmountain,"Hey, Little Girl",-32.11379,-28.679026,-15.804848670959473,4.534056663513184,0.0017674501286819577,0.00033498721313662827,2.6090240478515625,0.4999937415122986,0.10750899055919859,2.069227802478182,4.722318172454834,8.726391792297363,-6.361345291137695,-0.0625380203127861,-0.30095937848091125,0.022406496107578278,0.15575151145458221,8.883917808532715,1.8438345193862915,3027.232666015625,4908.0966796875,1.4181464910507202,0.024843638762831688,0.032351054251194,0.008829496800899506,0.03671931102871895,0.04307367652654648,0.04598495364189148,0.038107361644506454,0.034299109131097794,0.02850700542330742,0.018732991069555283,0.0056543550454080105
95,Bob Clearmountain,New Sensation,-18.717337,-12.396731,-9.116507530212402,3.432154655456543,0.010338135063648224,-0.009391073137521744,1.1577329635620117,0.5000134706497192,0.030713539955694112,5.990304116783681,4.609116554260254,6.925668239593506,-8.286041259765625,0.012478199787437916,-0.6099158525466919,0.013160322792828083,0.1785053014755249,9.109148979187012,1.23118257522583,4078.405517578125,6318.927734375,1.0838440656661987,0.024300726130604744,0.12699466943740845,0.04763983190059662,0.08984198421239853,0.09730615466833115,0.07812216877937317,0.07391548901796341,0.08933450281620026,0.08361190557479858,0.07000363618135452,0.02160855196416378
96,Bob Clearmountain,Street Cafe,-29.95952,-24.361948,-12.995657920837402,4.323993682861328,0.0033896679524332285,-0.009346576407551765,0.5414478778839111,0.5000033974647522,-0.009883776151150186,1.8918043103500695,3.962315320968628,5.232724666595459,-8.767334938049316,0.011359584517776966,-0.25493988394737244,-0.018173394724726677,0.15087006986141205,8.768872261047363,2.827288866043091,2952.8759765625,4460.0927734375,1.6515443325042725,0.025676989927887917,0.04416593164205551,0.014920832589268684,0.047576893121004105,0.06545989960432053,0.06828957051038742,0.06233084946870804,0.05507628247141838,0.04428105428814888,0.02471250668168068,0.006386694964021444
97,Bob Clearmountain,Great Southern Land,-19.868134,-19.548159,-18.64183235168457,2.755006790161133,0.0019681898411363363,-0.0230356864631176,1.0133981704711914,0.5000043511390686,2.221236290826285e-06,291.2951206034875,4.112996578216553,6.862620830535889,-9.060759544372559,-0.00302593014203012,-0.6606568098068237,-0.0018011819338425994,0.08597243577241898,7.814667224884033,6.746988773345947,1022.8831176757812,2307.2978515625,1.9002596139907837,0.009459390304982662,0.06902864575386047,0.02566034160554409,0.056180402636528015,0.05070555582642555,0.03706364333629608,0.030328521504998207,0.026369266211986542,0.020609311759471893,0.013592376373708248,0.003052683547139168
98,Bob Clearmountain,Tiny Daggers,-9.671394,-8.798606,-6.537591934204102,2.280651569366455,0.0224884245544672,0.06844007968902588,0.1379251480102539,0.49992281198501587,0.02339281208176477,11.534489163640036,3.7844250202178955,4.2110185623168945,-7.169399738311768,-0.015180866234004498,-0.6712486147880554,0.015748368576169014,0.12342173606157303,8.76897144317627,2.5480005741119385,1935.2366943359375,3491.30224609375,1.5931355953216553,0.017593316733837128,0.17998109757900238,0.07982122153043747,0.1646605134010315,0.15279360115528107,0.15096762776374817,0.13771839439868927,0.13597941398620605,0.11314807087182999,0.06970543414354324,0.01590704917907715
99,Bob Clearmountain,Mediate,-23.195532,-18.71826,-15.900951385498047,4.328225135803223,0.004215840715914965,0.02059796079993248,0.1579437255859375,0.499977171421051,0.0541256451449654,6.555775419520274,3.537252187728882,5.153992652893066,-6.896998405456543,-0.024111619219183922,-0.5032265782356262,0.02556391805410385,0.11893700063228607,8.151222229003906,5.848329067230225,1158.6949462890625,2379.85400390625,1.8994160890579224,0.021254519000649452,0.14851173758506775,0.07223977893590927,0.07401349395513535,0.051653288304805756,0.037887249141931534,0.03124510683119297,0.024725522845983505,0.02105218544602394,0.015170392580330372,0.004740073345601559
100,Bob Clearmountain,Never Tear Us Apart,-18.642351,-14.674709,-10.99929428100586,6.210508346557617,0.008640621788799763,-0.004635710269212723,1.2877140045166016,0.4990708529949188,0.04477918999516945,6.4376188510727435,3.925387144088745,5.58051061630249,-6.682621955871582,0.0034420217853039503,-0.5811578631401062,0.05777422711253166,0.12276701629161835,8.407605171203613,5.039889812469482,1803.8626708984375,3355.102783203125,1.7581390142440796,0.017745787277817726,0.12530240416526794,0.05872884392738342,0.10385357588529587,0.09291266649961472,0.07265181839466095,0.059714775532484055,0.05798066779971123,0.04873095452785492,0.03263116255402565,0.008410290814936161
101,Bob Clearmountain,The Loved One,-17.961475,-16.805355,-15.66795825958252,7.613192558288574,0.0047695026732981205,0.033369313925504684,1.0211138725280762,0.4999188184738159,-0.026331926163656223,219.62893339537018,3.609274387359619,5.734127998352051,-7.980508327484131,-0.06339483708143234,-0.9715414643287659,-0.007526802830398083,0.06277256458997726,7.2278313636779785,16.902006149291992,555.5858154296875,1055.4456787109375,3.123380184173584,0.008309908211231232,0.11534994095563889,0.04032431170344353,0.08125146478414536,0.05926788970828056,0.04761180654168129,0.03989517688751221,0.03104441612958908,0.018397364765405655,0.010329235345125198,0.0017553545767441392
102,Bob Clearmountain,Calling All Nations,-9.370121,-8.547018,-7.21034574508667,2.449554443359375,0.016102461144328117,0.02181248366832733,0.7265281677246094,0.5000068545341492,-0.0038951195783251203,5.235701663455776,4.592625141143799,5.156954288482666,-7.19964599609375,0.012309913523495197,-0.5619028210639954,-0.004012675955891609,0.13168008625507355,8.942726135253906,2.0715911388397217,2740.583740234375,4466.146484375,1.383641004562378,0.015751123428344727,0.14440611004829407,0.05694219097495079,0.10267921537160873,0.116358183324337,0.10962262004613876,0.11585517227649689,0.12294138967990875,0.10728016495704651,0.07675109803676605,0.01783839985728264
103,Bob Clearmountain,Too Hot To Handle,-12.975599,-12.316979,-9.472023963928223,3.5439939498901367,0.010724497027695179,-0.028938040137290955,1.7360496520996094,0.5000452995300293,-0.1108556985842331,6.810386727447183,4.301310062408447,6.143052577972412,-6.649489402770996,0.1570478230714798,-0.5600295662879944,-0.030133772641420364,0.12969514727592468,8.827045440673828,2.286008596420288,2280.1796875,4069.1318359375,1.3976296186447144,0.01604137383401394,0.1257115751504898,0.05509133264422417,0.10696583241224289,0.10513289272785187,0.08198947459459305,0.07881930470466614,0.07925751060247421,0.06557819247245789,0.04931417480111122,0.012142381630837917
104,Bob Clearmountain,Run To You,-9.812092,-9.352269,-8.227463722229004,4.846202850341797,0.015398588962852955,-0.001309392973780632,0.5978496074676514,0.5000137090682983,-0.03996855418329294,5.755124195886078,4.046436786651611,5.180157661437988,-6.861735820770264,0.02237134985625744,-0.4418037235736847,-0.01148038636893034,0.11020050942897797,8.486920356750488,5.473930358886719,1464.613525390625,2969.86474609375,1.9236268997192383,0.015731947496533394,0.14434528350830078,0.06974870711565018,0.12389720976352692,0.1256675273180008,0.12196776270866394,0.1161472424864769,0.10846826434135437,0.07657516747713089,0.04599162936210632,0.011848673224449158
105,Bob Clearmountain,Kick,-12.129397,-9.227455,-7.60881233215332,3.3444552421569824,0.01595553569495678,-0.14808815717697144,0.76155686378479,0.5001096725463867,-0.007165872685506375,5.0103657946776865,4.473696231842041,5.042792320251465,-7.20775842666626,0.0036588360089808702,-0.5425484776496887,-0.0155126778408885,0.1369362771511078,8.750689506530762,3.7666070461273193,2146.8544921875,3917.5498046875,1.6808661222457886,0.022048432379961014,0.1570221334695816,0.06355562061071396,0.13276289403438568,0.13846272230148315,0.10900010913610458,0.0979561060667038,0.0981542319059372,0.08712666481733322,0.06000390648841858,0.016192836686968803
106,Bob Clearmountain,Wildlife,-9.664787,-8.790455,-8.441097259521484,2.4405927658081055,0.01663294807076454,0.06615500897169113,0.43807339668273926,0.4999225437641144,0.021012156894448155,7.901257780896954,3.9911839962005615,4.985864639282227,-7.095698356628418,-0.029501261189579964,-0.5276737809181213,0.002526539145037532,0.12324337661266327,8.606035232543945,3.4440245628356934,1672.947998046875,3483.357177734375,1.567452073097229,0.017733363434672356,0.19927383959293365,0.07299782335758209,0.1421279013156891,0.1351863592863083,0.11274643987417221,0.0964643806219101,0.0894942581653595,0.07447546720504761,0.0554853156208992,0.014512674883008003
107,Bob Clearmountain,Need You Tonight,-11.991482,-11.304806,-11.060147285461426,3.6759729385375977,0.009610055014491081,0.029344825074076653,2.4045205116271973,0.49854594469070435,0.016318540058738416,13.389324987084228,5.676056861877441,7.907046794891357,-7.040081024169922,0.019385673105716705,-0.6414591073989868,0.00708190631121397,0.16072963178157806,8.854297637939453,1.6581507921218872,2749.985107421875,4634.736328125,1.2608580589294434,0.022807838395237923,0.13202187418937683,0.051624104380607605,0.10490752011537552,0.09036591649055481,0.059305477887392044,0.048003941774368286,0.054219771176576614,0.052327223122119904,0.04316072538495064,0.012866384349763393
108,Bob Clearmountain,Guns In The Sky,-20.083773,-19.30282,-19.17472267150879,3.1190414428710938,0.0009928534273058176,0.1048399955034256,0.9011945724487305,0.4999757409095764,-0.10073910446116939,7.283788993499323,5.25939416885376,7.578730583190918,-7.01633882522583,0.1697235405445099,-0.6860156059265137,-0.044580671936273575,0.15911875665187836,9.213438034057617,1.2253003120422363,3687.2255859375,5557.14404296875,1.1679409742355347,0.01901226118206978,0.03656112402677536,0.009392411448061466,0.0235030148178339,0.0251629576086998,0.0253587793558836,0.028713200241327286,0.03344279155135155,0.029615061357617378,0.022760622203350067,0.0059313224628567696
109,Bob Clearmountain,Summer Of '69,-9.269991,-9.095473,-8.717819213867188,5.728610992431641,0.013318676501512527,0.05002131313085556,0.4275827407836914,0.49999386072158813,0.007744467044066675,5.534339774875612,4.079707145690918,5.057791233062744,-6.683865070343018,-0.039273254573345184,-0.46628686785697937,-0.006732323672622442,0.1228560209274292,8.681537628173828,3.8673484325408936,1845.19921875,3444.32470703125,1.78460693359375,0.018566375598311424,0.12384524196386337,0.04839793220162392,0.11007444560527802,0.11742765456438065,0.13065612316131592,0.11654148995876312,0.1060231477022171,0.08090297132730484,0.05013148486614227,0.012660047970712185
110,Bob Clearmountain,Mystify,-12.743853,-11.683652,-10.062024116516113,8.63599681854248,0.008935426361858845,-0.009498469531536102,1.3344612121582031,0.49887800216674805,0.018151182343958596,5.183190168698523,4.3145928382873535,6.54349946975708,-6.495214462280273,-0.007163860835134983,-0.4665888249874115,0.010469234548509121,0.11978702992200851,8.427031517028809,5.56887674331665,1930.5914306640625,3440.28173828125,1.8976011276245117,0.016821840777993202,0.11063578724861145,0.04071471095085144,0.08512286096811295,0.0922120064496994,0.08076675236225128,0.07790405303239822,0.07221459597349167,0.05865499749779701,0.04204094782471657,0.011295348405838013
111,Bob Clearmountain,It's Only Love,-19.218456,-18.562572,-16.604507446289062,13.145328521728516,0.00177480757702142,-0.0252908356487751,1.4249906539916992,0.49999430775642395,-0.19815510523816351,5.13473824353647,4.660464763641357,6.67630672454834,-6.464486598968506,0.27332603931427,-0.40227818489074707,-0.022059109061956406,0.17087776958942413,9.264662742614746,0.007535403594374657,3172.23193359375,6393.27783203125,0.9274125099182129,0.02412211149930954,0.03991345316171646,0.013647464103996754,0.0383329764008522,0.04218082129955292,0.04242219030857086,0.03661543130874634,0.0360492579638958,0.02853395603597164,0.023369571194052696,0.0076230186969041824
112,Bob Clearmountain,Heaven,-13.126521,-11.019757,-10.073351860046387,8.004128456115723,0.01014378760010004,-0.025012655183672905,0.6545917987823486,0.5000070929527283,0.0354478187352046,4.537620910761271,3.8309664726257324,5.167434215545654,-6.7098894119262695,-0.006139993667602539,-0.523158848285675,-0.016096794977784157,0.10852010548114777,8.298578262329102,6.875304222106934,1416.099609375,2717.197265625,2.1525917053222656,0.017630571499466896,0.11223901808261871,0.045314423739910126,0.09960644692182541,0.11134760081768036,0.11196520924568176,0.0934864804148674,0.08159713447093964,0.055737998336553574,0.03282980993390083,0.008556484244763851
113,Bob Clearmountain,Reckless,-10.313202,-9.753811,-9.62331485748291,1.9193964004516602,0.011387394741177559,-0.1336435228586197,0.7530536651611328,0.5000612139701843,-0.0015429896830563832,6.4217845646876235,4.449001312255859,5.65138053894043,-6.65158748626709,0.0629371628165245,-0.47887247800827026,0.05998319387435913,0.11915268003940582,8.680719375610352,3.7174365520477295,1968.983154296875,3815.6435546875,1.6117725372314453,0.01526645664125681,0.12410362809896469,0.05247299745678902,0.10952803492546082,0.11381158977746964,0.10718769580125809,0.1051044762134552,0.09339343011379242,0.07287918776273727,0.05021705478429794,0.012170122005045414
114,Tom Elmhirst,Right on Time,-24.209927,-19.9257,-10.932588577270508,16.111661911010742,0.00847519002854824,-0.04165734723210335,2.548414707183838,0.5007810592651367,-0.02543337162470653,7.390940762062591,3.5656776428222656,5.215237617492676,-7.403697490692139,0.016902709379792213,-0.6369110345840454,0.009570319205522537,0.08973514288663864,7.601311683654785,19.448152542114258,1511.8046875,2246.89501953125,3.180089235305786,0.013738960027694702,0.0951894149184227,0.04214874282479286,0.0924878716468811,0.09425316751003265,0.08763747662305832,0.06588651239871979,0.05096696317195892,0.031042970716953278,0.016783567145466805,0.003974905237555504
115,Tom Elmhirst,IVE OFFICIALLY LOST ViSiON!!!!,-12.169659,-11.7601,-9.093989372253418,13.91571044921875,0.015160615555942059,-0.020414123311638832,1.4057645797729492,0.5000148415565491,0.015956724678407908,7.485529152369691,3.764986276626587,4.834075927734375,-6.9116034507751465,-0.066978320479393,-0.6207820773124695,-0.007139971945434809,0.09268064051866531,8.130212783813477,9.184252738952637,1118.0885009765625,2079.34619140625,2.381826162338257,0.012991869822144508,0.18771496415138245,0.09076225012540817,0.10446862876415253,0.10189376771450043,0.10336872935295105,0.09732949733734131,0.08271066099405289,0.05943954735994339,0.032253164798021317,0.008675502613186836
116,Tom Elmhirst,Never Let Me Go,-17.41837,-14.257231,-6.9580078125,6.238646030426025,0.019464831799268723,0.009823979809880257,0.6045241355895996,0.4999443590641022,-0.04199192305259876,4.532036903200479,3.574645757675171,4.254879474639893,-6.801268577575684,0.032192520797252655,-0.47267138957977295,0.0019051593262702227,0.11618702858686447,8.400120735168457,6.908917427062988,2124.700439453125,3392.082275390625,2.1163079738616943,0.01732095517218113,0.13330405950546265,0.057896774262189865,0.12286797165870667,0.14470887184143066,0.15615762770175934,0.1497652530670166,0.12294525653123856,0.08269459754228592,0.051109135150909424,0.01155065093189478
117,Tom Elmhirst,Who We Are,-15.53715,-12.599349,-9.224720001220703,12.270148277282715,0.014336797408759594,-0.015815624967217445,1.3413877487182617,0.5000527501106262,-0.00679228262600389,7.429012533496019,3.64788818359375,4.856812953948975,-7.253210067749023,0.029039541259407997,-0.6794852018356323,0.04716533049941063,0.08542711287736893,7.768332481384277,11.884859085083008,1083.553955078125,2024.9119873046875,2.716590404510498,0.012756330892443657,0.1741258054971695,0.0765882134437561,0.11942104250192642,0.10587381571531296,0.10577123612165451,0.09213049709796906,0.08144693076610565,0.053596679121255875,0.028460610657930374,0.006587235257029533
118,Tom Elmhirst,You and Me On The Rock (feat. Lucius),-19.979788,-19.50011,-18.956586837768555,5.600954055786133,0.0018517322605475783,0.009420440532267094,1.3650531768798828,0.4999362528324127,0.04239566704921985,28.468051502987635,4.151216983795166,5.412807941436768,-7.338247299194336,-0.15735460817813873,-0.8420985341072083,0.059078000485897064,0.12372387945652008,8.396952629089355,3.349961757659912,1072.6842041015625,2353.9560546875,1.7908824682235718,0.022808056324720383,0.05436199903488159,0.021123869344592094,0.04674972593784332,0.04303162544965744,0.03897008299827576,0.03304478898644447,0.027191758155822754,0.019102446734905243,0.011998290196061134,0.003515318501740694
119,Tom Elmhirst,Toronto 2014 (with Mustafa),-14.973001,-13.745344,-9.757680892944336,13.733175277709961,0.01324498187750578,-0.07959809899330139,1.6664648056030273,0.5001716017723083,0.04605090280951334,10.09095440709134,3.5844218730926514,6.517868518829346,-7.124371528625488,-0.03896278142929077,-0.6377133727073669,0.014434069395065308,0.06283509731292725,7.008741855621338,36.83475875854492,556.4891967773438,999.9928588867188,4.313930034637451,0.009788013994693756,0.1324215680360794,0.04913020879030228,0.11921951174736023,0.12169553339481354,0.10893929749727249,0.0693414956331253,0.03921069577336311,0.022355221211910248,0.011679496616125107,0.003034330205991864
120,Tom Elmhirst,sHouLd i B,-7.0909195,-7.054272,-7.046559810638428,0.7907843589782715,0.02389177493751049,-0.0347415953874588,-0.1107320785522461,0.5000731348991394,0.06481499926134734,5.2631891293725,3.9455909729003906,4.022786617279053,-6.666449546813965,-0.058909934014081955,-0.5665683150291443,0.004345488268882036,0.11505287140607834,8.542339324951172,3.209141492843628,1157.037841796875,2755.9404296875,1.6512826681137085,0.017665255814790726,0.2234431952238083,0.09800465404987335,0.1861453652381897,0.18230094015598297,0.16370055079460144,0.13438498973846436,0.11027698218822479,0.07973991334438324,0.052400484681129456,0.016728442162275314
121,Tom Elmhirst,the BLACK seminole,-8.023754,-7.6557164,-7.105634689331055,5.64315938949585,0.02572658844292164,0.010783707723021507,0.04253959655761719,0.49988120794296265,0.08377485574001342,5.482761108567148,3.138597249984741,3.6273088455200195,-6.831088066101074,-0.2133716493844986,-0.4735419452190399,0.014693527482450008,0.06793523579835892,7.239717483520508,41.02933883666992,712.4153442382812,1436.44677734375,4.133895397186279,0.009062454104423523,0.25395429134368896,0.1112508550286293,0.18588829040527344,0.16254378855228424,0.1360011249780655,0.11954858899116516,0.08912524580955505,0.062425266951322556,0.03379986435174942,0.0074549526907503605
122,Tom Elmhirst,PARASAIL (feat. Yung Lean & Dave Chappelle),-11.782504,-9.368908,-8.702972412109375,5.159101963043213,0.01353477779775858,0.031601231545209885,0.4928147792816162,0.49984973669052124,-0.1917433090530646,2.3510829347368407,3.6321282386779785,4.889370441436768,-7.624773979187012,0.09383820742368698,-0.3906577229499817,0.09478060156106949,0.060444846749305725,7.187203884124756,26.866838455200195,880.1801147460938,1334.3720703125,3.8215203285217285,0.008331012912094593,0.10165589302778244,0.034342482686042786,0.12986265122890472,0.1495133489370346,0.14547351002693176,0.11194545030593872,0.0673941895365715,0.039536744356155396,0.019454805180430412,0.004089199937880039
123,Tom Elmhirst,drive ME crazy!,-9.102822,-8.675594,-7.959190368652344,6.96524715423584,0.021001428365707397,0.016045574098825455,1.2593951225280762,0.5002701282501221,0.03498767372269691,10.866781934381258,3.770613193511963,4.624996662139893,-6.906330585479736,-0.1353173851966858,-0.614296019077301,0.06580941379070282,0.07780671864748001,7.749536037445068,17.22045135498047,1149.298828125,2071.289306640625,2.9835190773010254,0.009270090609788895,0.1567240208387375,0.056657105684280396,0.1520915925502777,0.15377599000930786,0.1454283595085144,0.11885406076908112,0.09148713201284409,0.06276621669530869,0.03410525992512703,0.008230630308389664
124,Tom Elmhirst,the ride-,-7.8991585,-7.531367,-7.34588623046875,2.6855907440185547,0.01995890401303768,-0.0042561558075249195,0.5149023532867432,0.49996793270111084,0.03987252996343653,4.3419732337379395,3.7501795291900635,4.662210941314697,-6.58441162109375,-0.041580501943826675,-0.4273160696029663,-0.001863356796093285,0.09475941210985184,7.947422504425049,14.080824851989746,1402.4036865234375,2352.469482421875,2.620844602584839,0.012060794048011303,0.14693643152713776,0.05816105380654335,0.12266184389591217,0.1485188901424408,0.12783397734165192,0.1340976059436798,0.11761817336082458,0.07712417095899582,0.04134828597307205,0.009216036647558212
125,Tom Elmhirst,MY EYES,-9.82114,-8.757278,-8.034640312194824,7.055312156677246,0.021917711943387985,0.016708310693502426,0.223097562789917,0.49986281991004944,-0.02214356623873168,9.136943206296445,3.331801414489746,4.21008825302124,-7.623232841491699,-0.041684623807668686,-0.6559605598449707,-0.07624088227748871,0.09235989302396774,7.453296184539795,19.82550048828125,928.4085083007812,1757.130615234375,3.275935411453247,0.01692279614508152,0.16895999014377594,0.05386437848210335,0.14942894876003265,0.17026738822460175,0.16536617279052734,0.1314246952533722,0.06862711906433105,0.045399561524391174,0.0263851135969162,0.009287775494158268
126,Tom Elmhirst,Don't Cry For Me - Darkchild Film Version,-16.446165,-14.215403,-11.6732177734375,12.729843139648438,0.008538990281522274,-0.06493128836154938,1.7281794548034668,0.5000395178794861,0.0021495488187396722,11.352469275333366,3.616056203842163,35.367855072021484,-7.425486087799072,0.04593944177031517,-0.5955313444137573,-0.005493582226336002,0.08139551430940628,7.414952754974365,19.31659698486328,946.90380859375,1657.1502685546875,3.062526226043701,0.012670671567320824,0.13570813834667206,0.057015858590602875,0.10772783309221268,0.08659514784812927,0.07221131026744843,0.0635521188378334,0.051327429711818695,0.03548675402998924,0.01962227374315262,0.004983780439943075
127,Tom Elmhirst,THE zone~,-8.067737,-7.901234,-7.728787899017334,2.9882254600524902,0.023018674924969673,0.00010617385851219296,0.336977481842041,0.4999634027481079,0.02712641732266683,9.845616448473315,3.5090813636779785,4.246306896209717,-6.8893866539001465,-0.07533269375562668,-0.6822741031646729,-0.004781986586749554,0.07523071765899658,7.716042995452881,13.274178504943848,827.5728759765625,1539.8580322265625,2.873654365539551,0.010590934194624424,0.1937333047389984,0.0839451476931572,0.1820632368326187,0.18143674731254578,0.1456301510334015,0.11375869810581207,0.10219678282737732,0.062475837767124176,0.03219573199748993,0.0069555118680000305
128,Tom Elmhirst,Only If For A Night,-11.68109,-10.723843,-8.144003868103027,10.085400581359863,0.014103018678724766,-0.010728700086474419,1.0328168869018555,0.49997276067733765,-0.04052850756918792,2.7710395235914502,3.852635622024536,4.91759729385376,-6.476064682006836,0.007143430877476931,-0.42509081959724426,-0.016914457082748413,0.09969963133335114,8.295072555541992,6.237016677856445,1358.7447509765625,2537.580322265625,2.1879944801330566,0.014727765694260597,0.16196174919605255,0.06463189423084259,0.11140647530555725,0.10774802416563034,0.11101853102445602,0.10111847519874573,0.08947299420833588,0.06471729278564453,0.03848286345601082,0.008547164499759674
129,Tom Elmhirst,Heartlines,-11.14919,-10.050545,-8.125191688537598,8.778024673461914,0.01620534248650074,0.03956159949302673,0.7114920616149902,0.49998554587364197,-0.02367545215084139,5.144796835517429,3.839353322982788,4.836062908172607,-6.644920825958252,0.0016187658766284585,-0.45665043592453003,-0.00571924913674593,0.10961286723613739,8.387771606445312,4.954441070556641,1559.72119140625,2757.29443359375,2.0566461086273193,0.017342813313007355,0.14594118297100067,0.06278374046087265,0.12349769473075867,0.11927960813045502,0.13174395263195038,0.11937869340181351,0.10751014947891235,0.07117433845996857,0.04342414066195488,0.009267497807741165
130,Tom Elmhirst,Just to Be Kind,-10.936528,-9.825443,-8.961551666259766,3.9651713371276855,0.021503042429685593,-0.00473774503916502,0.18668150901794434,0.5002337694168091,0.07237426912802154,19.64405031436146,3.7073612213134766,4.301661968231201,-7.223272800445557,-0.27193981409072876,-0.6942114233970642,0.024608375504612923,0.07074838876724243,7.3187360763549805,23.87767219543457,614.4430541992188,1217.84423828125,3.5988261699676514,0.011879390105605125,0.25069746375083923,0.08428066223859787,0.18435631692409515,0.14306457340717316,0.12561678886413574,0.09259559214115143,0.06174561753869057,0.03924264386296272,0.021209081634879112,0.005416218191385269
131,Tom Elmhirst,REACH THE SUNSHINE,-11.844002,-11.086459,-8.881049156188965,9.3761625289917,0.015598462894558907,0.056185588240623474,1.2271051406860352,0.4999600052833557,0.06681723001942577,4.464516794075175,3.5298054218292236,5.355291366577148,-6.621932506561279,-0.07300631701946259,-0.38351204991340637,0.055682264268398285,0.05682260915637016,7.156570911407471,34.2840690612793,679.6448974609375,1274.8013916015625,4.19338321685791,0.007071386091411114,0.17341738939285278,0.0796937569975853,0.1376895010471344,0.12559036910533905,0.1029338389635086,0.08575062453746796,0.060845546424388885,0.04065725579857826,0.02058309316635132,0.0034406210761517286
132,Tom Elmhirst,Superpowers,-14.434208,-10.8508415,-9.766958236694336,4.797731876373291,0.017047151923179626,-0.07275278121232986,0.47649216651916504,0.5000737905502319,0.037513494135989894,11.240870279046256,3.6170337200164795,5.8546247482299805,-6.9790568351745605,-0.11017254739999771,-0.6857322454452515,0.057089757174253464,0.06336957961320877,7.080071449279785,26.351604461669922,842.3414916992188,1326.251708984375,3.8903043270111084,0.009344426915049553,0.21216657757759094,0.085587278008461,0.16176089644432068,0.12883080542087555,0.12016164511442184,0.0872761607170105,0.05790155753493309,0.03216364234685898,0.017444249242544174,0.0035014853347092867
133,Tom Elmhirst,pRETTy,-9.174426,-8.573006,-8.274627685546875,3.220468521118164,0.016606250777840614,0.0566604807972908,0.5000402927398682,0.4999334216117859,0.014135562395691402,3.1848491950991313,3.8207290172576904,5.029202461242676,-6.603777885437012,0.004979804158210754,-0.45918363332748413,-0.00895516388118267,0.0861111432313919,7.752018451690674,14.892884254455566,1079.8209228515625,1829.42578125,2.88606858253479,0.013247614726424217,0.1463932991027832,0.0699923112988472,0.11936323344707489,0.1330280303955078,0.1306295394897461,0.11514761298894882,0.0937575101852417,0.055576689541339874,0.028791315853595734,0.006806257180869579
134,Tom Elmhirst,Don't Cry For Me - A Cappell,-25.961481,-17.277838,-12.69184684753418,13.00117015838623,0.0037867494393140078,-0.15916243195533752,3.857569694519043,0.5000115633010864,-0.015047504533231663,16.49772931349018,4.099331378936768,9.455698013305664,-7.818310737609863,0.08261815458536148,-0.8495293855667114,-0.003548125270754099,0.1369674652814865,7.941074371337891,5.219915866851807,2429.02001953125,3336.343505859375,1.8739122152328491,0.019021039828658104,0.022972242906689644,0.0009048398933373392,0.0171519722789526,0.039119042456150055,0.05441851168870926,0.06333311647176743,0.055817462503910065,0.03871624916791916,0.019678791984915733,0.0053871008567512035
135,Tom Elmhirst,Disillusioned (with serpentwithfeet),-9.299375,-8.503658,-8.275304794311523,3.0618538856506348,0.01931091398000717,0.04501235857605934,1.7461557388305664,0.5002363324165344,0.04546685318810332,11.08563030110201,4.111539363861084,5.675612449645996,-6.948186874389648,-0.16359354555606842,-0.6563002467155457,0.021568546071648598,0.11922323703765869,8.119791030883789,9.68203067779541,1879.2811279296875,3113.658935546875,1.9756965637207031,0.016595400869846344,0.1611228883266449,0.0624631866812706,0.1322726309299469,0.14087137579917908,0.12287001311779022,0.0986698567867279,0.0770169049501419,0.06049468740820885,0.04374856874346733,0.015026724897325039
136,Tom Elmhirst,Strike (Holster),-12.040485,-11.2491045,-9.963898658752441,5.280426979064941,0.015611222945153713,-0.03570609167218208,2.0029773712158203,0.4999904930591583,0.03725132028785929,32.40025412459208,4.233833312988281,7.55104398727417,-7.166204929351807,-0.09753382205963135,-0.6631703972816467,0.031832505017519,0.12676656246185303,8.405374526977539,3.6090290546417236,1556.3353271484375,2888.755859375,1.733270525932312,0.020849935710430145,0.1822073757648468,0.05768219754099846,0.1440615952014923,0.08374398201704025,0.08527790009975433,0.07857133448123932,0.06526650488376617,0.05117778480052948,0.03283819928765297,0.010312451049685478
137,Tom Elmhirst,Abstract (Psychopomp),-15.010063,-12.276506,-8.411526679992676,11.624874114990234,0.01564781740307808,0.022358616814017296,1.5276145935058594,0.4998190701007843,0.002927813036414751,6.652600750740542,3.817507266998291,5.455319881439209,-7.282639980316162,-0.0031777683179825544,-0.5332138538360596,0.011934330686926842,0.08169814199209213,7.771068096160889,20.078466415405273,1333.1884765625,2184.915283203125,3.0364410877227783,0.01023312658071518,0.14076921343803406,0.05545928701758385,0.10768698155879974,0.10989750921726227,0.12533529102802277,0.11679139733314514,0.08573471009731293,0.05862606689333916,0.029644634574651718,0.006059335079044104
138,Tom Elmhirst,running out of time,-9.525272,-8.803811,-8.538664817810059,3.604757308959961,0.01990487426519394,-0.020924903452396393,0.9528162479400635,0.4999699294567108,0.09800290620736403,11.278607790287914,3.908306360244751,4.880670547485352,-6.913291931152344,-0.16532310843467712,-0.7382646799087524,0.09158957004547119,0.07037321478128433,7.412200450897217,37.81437683105469,680.2289428710938,1319.67724609375,3.8678157329559326,0.011329022236168385,0.1698114424943924,0.07129183411598206,0.1569230854511261,0.1667988896369934,0.13900773227214813,0.1094440296292305,0.08088257908821106,0.04848988726735115,0.024023056030273438,0.005750828422605991
139,Tom Elmhirst,Hell to the Liars - Klsch Remix,-11.445085,-11.251314,-10.608732223510742,5.458584785461426,0.014592776075005531,-0.05350262299180031,1.2386674880981445,0.49989053606987,-0.012477097941181167,7.461028792059709,3.865166664123535,4.846645832061768,-7.1099958419799805,-0.01050944346934557,-0.6323195099830627,0.032063402235507965,0.09018081426620483,7.67804479598999,20.75664710998535,730.6199340820312,1743.6412353515625,2.941586971282959,0.016878150403499603,0.2191806137561798,0.1019713282585144,0.1220090314745903,0.11674041301012039,0.10414569824934006,0.07858135551214218,0.053379885852336884,0.0349666103720665,0.022951137274503708,0.00752547150477767
140,Tom Elmhirst,Howling at the Moon,-10.501101,-9.257823,-8.222073554992676,6.910901069641113,0.02092471718788147,0.006391965318471193,0.7838706970214844,0.5000834465026855,-0.013400818501724756,6.386290917738778,3.4633922576904297,4.244040489196777,-7.429196357727051,-0.08487392216920853,-0.43406057357788086,-0.037689682096242905,0.10486673563718796,7.845693588256836,8.698319435119629,721.558349609375,1606.48193359375,2.302846670150757,0.021574901416897774,0.20812907814979553,0.09223149716854095,0.15005742013454437,0.15467023849487305,0.12757731974124908,0.10613145679235458,0.06836899369955063,0.045064784586429596,0.02979832887649536,0.009197746403515339
141,Tom Elmhirst,Eat Your Young - Bekon's Choral Version,-15.738939,-13.054738,-11.726934432983398,6.743173599243164,0.007618051953613758,-0.008428109809756279,1.1723017692565918,0.5000625252723694,-0.0377598890533542,5.546278094329062,3.652855396270752,5.528692722320557,-7.44135856628418,0.08866915106773376,-0.5930846333503723,0.025136906653642654,0.07562816143035889,7.190500736236572,12.948426246643066,954.1931762695312,1443.748779296875,3.0652945041656494,0.012138495221734047,0.05525174364447594,0.017301173880696297,0.08296386152505875,0.11223705857992172,0.1122596338391304,0.08853081613779068,0.04833559691905975,0.026155652478337288,0.013004954904317856,0.0034447999205440283
142,Tom Elmhirst,MELTDOWN (feat. Drake),-12.119548,-10.478938,-9.020223617553711,9.859248161315918,0.028338521718978882,0.027559610083699226,-0.1698136329650879,0.4999500811100006,0.015365199461026232,31.684394145888213,3.5364110469818115,4.3974714279174805,-7.787945747375488,-0.02282414399087429,-0.6552804112434387,0.013274646364152431,0.14547064900398254,8.371825218200684,5.528831481933594,1724.4117431640625,3569.650146484375,1.5987952947616577,0.02341110073029995,0.3970823585987091,0.25187966227531433,0.1303093433380127,0.10617013275623322,0.08733321726322174,0.07820700854063034,0.061216436326503754,0.06249916926026344,0.04954981058835983,0.022555489093065262
143,Tom Elmhirst,Broken Horses,-11.509765,-10.526546,-8.535910606384277,7.091379642486572,0.017680197954177856,-0.024225881323218346,0.6958622932434082,0.5004050135612488,-0.033286688838061705,16.776066235873508,4.545583724975586,5.211403846740723,-6.951616287231445,0.12194426357746124,-0.6080076098442078,0.030204176902770996,0.11094684898853302,8.181195259094238,5.014092445373535,1279.4935302734375,2370.305419921875,1.9527900218963623,0.017470529302954674,0.17134137451648712,0.07561379671096802,0.1623455137014389,0.13614852726459503,0.11517705023288727,0.09867896139621735,0.0852854773402214,0.06755868345499039,0.037446971982717514,0.010450677946209908
144,Tom Elmhirst,Letter To The Past,-13.662236,-12.152943,-9.562250137329102,9.245244979858398,0.013554839417338371,-0.1259630024433136,1.6538352966308594,0.500373125076294,-0.05668288842727983,16.4239551696788,3.560149908065796,5.10897159576416,-7.205731391906738,0.16034702956676483,-0.8351300954818726,-0.11431436240673065,0.07332497090101242,7.201057434082031,22.802331924438477,857.8779296875,1440.1612548828125,3.6341958045959473,0.012021190486848354,0.11219315975904465,0.04607412591576576,0.10934180021286011,0.13384445011615753,0.13108214735984802,0.09876558929681778,0.06969305872917175,0.0399225652217865,0.020206835120916367,0.004645828157663345
145,Tom Elmhirst,Sorry for Me,-18.27627,-14.236932,-10.810319900512695,10.42686653137207,0.011125107295811176,-0.0017341829370707273,2.0252842903137207,0.5003750324249268,0.040712502787362916,14.25312856534168,3.7984156608581543,5.423339366912842,-8.245567321777344,-0.12210007011890411,-0.7937713265419006,0.07144175469875336,0.10118724405765533,7.837651252746582,7.807828903198242,1331.03857421875,2204.12255859375,2.3363029956817627,0.016627099364995956,0.13607236742973328,0.06103593856096268,0.11124001443386078,0.10488608479499817,0.10086263716220856,0.07620365917682648,0.0573357455432415,0.03608570247888565,0.020451944321393967,0.00594400055706501
146,Tom Elmhirst,sAy sOMETHINg,-24.479862,-22.827976,-18.43463897705078,11.15577220916748,0.00171857257373631,0.06107623502612114,3.635735034942627,0.5000001788139343,0.022935465245053223,9.741159074309838,4.613343238830566,8.278729438781738,-7.069803237915039,-0.09510007500648499,-0.698214590549469,0.020559610798954964,0.11547407507896423,8.085506439208984,18.21469497680664,2087.140380859375,3282.632568359375,2.630364179611206,0.01779252476990223,0.05108114331960678,0.02153325080871582,0.03949260339140892,0.03707221895456314,0.036592997610569,0.028449540957808495,0.020831594243645668,0.014107110910117626,0.008224084973335266,0.0023368624970316887
147,Tom Elmhirst,This Year,-13.151283,-10.87719,-9.834222793579102,7.089231491088867,0.013157951645553112,-0.02107366919517517,2.465273380279541,0.5002899765968323,0.006029707213587566,12.755245633786554,4.5117363929748535,6.670505523681641,-7.266058921813965,0.041842348873615265,-0.6991344690322876,0.03403136506676674,0.11088474839925766,8.041313171386719,8.76926326751709,1446.205078125,2595.301025390625,2.2251057624816895,0.016662774607539177,0.1131269708275795,0.03983249142765999,0.10172747820615768,0.12152325361967087,0.10088914632797241,0.08544447273015976,0.057901859283447266,0.04327298700809479,0.029598157852888107,0.0074233864434063435
148,Tom Elmhirst,Do You Like Me,-14.081543,-12.601425,-9.871285438537598,13.104307174682617,0.016189588233828545,-0.014041783288121223,2.1184544563293457,0.4998716115951538,0.058178578048319475,15.075218773703249,3.5580174922943115,6.208986282348633,-7.1516313552856445,-0.15186110138893127,-0.5460332036018372,0.05822727829217911,0.06377734243869781,7.109501361846924,26.03738021850586,750.19677734375,1289.2750244140625,3.7004854679107666,0.008392992429435253,0.1865174025297165,0.07621902227401733,0.12884506583213806,0.11372403800487518,0.08591283112764359,0.06945899873971939,0.04100736603140831,0.025472598150372505,0.013789492659270763,0.0029853270389139652
149,Tom Elmhirst,Palomino,-27.56461,-19.877033,-7.738180160522461,7.299490928649902,0.017469367012381554,-0.1622704267501831,0.912553071975708,0.5003763437271118,0.017715020229867897,8.260474585446445,3.687713384628296,5.336757659912109,-13.361763000488281,-0.03142596036195755,-0.6168133020401001,-0.022430837154388428,0.14193414151668549,8.565838813781738,4.110825061798096,2833.482421875,4193.18701171875,1.7756093740463257,0.02305755950510502,0.14701473712921143,0.05367818847298622,0.12241847068071365,0.11332904547452927,0.12915673851966858,0.12689736485481262,0.11526326835155487,0.08412555605173111,0.0476299487054348,0.013340722769498825
150,Tom Elmhirst,Lose Your Head - CamelPhat Remix,-12.526869,-11.723322,-9.315780639648438,7.025737762451172,0.015786340460181236,0.011000833474099636,0.4790029525756836,0.5007479190826416,-0.009100766329034513,6.949834808895209,3.567981243133545,4.4575629234313965,-6.637348651885986,0.033512409776449203,-0.44601887464523315,-0.00910183321684599,0.12559132277965546,8.10757064819336,12.183216094970703,1080.673828125,2442.02392578125,2.2128589153289795,0.023680822923779488,0.21554048359394073,0.0748353824019432,0.12588591873645782,0.10762626677751541,0.0912838727235794,0.07940062880516052,0.06356675177812576,0.043933168053627014,0.031171906739473343,0.012164338491857052
151,Tom Elmhirst,Walk Of Life,-14.323075,-13.30283,-11.383976936340332,2.9759883880615234,0.008990982547402382,-0.0046013155952095985,0.6124200820922852,0.49999624490737915,0.020107709011032857,14.914436917340272,4.072397708892822,6.157001972198486,-7.039679527282715,-0.11152137070894241,-0.5934310555458069,0.02615521103143692,0.15180663764476776,8.559595108032227,2.3262901306152344,1765.2596435546875,3588.467041015625,1.401659607887268,0.025053931400179863,0.15209411084651947,0.06826162338256836,0.11660874634981155,0.07557275146245956,0.06786306202411652,0.0664493590593338,0.06620236486196518,0.04875138774514198,0.0358520969748497,0.011885987594723701
152,Tom Elmhirst,Buyer's Remorse (feat. Omar Apollo),-11.977177,-10.744244,-9.243435859680176,8.596040725708008,0.014413231052458286,-0.04141934588551521,1.4746618270874023,0.5000235438346863,0.0038425027209298976,5.712898403374002,3.6731417179107666,5.60517692565918,-6.7353105545043945,-0.034559138119220734,-0.4779285192489624,0.02924872748553753,0.06641838699579239,7.0242533683776855,28.38376808166504,752.7835083007812,1227.4111328125,3.820927143096924,0.009135439060628414,0.11833218485116959,0.05356474593281746,0.10920070856809616,0.12862296402454376,0.11613021790981293,0.10312806069850922,0.05957368388772011,0.031676944345235825,0.015387963503599167,0.0032865656539797783
153,Tom Elmhirst,Ready to Run,-13.230344,-10.691777,-9.032574653625488,6.158267974853516,0.01064248662441969,0.2419109046459198,1.3401556015014648,0.4998568892478943,0.05399934989153993,4.790409212069149,4.147899150848389,5.816606044769287,-7.879728317260742,-0.06962389498949051,-0.5224931240081787,0.051745060831308365,0.1037069708108902,7.889095783233643,8.592114448547363,2026.4207763671875,3129.191650390625,2.3872628211975098,0.014835448935627937,0.06154385954141617,0.015008468180894852,0.06392127275466919,0.09695342183113098,0.11795875430107117,0.11348558962345123,0.09546054154634476,0.07288967072963715,0.048723962157964706,0.009022998623549938
154,Tom Elmhirst,Ocho Rios,-11.671278,-10.532001,-8.64814281463623,10.862390518188477,0.017167795449495316,-0.017666053026914597,1.2726049423217773,0.500015914440155,-0.0017791301369263638,9.782414618999239,3.6194045543670654,4.700897216796875,-6.917447090148926,-0.11590045690536499,-0.6032903790473938,0.0719134584069252,0.07950370013713837,7.528846263885498,15.06386661529541,685.342529296875,1544.44482421875,2.855609178543091,0.011216073296964169,0.17795684933662415,0.07689682394266129,0.14803354442119598,0.14394444227218628,0.09837550669908524,0.0808807983994484,0.05926361307501793,0.04754601791501045,0.02739868126809597,0.006129375658929348
155,Tom Elmhirst,Shot My Baby,-11.926784,-10.832655,-8.364863395690918,10.354043960571289,0.02242247946560383,-0.03233630955219269,0.6086280345916748,0.5001352429389954,0.09380886508650015,15.494306480017936,3.380929946899414,4.330182075500488,-7.000988006591797,-0.21942107379436493,-0.670901894569397,0.09718954563140869,0.08057225495576859,7.647585868835449,22.907005310058594,878.2265625,1820.503173828125,3.0352323055267334,0.010402754880487919,0.26380082964897156,0.10409260541200638,0.15156620740890503,0.11792127043008804,0.09866998344659805,0.0863635465502739,0.0701107382774353,0.05520123988389969,0.032807208597660065,0.007642112206667662
156,Tom Elmhirst,Summerland,-10.483766,-9.003534,-7.6677751541137695,7.258477210998535,0.02066400833427906,-0.011120624840259552,1.027803897857666,0.4999634325504303,0.03406538516332938,4.039652779018764,3.8099889755249023,4.911199569702148,-7.078427314758301,-0.10982675850391388,-0.5543606877326965,0.003634590422734618,0.11373680830001831,8.303942680358887,5.132889747619629,1082.8331298828125,2229.16748046875,1.973026990890503,0.020040933042764664,0.18482810258865356,0.06293977797031403,0.14868304133415222,0.15042880177497864,0.1386527717113495,0.10553397238254547,0.07482851296663284,0.05458242818713188,0.034338634461164474,0.010735861957073212
157,Tom Elmhirst,Always,-16.574543,-12.80387,-8.35416030883789,11.650737762451172,0.017346173524856567,-0.022682102397084236,1.3853163719177246,0.4999716877937317,0.024440677880648982,9.148249015256663,3.518418073654175,4.472705364227295,-7.015860080718994,-0.02710389345884323,-0.769370973110199,0.04365535080432892,0.0760296955704689,7.101716995239258,39.03845977783203,928.2156372070312,1520.5242919921875,4.1489410400390625,0.012162640690803528,0.15332861244678497,0.07105691730976105,0.14133036136627197,0.15004955232143402,0.13518093526363373,0.09514263272285461,0.05835713446140289,0.03652001917362213,0.02203204669058323,0.0060821520164608955
158,Tom Elmhirst,Eat Your Young,-14.594176,-13.202074,-9.719511032104492,10.423737525939941,0.010702662169933319,-0.006361597683280706,1.9773812294006348,0.5000104308128357,0.01428862684660264,5.360172657491518,4.278110027313232,5.901510715484619,-6.8378095626831055,-0.039512693881988525,-0.4895617365837097,-0.001555000082589686,0.08423139154911041,7.948813438415527,14.45676326751709,1321.2320556640625,2255.031982421875,2.8415064811706543,0.01059602852910757,0.1057986244559288,0.04679244011640549,0.08511023968458176,0.09403250366449356,0.09770037233829498,0.09668440371751785,0.07908954471349716,0.053452130407094955,0.026376094669103622,0.004860484041273594
159,Tom Elmhirst,Hunger,-19.39674,-17.273159,-9.5382080078125,12.160840034484863,0.010542030446231365,-0.0005990563658997416,2.347132682800293,0.49997034668922424,0.02272333038683524,7.770748318602404,3.7956151962280273,5.786412239074707,-6.856623649597168,-0.03926758095622063,-0.4853857159614563,0.0022088249679654837,0.09862367063760757,7.89542293548584,10.185571670532227,1160.3790283203125,2162.388916015625,2.583521604537964,0.017259977757930756,0.11035811901092529,0.039257198572158813,0.08572541922330856,0.09385532885789871,0.09148047864437103,0.07840902358293533,0.06292138993740082,0.04149527847766876,0.026363682001829147,0.0065366607159376144
160,Tom Elmhirst,Angel,-16.655113,-13.028081,-8.58644962310791,5.660123348236084,0.015040362253785133,-0.014554589055478573,1.1541361808776855,0.500045657157898,-0.006970359505191104,5.405103664161672,3.8958003520965576,5.037473678588867,-6.8979997634887695,-0.01168049592524767,-0.5389575958251953,0.008777424693107605,0.12661951780319214,8.392084121704102,4.1069655418396,1970.965087890625,3388.751220703125,1.8182883262634277,0.020532777532935143,0.15830442309379578,0.05528849735856056,0.11913027614355087,0.11463169753551483,0.12166259437799454,0.10496864467859268,0.09478095918893814,0.06890883296728134,0.045960456132888794,0.011142989620566368
161,Tom Elmhirst,Big God,-20.185057,-18.343184,-14.853249549865723,9.442493438720703,0.003829440101981163,-0.010839978232979774,2.2273292541503906,0.49999701976776123,0.01758381011194761,8.071270354840882,3.6026291847229004,5.703583240509033,-7.059113025665283,-0.07184171676635742,-0.49181973934173584,-0.04000705108046532,0.07298687845468521,7.335456848144531,22.390316009521484,866.4328002929688,1518.38720703125,3.6028244495391846,0.011402571573853493,0.07293235510587692,0.029928553849458694,0.06211721897125244,0.057534512132406235,0.058278631418943405,0.044266313314437866,0.0343610905110836,0.02158680558204651,0.011832499876618385,0.0026865277905017138
162,Tom Elmhirst,Wild Horses II,-16.007807,-14.586204,-12.314059257507324,9.285406112670898,0.007882850244641304,-0.07148799300193787,2.2226028442382812,0.5000562071800232,0.1006775971224366,13.856263764162541,3.7687864303588867,5.971536159515381,-7.119480609893799,-0.1872888058423996,-0.6043944954872131,0.06366772949695587,0.07226516306400299,7.172778129577637,19.10160255432129,862.7898559570312,1609.9720458984375,3.4455385208129883,0.011488527990877628,0.11955996602773666,0.04604317247867584,0.09989167749881744,0.09238506853580475,0.073922298848629,0.054394111037254333,0.04414447396993637,0.02887697145342827,0.015930820256471634,0.0031228552106767893
163,Tom Elmhirst,Medal,-11.911122,-10.839203,-10.124673843383789,5.8756184577941895,0.019992390647530556,0.03429318964481354,1.63116455078125,0.5000644326210022,0.005989417614385118,15.431065465714187,4.313708305358887,6.586596965789795,-6.8087897300720215,-0.00797722116112709,-0.5779221057891846,-0.017269058153033257,0.09429346024990082,7.818658828735352,9.104329109191895,1101.987060546875,1930.1075439453125,2.432868242263794,0.014103530906140804,0.2313445657491684,0.11185409128665924,0.11373437196016312,0.09821362048387527,0.08509927242994308,0.08046817034482956,0.05732479691505432,0.03799327835440636,0.023352252319455147,0.005973775405436754
164,Tom Elmhirst,Vince Van Gogh,-9.5150385,-8.182822,-7.4834794998168945,3.3737220764160156,0.025553572922945023,0.020384954288601875,0.19568443298339844,0.5000526905059814,-0.011097272329789019,11.230539163760788,3.476794958114624,4.206536293029785,-7.176347732543945,-0.054596807807683945,-0.71394282579422,0.0032621556892991066,0.08627531677484512,7.784965515136719,8.595288276672363,975.4473876953125,1841.9906005859375,2.3127264976501465,0.0116116376593709,0.24220970273017883,0.12571004033088684,0.19355854392051697,0.1719495803117752,0.12714675068855286,0.10788433998823166,0.08047351241111755,0.06175711750984192,0.034544434398412704,0.007980397902429104
165,Tom Elmhirst,Oh Woman Oh Man - MK Remix,-13.652356,-13.128911,-12.49679183959961,3.673940658569336,0.01047005970031023,-0.014005680568516254,0.7938611507415771,0.4999926686286926,-0.016112598864982865,26.217873056579094,4.093455791473389,5.550178050994873,-7.199337482452393,-0.0004949867143295705,-0.664618194103241,-0.012139878235757351,0.1329239159822464,7.992994785308838,6.992166996002197,1421.0078125,2775.046142578125,1.933139681816101,0.02419264055788517,0.18714241683483124,0.057989701628685,0.12307202816009521,0.08595668524503708,0.07212916761636734,0.05318591371178627,0.035511862486600876,0.02734542265534401,0.021260429173707962,0.008423132821917534
166,Tom Elmhirst,LA Hex,-8.822255,-8.035038,-7.381860256195068,4.162993431091309,0.027846267446875572,0.002811446785926819,0.4816591739654541,0.49997949600219727,0.05086406083935225,9.37829178738767,3.443479299545288,4.1073527336120605,-7.027259349822998,-0.04384620860219002,-0.7020779848098755,0.03922596946358681,0.08184561133384705,7.884636402130127,9.318428039550781,738.481689453125,1551.3912353515625,2.611588954925537,0.013613792136311531,0.2779504656791687,0.11384515464305878,0.1921541392803192,0.16379527747631073,0.14008517563343048,0.107436902821064,0.0826079323887825,0.05667099356651306,0.03033309057354927,0.007655033841729164
167,Tom Elmhirst,New York,-11.185084,-9.989036,-8.520254135131836,3.03739595413208,0.02386162243783474,-0.01518300548195839,0.5599510669708252,0.5003153681755066,0.005778254847534953,9.629298304354645,3.4019076824188232,4.349289417266846,-6.735645771026611,-0.021438781172037125,-0.6233064532279968,0.042729832231998444,0.08029752969741821,7.67596435546875,17.613805770874023,856.6017456054688,1670.878173828125,3.014357566833496,0.01195746660232544,0.29789891839027405,0.1327751725912094,0.15755166113376617,0.12223963439464569,0.11241940408945084,0.0923972800374031,0.0761902779340744,0.054768867790699005,0.029886910691857338,0.0063804336823523045
168,Tom Elmhirst,Sorry for Me - sped up,-13.479186,-12.6713295,-10.48403263092041,10.681512832641602,0.01141570694744587,-0.019646020606160164,2.2167906761169434,0.5000594854354858,0.038145836481306476,15.39118373807283,3.854991912841797,5.34649658203125,-7.1909918785095215,-0.10899782925844193,-0.8083075881004333,0.07005235552787781,0.11389432102441788,8.029075622558594,5.274083614349365,1137.355712890625,2275.498046875,2.036764144897461,0.02068764716386795,0.1234498992562294,0.05100502073764801,0.10564755648374557,0.11237690597772598,0.10103316605091095,0.08004217594861984,0.06470082700252533,0.04163120687007904,0.026375198736786842,0.007932258769869804
169,Tom Elmhirst,The Alchemist,-9.123277,-8.573573,-7.37246036529541,7.6598052978515625,0.022008409723639488,0.014844060875475407,0.5595085620880127,0.5000806450843811,-0.009333926034932348,6.211412121933367,3.950662136077881,4.095279693603516,-6.617716312408447,-0.04150555655360222,-0.48273590207099915,-0.04834311082959175,0.07947070151567459,7.461893081665039,41.45189666748047,865.9796752929688,1775.328125,4.346038341522217,0.012271602638065815,0.1762855350971222,0.07973100990056992,0.1624990850687027,0.16014647483825684,0.1556280553340912,0.12548431754112244,0.09316936135292053,0.06158480420708656,0.03602032735943794,0.009285423904657364
170,Tom Elmhirst,Ant Pile,-9.69398,-9.286996,-8.670536041259766,4.958067893981934,0.01767069287598133,-0.02075888030230999,1.1179771423339844,0.5000489950180054,0.02134967652790902,11.470407041127814,4.072046756744385,4.8702569007873535,-7.509915828704834,0.041861392557621,-0.7432062029838562,0.005546784494072199,0.09771042317152023,8.035584449768066,10.034247398376465,1233.8529052734375,2367.89208984375,2.439647912979126,0.014841808937489986,0.1697201132774353,0.0732174962759018,0.1369900405406952,0.13433583080768585,0.11338411271572113,0.10513951629400253,0.08240259438753128,0.06167592853307724,0.03732122480869293,0.00887027382850647
171,Tom Elmhirst,The Last One,-12.077091,-10.736686,-9.244447708129883,7.878563404083252,0.01463871169835329,-0.06578180938959122,1.552945613861084,0.4999277889728546,0.06366247008185222,8.790413401976906,3.8659920692443848,5.408877372741699,-6.873476028442383,-0.10397613048553467,-0.5971680283546448,0.05262559652328491,0.09452924877405167,7.830152988433838,6.958607196807861,976.1675415039062,2041.782470703125,2.2961323261260986,0.015425949357450008,0.1439758539199829,0.058171097189188004,0.12236308306455612,0.12053677439689636,0.11678566038608551,0.10102967917919159,0.07980679720640182,0.050833627581596375,0.03480050340294838,0.007873928174376488
172,Tom Elmhirst,Cool,-14.005191,-11.28833,-9.747817993164062,5.124569892883301,0.01684916764497757,-0.12770284712314606,0.49283742904663086,0.5000944137573242,0.09737825058501845,10.961224194793587,3.2581405639648438,4.782783031463623,-6.970417499542236,-0.14440704882144928,-0.6922277212142944,0.10676473379135132,0.05389232560992241,6.293581008911133,48.638214111328125,687.5473022460938,1072.56201171875,5.479866981506348,0.008948220871388912,0.185397207736969,0.07564723491668701,0.13959310948848724,0.1352919638156891,0.13985887169837952,0.08250562846660614,0.04260547086596489,0.02432418242096901,0.013037911616265774,0.0028261428233236074
173,Tom Elmhirst,Kaleidoscope,-22.337551,-19.74452,-15.047061920166016,12.631538391113281,0.002970077097415924,-0.009421411901712418,3.5008368492126465,0.5,0.06669629963503644,12.50217666810597,3.681241512298584,5.650693893432617,-6.871731281280518,-0.08471133559942245,-0.6980160474777222,-0.0017757141031324863,0.07736533880233765,7.176355361938477,21.449230194091797,816.2649536132812,1330.7828369140625,3.4505999088287354,0.013946497812867165,0.024317679926753044,0.007550748530775309,0.03422637656331062,0.05701359361410141,0.06616006046533585,0.05682608485221863,0.03321048244833946,0.01768272928893566,0.008823239244520664,0.002317574108019471
174,Tom Elmhirst,Spectrum,-24.017262,-18.947987,-7.510873794555664,17.687458038330078,0.012172241695225239,0.06472558528184891,2.329446792602539,0.4999224841594696,-0.042964963742702436,3.2255502984545767,3.7420854568481445,6.654871940612793,-9.548640251159668,0.03366221487522125,-0.3746061623096466,-0.01653512939810753,0.11766288429498672,8.343011856079102,5.174765586853027,2172.84521484375,3452.59521484375,2.006965160369873,0.01727336458861828,0.11037485301494598,0.04375850781798363,0.09790909290313721,0.08891093730926514,0.09326483309268951,0.09566137939691544,0.0902172178030014,0.06347028911113739,0.03815147653222084,0.00817861594259739
175,Tom Elmhirst,June,-15.088559,-13.579189,-9.99095630645752,14.772912979125977,0.012183913961052895,0.023112619295716286,1.6066503524780273,0.49997496604919434,0.01073892549286224,8.507155505030907,3.4251999855041504,4.825587272644043,-7.016997337341309,-0.014325391501188278,-0.6330384612083435,0.025525769218802452,0.07516422867774963,7.399172782897949,13.637228012084961,727.6455078125,1372.138916015625,3.0228843688964844,0.01284374576061964,0.1642044335603714,0.06281551718711853,0.11743670701980591,0.09095381945371628,0.09854613244533539,0.08322136104106903,0.06467363983392715,0.03959372267127037,0.021829506382346153,0.004543761722743511
176,Tom Elmhirst,Homiesexual (with Ty Dolla $ign),-13.429366,-12.072457,-10.08185863494873,6.916265487670898,0.024343391880393028,0.07319364696741104,0.9008073806762695,0.4997331202030182,0.011582331331785756,39.905815157226066,3.3740394115448,4.455619812011719,-7.164994239807129,-0.04827611520886421,-0.6169325113296509,-0.015268929302692413,0.09027465432882309,7.2095208168029785,20.069026947021484,859.8839721679688,1607.15966796875,3.0293092727661133,0.016590053215622902,0.3096524477005005,0.1255577802658081,0.15232573449611664,0.0955476313829422,0.07540425658226013,0.0624711774289608,0.03970351070165634,0.027494065463542938,0.017647450789809227,0.005803059786558151
177,Tom Elmhirst,TIL FURTHER NOTICE (feat. James Blake & 21 Savage),-10.877263,-9.458593,-8.341666221618652,8.842823028564453,0.024235781282186508,0.01763698272407055,0.395127534866333,0.500029444694519,-0.007377316268063778,7.699554336678709,3.311548948287964,4.175275802612305,-7.52583122253418,-0.016991306096315384,-0.7079277038574219,-0.014857028611004353,0.07429386675357819,7.286178112030029,24.663188934326172,715.3914794921875,1457.0869140625,3.4493062496185303,0.011775363236665726,0.2580466568470001,0.1099143847823143,0.16977591812610626,0.1600513458251953,0.10932105034589767,0.08756229281425476,0.05741256847977638,0.040888816118240356,0.023627279326319695,0.007747059687972069
178,Tom Elmhirst,Unstoppable,-11.3369875,-10.722202,-8.972613334655762,10.425397872924805,0.016697367653250694,-0.08939614146947861,1.9860711097717285,0.5004026293754578,0.013206105506350766,22.27840647029051,3.810525894165039,5.137370586395264,-7.4511542320251465,-0.06501021981239319,-0.750709593296051,0.01435771957039833,0.06112014502286911,7.3897528648376465,21.530794143676758,816.822509765625,1405.0692138671875,3.5262935161590576,0.007365958299487829,0.1386348158121109,0.06538046151399612,0.12704433500766754,0.1409756988286972,0.12097756564617157,0.10138272494077682,0.0702616348862648,0.043932218104600906,0.021046465262770653,0.003784176427870989
179,Tom Elmhirst,Move Me,-12.145682,-10.528934,-7.398453712463379,8.391754150390625,0.023078622296452522,-0.02039366587996483,0.7975623607635498,0.500030517578125,0.015291809375969176,12.592037763706953,3.5817089080810547,4.971679210662842,-7.047008514404297,-0.03922594338655472,-0.6570321917533875,0.03640938550233841,0.09962530434131622,8.006505966186523,8.437559127807617,1091.5816650390625,2196.396240234375,2.2612969875335693,0.015162071213126183,0.20364777743816376,0.07089021056890488,0.16059307754039764,0.1617092490196228,0.11838118731975555,0.09730961918830872,0.06566396355628967,0.052591752260923386,0.034978024661540985,0.010613935068249702
180,Tom Elmhirst,(failure(,-11.293895,-10.594922,-9.972977638244629,3.896552085876465,0.01194471400231123,0.027031926438212395,0.9938523769378662,0.4999829828739166,0.10471669840320585,5.725025197049468,3.7081475257873535,4.983235836029053,-6.760809421539307,-0.03068673238158226,-0.5255420804023743,0.028796827420592308,0.052443213760852814,7.09688663482666,40.179229736328125,854.8642578125,1346.1136474609375,4.802946090698242,0.005957296583801508,0.1000136137008667,0.05411453917622566,0.10086202621459961,0.12250136584043503,0.1275106519460678,0.10170920938253403,0.07106563448905945,0.03986762836575508,0.017544180154800415,0.0026302714832127094
181,Tom Elmhirst,Francesc,-12.979785,-11.889878,-8.589524269104004,8.478710174560547,0.011787834577262402,0.036908864974975586,0.597353458404541,0.49998220801353455,0.045868747574734574,2.219260963233035,3.76766300201416,5.028757095336914,-6.597753047943115,-0.10368543118238449,-0.3778556287288666,-0.013407299295067787,0.10542343556880951,8.105971336364746,8.203794479370117,1083.15478515625,2420.541015625,2.183966875076294,0.01660803146660328,0.1563793569803238,0.07418413460254669,0.11378107219934464,0.1135433092713356,0.08639433234930038,0.0709250196814537,0.06542566418647766,0.05268067866563797,0.030499933287501335,0.009079596027731895
182,Tom Elmhirst,Sorry for Me - slo,-19.502504,-15.025018,-12.19111156463623,10.273012161254883,0.007476397790014744,-0.024875303730368614,1.9116148948669434,0.500091552734375,0.021738396633143846,4.1895815610569915,3.6355319023132324,5.735977649688721,-7.754786014556885,-0.07873455435037613,-0.48139166831970215,-0.01277946401387453,0.09035637229681015,7.788599014282227,8.65241527557373,1117.7099609375,1970.59912109375,2.4130804538726807,0.013856654986739159,0.12442556023597717,0.057204440236091614,0.09362757951021194,0.0823419913649559,0.07774832099676132,0.061549704521894455,0.04361448809504509,0.02932777628302574,0.016488876193761826,0.00457925908267498
183,Tom Elmhirst,It's Good To Be In Love,-11.521477,-10.733496,-8.987044334411621,7.552519798278809,0.016150664538145065,0.03674118220806122,0.6272711753845215,0.49999311566352844,0.03392251324708557,10.969837851381085,3.676243305206299,4.691843032836914,-7.029232978820801,-0.020315464586019516,-0.7205948829650879,0.04829784855246544,0.12164846807718277,8.314077377319336,4.892163276672363,1060.8048095703125,2362.956787109375,1.8349430561065674,0.022510413080453873,0.1861780732870102,0.07123230397701263,0.15877844393253326,0.13139702379703522,0.11489137262105942,0.09869106113910675,0.07765994966030121,0.05609619617462158,0.0376591756939888,0.01144290529191494
184,Tom Elmhirst,The End Of Love,-19.566126,-17.721245,-9.353960037231445,22.440380096435547,0.008117303252220154,-0.034208744764328,3.872053623199463,0.500022828578949,-0.0705441466604844,3.814325092893545,3.5302910804748535,5.171329498291016,-6.576398849487305,0.15992134809494019,-0.36450743675231934,0.019723089411854744,0.08104488253593445,7.330390453338623,12.498237609863281,1001.694580078125,1621.085205078125,2.9967527389526367,0.012956449761986732,0.06460639834403992,0.018125947564840317,0.05710282921791077,0.06515774130821228,0.08563817292451859,0.0705493912100792,0.06296238303184509,0.0317881815135479,0.017096243798732758,0.0029534439090639353
185,Tom Elmhirst,TELEKINESIS (feat. SZA & Future),-8.733765,-7.7021785,-7.375176429748535,3.242307662963867,0.02546236850321293,-0.022506162524223328,-0.16360759735107422,0.49981868267059326,0.013627148749704521,8.369521689721584,3.433690309524536,4.082056522369385,-7.282297134399414,-0.08474532514810562,-0.6048709750175476,-0.041998475790023804,0.08909378945827484,7.792049884796143,15.920162200927734,977.3616943359375,1949.6988525390625,2.800464153289795,0.014879032969474792,0.2333383858203888,0.10017452389001846,0.1732468605041504,0.17812888324260712,0.1678231805562973,0.1403750777244568,0.09333258122205734,0.06166525557637215,0.03854101896286011,0.010475516319274902
186,Tom Elmhirst,Pink - Barbie Opening Theme,-14.360022,-13.335524,-12.094794273376465,6.230635643005371,0.009649606421589851,0.06214609369635582,2.914416790008545,0.4999603033065796,-0.0051171649980868445,10.835711821793666,3.9213168621063232,7.273542881011963,-6.821300506591797,0.013385300524532795,-0.5722988247871399,-0.004600665997713804,0.11587116867303848,7.814815044403076,5.515293598175049,858.8618774414062,1983.9029541015625,1.9931352138519287,0.022854145616292953,0.15263698995113373,0.07033246755599976,0.11598961055278778,0.0977562889456749,0.06331285834312439,0.04826895520091057,0.03200424462556839,0.024306103587150574,0.017768429592251778,0.006658926606178284
187,Tom Elmhirst,WE SAW THE SUN!,-9.475666,-9.077778,-7.433879852294922,9.645895957946777,0.01769738271832466,0.03417825326323509,0.7807891368865967,0.49998435378074646,-0.012540958509011742,3.1366366568527617,3.8664705753326416,5.0495147705078125,-6.548645973205566,-0.08553406596183777,-0.37539494037628174,-0.0002181066374760121,0.06849126517772675,7.7869439125061035,20.278745651245117,1134.427978515625,1827.10791015625,3.040048837661743,0.007099375128746033,0.13134340941905975,0.04927421361207962,0.1115955039858818,0.14274629950523376,0.1501668244600296,0.1300150603055954,0.1028052419424057,0.06347297877073288,0.029171915724873543,0.004793855827301741
188,Tom Elmhirst,Mama Werewolf,-14.325706,-13.081142,-11.028131484985352,9.440790176391602,0.010267739184200764,-0.01872604712843895,2.240706443786621,0.4999677538871765,-0.022234573772465505,8.592948998546726,4.17566442489624,6.10408353805542,-6.771389484405518,0.05747579038143158,-0.49923840165138245,0.02034575305879116,0.1182280033826828,8.21304702758789,5.071789264678955,1359.9931640625,2655.415283203125,1.9038631916046143,0.020135177299380302,0.15016187727451324,0.06262087821960449,0.103215791285038,0.08694355189800262,0.09380403906106949,0.0712207704782486,0.05637706443667412,0.04135342314839363,0.02622595801949501,0.008984260261058807
189,Tom Elmhirst,Valentin,-24.1601,-14.068711,-11.522817611694336,10.059724807739258,0.012348293326795101,-0.06157238408923149,4.896501541137695,0.5004281401634216,0.007366114072264694,7.598511749621291,3.9592337608337402,7.440645694732666,-11.34212875366211,-0.03831535205245018,-0.6356416940689087,0.024420201778411865,0.09145604074001312,7.276375770568848,23.198259353637695,1459.250244140625,2066.83642578125,3.4611940383911133,0.015911925584077835,0.16148005425930023,0.06717798113822937,0.08245066553354263,0.06765647977590561,0.06840194016695023,0.055534735321998596,0.03420387953519821,0.020707905292510986,0.011544287204742432,0.0033356002531945705
190,Tom Elmhirst,Let Me Go,-17.22888,-16.027498,-13.650064468383789,10.693161010742188,0.006610902491956949,-0.03408995270729065,3.6757760047912598,0.4999782145023346,0.01854148051647773,10.35776356356968,3.725839376449585,6.43917179107666,-6.900274753570557,-0.0978333130478859,-0.671549916267395,0.010007228702306747,0.06671424955129623,7.095937728881836,19.542152404785156,700.67578125,1169.19580078125,3.4573862552642822,0.010638665407896042,0.102724090218544,0.05241171270608902,0.07294491678476334,0.07741203904151917,0.0606483556330204,0.054031163454055786,0.030349785462021828,0.018988588824868202,0.009592822752892971,0.0020107056479901075
191,Tom Elmhirst,Pain Is Inevitable,-14.090004,-13.0086975,-9.617749214172363,14.115777015686035,0.01454850472509861,-0.026912450790405273,2.6218643188476562,0.5001031160354614,0.014314912570893906,17.060355694514914,3.620779514312744,5.168993949890137,-7.142665386199951,-0.10858656466007233,-0.7174621820449829,-0.013738061301410198,0.06363600492477417,7.158046722412109,21.787212371826172,759.401611328125,1230.251220703125,3.586028814315796,0.008849607780575752,0.13856583833694458,0.05506887286901474,0.12492701411247253,0.12056223303079605,0.10622171312570572,0.08398625254631042,0.05259991064667702,0.028584729880094528,0.01543115358799696,0.0035689035430550575
192,Tom Elmhirst,paint THE sky,-9.238781,-8.887469,-8.132789611816406,7.543449401855469,0.020978610962629318,-0.040451787412166595,0.27403831481933594,0.5000572800636292,0.16623363189072776,3.1697667296299077,3.29573655128479,4.088599681854248,-6.622208118438721,-0.15044771134853363,-0.41661083698272705,-0.027818666771054268,0.047207314521074295,6.860871315002441,84.16699981689453,654.1307983398438,1131.8328857421875,6.058574676513672,0.004609676077961922,0.2465633898973465,0.10726703703403473,0.13880711793899536,0.13551747798919678,0.13176211714744568,0.10974419862031937,0.08514827489852905,0.04561195522546768,0.020940547809004784,0.0029817139729857445
193,Mark Spike Stent,Life Is Beautiful,-9.687661,-8.909821,-8.022168159484863,7.586636066436768,0.01585574634373188,-0.06843368709087372,0.6567792892456055,0.49998795986175537,0.02639770077183054,3.8838937946050565,3.826556444168091,4.635525703430176,-6.639129638671875,-0.018231941387057304,-0.4846222698688507,-0.00024280912475660443,0.11509642750024796,8.517370223999023,8.767231941223145,1546.74072265625,2936.133056640625,2.0318284034729004,0.01795031875371933,0.14442119002342224,0.05799422413110733,0.11574829369783401,0.12494032084941864,0.11878494173288345,0.11457350850105286,0.10405519604682922,0.07175961136817932,0.04342849552631378,0.012648342177271843
194,Mark Spike Stent,Ship To Wreck,-11.081,-9.206119,-8.131932258605957,5.050530910491943,0.016209889203310013,0.06533064693212509,0.7850480079650879,0.49994033575057983,0.010786731566078712,8.655658669780811,4.078488349914551,5.4939961433410645,-7.154591083526611,-0.03805610537528992,-0.6403474807739258,-0.010938460938632488,0.15495888888835907,8.902276039123535,1.6053086519241333,2465.51318359375,4610.84619140625,1.3347208499908447,0.02449025772511959,0.16395136713981628,0.06786296516656876,0.1296062469482422,0.11618473380804062,0.10955716669559479,0.10185454040765762,0.10890833288431168,0.08313614875078201,0.06044435501098633,0.018077529966831207
195,Mark Spike Stent,In A Perfect World (with Julia Michaels) - Acoustic,-19.10282,-18.277985,-16.753175735473633,7.878824234008789,0.0021969792433083057,0.13050301373004913,2.7407426834106445,0.4999571144580841,-0.02307299679949411,8.90897551262129,4.125957489013672,5.387590408325195,-7.282495498657227,0.008367328904569149,-0.6957904696464539,-0.029005592688918114,0.12903283536434174,8.017813682556152,7.725406646728516,1556.843017578125,2936.84326171875,2.030245304107666,0.022221524268388748,0.033233918249607086,0.009270260110497475,0.039284732192754745,0.05131418630480766,0.05457271635532379,0.043103791773319244,0.030422085896134377,0.022126175463199615,0.014148625545203686,0.006001782603561878
196,Mark Spike Stent,Damage Gets Done,-10.627314,-8.564729,-7.404345512390137,4.5766377449035645,0.01795751415193081,0.010586092248558998,0.365126371383667,0.4998650550842285,-0.0092994547455549,3.7003319216964705,4.141562461853027,4.56994104385376,-6.916820049285889,0.020396800711750984,-0.5063310265541077,-0.0035494219046086073,0.10925007611513138,8.317887306213379,5.231143474578857,1463.5709228515625,2615.743408203125,2.0136754512786865,0.017230605706572533,0.15793778002262115,0.06497623026371002,0.11949541419744492,0.12744872272014618,0.1419413983821869,0.14437085390090942,0.11226460337638855,0.07930251955986023,0.04437992349267006,0.010838428512215614
197,Mark Spike Stent,De Selby (Part 2),-10.317024,-9.735893,-8.937477111816406,6.0306396484375,0.01669440045952797,-0.009549316018819809,1.2651448249816895,0.5002636909484863,0.01866204635936034,9.192536933917788,3.9110262393951416,4.927740097045898,-6.823368549346924,-0.03769403323531151,-0.5988651514053345,0.0003477205755189061,0.09564783424139023,8.069950103759766,15.686138153076172,1226.6513671875,2343.022216796875,2.595426082611084,0.01396881602704525,0.17627345025539398,0.07956980913877487,0.13257095217704773,0.1277310997247696,0.11053508520126343,0.09322802722454071,0.07942508906126022,0.057625096291303635,0.03527825325727463,0.008849555626511574
198,Mark Spike Stent,First Light,-13.9191885,-11.016434,-7.788265228271484,10.128546714782715,0.018564721569418907,-0.011668005026876926,0.5492477416992188,0.4999687969684601,-0.007701394974965563,4.829311524485621,3.4349966049194336,4.038211345672607,-6.746420383453369,-0.028119003400206566,-0.47471609711647034,-0.010838179849088192,0.08944562077522278,7.856093406677246,8.569433212280273,1248.301025390625,2099.77587890625,2.4447319507598877,0.013502530753612518,0.20601338148117065,0.10790712386369705,0.12524916231632233,0.12735049426555634,0.13636700809001923,0.11967471987009048,0.09267240017652512,0.06792957335710526,0.03324713557958603,0.007999131456017494
199,Mark Spike Stent,Stuck,-10.73853,-9.52597,-7.654566764831543,9.005937576293945,0.020412253215909004,-0.03450360521674156,0.7156264781951904,0.5000285506248474,-0.003254036836988741,6.269359464139214,3.5178287029266357,4.852688312530518,-6.609028339385986,-0.013056525029242039,-0.48153331875801086,0.009001764468848705,0.12087028473615646,8.141691207885742,21.636943817138672,1350.9072265625,2682.18017578125,2.5096535682678223,0.021223505958914757,0.19106394052505493,0.07862932235002518,0.15072667598724365,0.13681325316429138,0.1333536058664322,0.09855306893587112,0.07379307597875595,0.05765693634748459,0.038137294352054596,0.013324528001248837
200,Mark Spike Stent,Third Eye,-14.520394,-13.257449,-7.68977689743042,12.69912052154541,0.013245520181953907,0.026556069031357765,1.9278802871704102,0.5000646710395813,0.015043350886827544,5.548857981637561,4.054908275604248,5.348176956176758,-6.921751976013184,0.035110775381326675,-0.5499170422554016,-0.007700406480580568,0.10514035820960999,8.350686073303223,5.590333461761475,1882.7529296875,3075.944580078125,2.0783281326293945,0.013510695658624172,0.10753832012414932,0.05063069611787796,0.08492912352085114,0.0895216092467308,0.09503199905157089,0.10420548170804977,0.10413970053195953,0.07172074168920517,0.04486420750617981,0.00892853457480669
201,Mark Spike Stent,Shake It Out,-28.385712,-24.926186,-19.164875030517578,9.069040298461914,0.0011633224785327911,0.01727166771888733,0.5025730133056641,0.4999946355819702,0.002266325708893031,3.553732388910136,3.5819461345672607,4.471909046173096,-7.168225288391113,-0.017651816830039024,-0.42982083559036255,0.01975683495402336,0.11751120537519455,8.376299858093262,5.411353588104248,1825.479248046875,3083.79345703125,1.9843952655792236,0.01831228844821453,0.043718308210372925,0.01786332204937935,0.03617333620786667,0.030017970129847527,0.03118683211505413,0.031545355916023254,0.02951921708881855,0.019702840596437454,0.011326892301440239,0.0028961156494915485
202,Mark Spike Stent,Get Up Kid,-10.375194,-9.443533,-8.54936408996582,8.084049224853516,0.017037274315953255,0.026387909427285194,0.8312790393829346,0.4999895691871643,0.006916067720277882,5.742584960195323,3.755795478820801,4.770992755889893,-6.723681926727295,-0.01836269535124302,-0.6234850883483887,-0.003363140160217881,0.10488682985305786,8.065390586853027,6.582664966583252,1164.3619384765625,2166.261962890625,2.2169008255004883,0.018347833305597305,0.17421291768550873,0.07569019496440887,0.12595590949058533,0.1241995096206665,0.1317962110042572,0.11926697194576263,0.09275508671998978,0.06422695517539978,0.033637888729572296,0.009438833221793175
203,Mark Spike Stent,bad idea right,-10.343277,-9.655351,-8.855473518371582,6.589447021484375,0.013824869878590107,-0.08923454582691193,0.17905306816101074,0.5003305077552795,0.004822238930610329,6.45793033538014,3.7868528366088867,4.8299407958984375,-7.141610622406006,-0.03842649981379509,-0.613222599029541,0.005277599208056927,0.112807497382164,8.528825759887695,4.884818077087402,1528.70361328125,2900.617431640625,1.890690803527832,0.01667531579732895,0.1475624442100525,0.06041644886136055,0.13272567093372345,0.12773530185222626,0.10673686861991882,0.0969078317284584,0.09313269704580307,0.07437875121831894,0.0445098802447319,0.010941946879029274
204,Serban Ghenea,Baby Don't Hurt Me (feat. Anne-Marie & Coi Leray) - Cedric Gervais Remix Extended,-8.888489,-8.237347,-7.819428443908691,3.458207130432129,0.023447072133421898,0.05550035089254379,0.40870094299316406,0.4998527467250824,0.0021304202912632107,6.263315144576959,3.94336199760437,4.4090495109558105,-6.648100852966309,-0.0075677307322621346,-0.5005010366439819,-0.00039804234984330833,0.15058533847332,8.677413940429688,2.7712457180023193,1644.4456787109375,3749.447509765625,1.3938329219818115,0.025774355977773666,0.26367080211639404,0.07085718959569931,0.17092514038085938,0.1266353577375412,0.10716722905635834,0.08723387867212296,0.0780353918671608,0.06470576673746109,0.050236549228429794,0.019001105800271034
205,Serban Ghenea,Lovesongs,-7.7642484,-7.2900553,-6.76182746887207,5.131197452545166,0.025243977084755898,0.035602275282144547,0.33866333961486816,0.4995902478694916,0.0037909437391394716,4.091152141537026,3.7427663803100586,4.485877513885498,-7.061385631561279,-0.010373963974416256,-0.5269216895103455,-0.006939571350812912,0.13714787364006042,8.315535545349121,8.215238571166992,1507.5133056640625,3027.82666015625,1.8748795986175537,0.02495412342250347,0.21911931037902832,0.08477041870355606,0.17495030164718628,0.1618613451719284,0.14205530285835266,0.12035362422466278,0.09544851630926132,0.06719816476106644,0.04627518728375435,0.017488446086645126
206,Serban Ghenea,Baby Don't Hurt Me (feat. Anne-Marie & Coi Leray) - ozone & Diagnostix Extended Remix,-8.97261,-8.423673,-7.540310382843018,6.974038600921631,0.028632713481783867,-0.0300345029681921,0.30608630180358887,0.4994982182979584,-0.0012870546525236908,34.95941990259887,3.6980364322662354,4.2281317710876465,-7.092193603515625,0.007851866073906422,-0.6825477480888367,0.0027222263161092997,0.15432536602020264,8.660608291625977,3.0280537605285645,2169.89453125,4141.89208984375,1.4146114587783813,0.024824175983667374,0.2838860750198364,0.10969916731119156,0.1555929332971573,0.13136662542819977,0.11282526701688766,0.0970800593495369,0.0855545923113823,0.07109585404396057,0.05773254483938217,0.021875225007534027
207,Serban Ghenea,Believer - Live in Vegas,-27.456089,-24.516891,-23.32225227355957,7.297779083251953,0.0005802022060379386,-0.029392095282673836,1.6621336936950684,0.49999377131462097,-0.004029819281865757,10.378232996801703,4.312788963317871,6.753475666046143,-6.707047462463379,0.005312711466103792,-0.565108597278595,-0.018672766163945198,0.10907916724681854,8.486282348632812,5.588354587554932,1618.1268310546875,2945.998779296875,1.9609060287475586,0.015049878507852554,0.03632434457540512,0.01630161888897419,0.023593023419380188,0.019884007051587105,0.01925341784954071,0.017959170043468475,0.016932187601923943,0.014231481589376926,0.008816787973046303,0.0018956874264404178
208,Serban Ghenea,Lights Out,-8.9048605,-8.3868685,-8.151616096496582,3.669004440307617,0.024141324684023857,-0.011802119202911854,0.46793484687805176,0.5003494620323181,0.015096714080935667,2.420858423403509,3.6678237915039062,4.896756649017334,-7.131231307983398,-0.047795459628105164,-0.5525763630867004,-0.004809267353266478,0.12963537871837616,8.140458106994629,6.871296405792236,917.7779541015625,2076.07958984375,1.753988265991211,0.02469942346215248,0.31741631031036377,0.1639549881219864,0.1514834314584732,0.1344028264284134,0.10200813412666321,0.07785019278526306,0.05998557433485985,0.0444834940135479,0.0364072360098362,0.012956332415342331
209,Serban Ghenea,VULGAR (with Madonna),-11.62839,-10.192622,-8.89709186553955,7.169557094573975,0.0221394170075655,0.01734957844018936,0.7152667045593262,0.5001105666160583,0.0018438848427680293,14.191911614681029,3.982755422592163,5.0289626121521,-6.8664398193359375,-0.0002054518845397979,-0.5418445467948914,0.007263956591486931,0.1165803074836731,8.199784278869629,5.607763290405273,1095.7877197265625,2239.412841796875,1.837196946144104,0.019509244710206985,0.26646140217781067,0.09839940816164017,0.1909170001745224,0.11150281876325607,0.09272455424070358,0.07212446630001068,0.05895816907286644,0.04587942734360695,0.033308982849121094,0.010763399302959442
210,Serban Ghenea,Don't Say Love - Mas Tiempo Remix,-11.561549,-10.5061655,-8.422578811645508,7.391448020935059,0.020333537831902504,0.029418746009469032,1.6997036933898926,0.500092089176178,0.07124812163847885,22.52219889340281,4.872058391571045,5.1949357986450195,-7.298455238342285,-0.05171217396855354,-0.764013409614563,0.04273973032832146,0.16397814452648163,8.443072319030762,13.6886625289917,2495.201416015625,4406.58740234375,1.9679921865463257,0.026793329045176506,0.20840582251548767,0.08230643719434738,0.14456263184547424,0.09379986673593521,0.0850144699215889,0.08402664214372635,0.07734488695859909,0.06145578622817993,0.04577537253499031,0.016888877376914024
211,Serban Ghenea,A Beautiful Game,-14.880797,-12.563378,-10.2698335647583,9.856087684631348,0.010791248641908169,0.001818270655348897,0.5835475921630859,0.5000633001327515,0.006267259629577149,5.383545358601779,3.520555019378662,4.720470428466797,-6.713776111602783,-0.03198845684528351,-0.5823684930801392,-0.006664816755801439,0.08167026191949844,7.5272674560546875,16.476673126220703,945.8213500976562,1711.9920654296875,3.0473527908325195,0.012774216942489147,0.1440659463405609,0.06601502001285553,0.10839341580867767,0.10178234428167343,0.09227407723665237,0.08216972649097443,0.057010747492313385,0.04095354676246643,0.022062407806515694,0.0052286311984062195
212,Serban Ghenea,Glad U Came - Guz Remix,-14.363208,-11.064307,-9.665895462036133,5.830965518951416,0.020325008779764175,0.026000719517469406,1.0084271430969238,0.4999440014362335,-0.00622386092124408,37.61762295456218,3.7949764728546143,5.420567035675049,-7.323471546173096,0.022272886708378792,-0.6984634399414062,-0.011657051742076874,0.14589405059814453,8.340596199035645,2.702205181121826,1727.2196044921875,3380.88427734375,1.449142575263977,0.02431202121078968,0.24722060561180115,0.10060213506221771,0.1675775796175003,0.1018029972910881,0.06686612963676453,0.056086216121912,0.048408374190330505,0.04141363501548767,0.031922515481710434,0.012205885723233223
213,Serban Ghenea,Choose Your Fighter,-8.931019,-7.5593696,-6.991312026977539,2.536691665649414,0.02827446348965168,-0.013765738345682621,-0.2649703025817871,0.5000104904174805,-0.030109123608391363,7.294781400495962,3.415792226791382,3.844773530960083,-6.824669361114502,-0.012089338153600693,-0.5956504344940186,-0.010834692977368832,0.1321055144071579,8.282331466674805,2.7902212142944336,1127.1763916015625,2605.9052734375,1.5756570100784302,0.02316989377140999,0.30057916045188904,0.11241308599710464,0.20645733177661896,0.15235817432403564,0.12584836781024933,0.10135240107774734,0.09070270508527756,0.0658319890499115,0.05106230452656746,0.01461239717900753
214,Serban Ghenea,Alone - Tommie Sunshine & On Deck Remix,-10.614591,-10.056556,-8.490229606628418,6.057938575744629,0.02405880205333233,-0.07374636083841324,0.6565353870391846,0.5001218914985657,-0.00031319543883678375,23.47254384881697,3.9242970943450928,4.755700588226318,-6.9525556564331055,-5.32968551851809e-05,-0.6032613515853882,-0.006057391874492168,0.14097130298614502,8.160253524780273,4.0515971183776855,1702.49365234375,3340.984375,1.5903738737106323,0.02274182066321373,0.2665034830570221,0.08866175264120102,0.19053219258785248,0.11892251670360565,0.08218095451593399,0.0718783289194107,0.061837561428546906,0.05352487415075302,0.04015732556581497,0.014945349656045437
215,Serban Ghenea,Sad In The Summer (feat. Lily Rose) (MAKJ Remix),-10.569606,-8.62503,-8.085078239440918,3.8690638542175293,0.024786071851849556,0.016092021018266678,-0.10274577140808105,0.5010243654251099,0.0007503036255464946,14.570306959922705,3.4965615272521973,4.344009876251221,-7.592658519744873,-0.01812765747308731,-0.6123907566070557,-0.0026252958923578262,0.14137426018714905,8.540685653686523,2.4945502281188965,1294.0789794921875,3090.43017578125,1.3907591104507446,0.024290792644023895,0.29356807470321655,0.09098948538303375,0.2124635875225067,0.14853475987911224,0.10570758581161499,0.0806509479880333,0.07007082551717758,0.059837453067302704,0.04872840270400047,0.017943963408470154
216,Serban Ghenea,Montana Sky,-12.3115835,-10.8512745,-8.320684432983398,4.8948655128479,0.01609732210636139,-0.024821704253554344,1.4213829040527344,0.5000938773155212,0.023553490939920697,8.025608677732665,3.98640513420105,5.031564235687256,-6.979791164398193,0.007890845648944378,-0.5834891200065613,0.000370974448742345,0.12348875403404236,8.295919418334961,3.7886199951171875,1524.7393798828125,2900.125244140625,1.7041041851043701,0.018844928592443466,0.12875673174858093,0.05300087109208107,0.11489992588758469,0.1341036856174469,0.12616293132305145,0.10723719000816345,0.08539383858442307,0.06472643464803696,0.038481470197439194,0.012637131847441196
217,Serban Ghenea,Without You (feat. Elle King),-16.146055,-12.280976,-10.77554702758789,8.92832088470459,0.011752303689718246,0.02273181453347206,2.520235061645508,0.4999178946018219,0.09584191661762592,9.96822789958633,3.9239614009857178,5.6250786781311035,-6.940472602844238,-0.2013256847858429,-0.7383561730384827,0.07038965076208115,0.08840662240982056,7.82412576675415,12.1488676071167,1082.6083984375,1878.044921875,2.730147361755371,0.014503215439617634,0.1309882253408432,0.05183969438076019,0.0967436283826828,0.10885375738143921,0.10288490355014801,0.0926838144659996,0.06064321845769882,0.040498655289411545,0.021495776250958443,0.004517453722655773
218,Serban Ghenea,Wings,-11.763965,-10.7651205,-8.779447555541992,6.541662693023682,0.015418456867337227,-0.020801372826099396,0.7713987827301025,0.500051736831665,-0.011197590505158943,7.709160880914924,3.7270278930664062,4.646102428436279,-6.985701084136963,0.05336645245552063,-0.6186384558677673,0.008002996444702148,0.10298319160938263,7.883750915527344,14.563746452331543,1013.7093505859375,2168.6767578125,2.482966423034668,0.017470236867666245,0.17660623788833618,0.07406032085418701,0.12908978760242462,0.1301601678133011,0.11636419594287872,0.09726179391145706,0.07227020710706711,0.05715782940387726,0.033010903745889664,0.011119981296360493
219,Serban Ghenea,unbelievable (feat. Ayra Starr),-13.324936,-10.396053,-8.665749549865723,3.9514341354370117,0.01926695741713047,0.03232835605740547,1.0722122192382812,0.5000492930412292,-0.0017295938338303188,15.43529463620415,3.628244161605835,4.807526588439941,-8.109701156616211,0.02820366621017456,-0.6857094764709473,0.013947940431535244,0.15841589868068695,8.328933715820312,6.596971035003662,1437.0621337890625,3524.296630859375,1.4558733701705933,0.02765088714659214,0.20198743045330048,0.10116065293550491,0.16659574210643768,0.13306890428066254,0.08965682238340378,0.06348082423210144,0.051513511687517166,0.042254488915205,0.037469424307346344,0.015531666576862335
220,Serban Ghenea,Price Tag - Sped Up,-21.30699,-14.8475485,-8.298497200012207,4.5512166023254395,0.017166990786790848,0.007098034489899874,1.0281968116760254,0.4999709725379944,-0.009708816335390778,17.077572425652583,4.0773725509643555,4.854313373565674,-9.090656280517578,-0.03605421632528305,-0.7383590340614319,-0.013437054120004177,0.17644716799259186,8.860729217529297,1.2666655778884888,3082.55126953125,5179.9794921875,1.2498093843460083,0.030446773394942284,0.17546871304512024,0.0820649117231369,0.13440503180027008,0.1313488632440567,0.09825728088617325,0.09499645233154297,0.09150093793869019,0.07487604022026062,0.059220608323812485,0.017142856493592262
221,Serban Ghenea,Alone - 2.0,-9.521145,-8.574187,-8.239080429077148,3.2673158645629883,0.0241610798984766,0.005191761534661055,0.6996645927429199,0.5000590682029724,0.019247780256210746,8.481249830756543,3.6164965629577637,4.336663722991943,-6.966553688049316,-0.034947630017995834,-0.5125243663787842,-0.019781410694122314,0.12756392359733582,8.037797927856445,10.919848442077637,1306.790771484375,2922.031494140625,1.9145461320877075,0.022322289645671844,0.26908090710639954,0.09620248526334763,0.18121029436588287,0.11944949626922607,0.09766725450754166,0.08784995228052139,0.07383902370929718,0.059212107211351395,0.04361596331000328,0.013436953537166119
222,Serban Ghenea,Lose Control,-11.080116,-10.081884,-8.637341499328613,9.529706954956055,0.015855731442570686,0.03776846081018448,1.0745115280151367,0.500021755695343,0.023551026649426727,5.365723516820807,3.908076047897339,5.401827812194824,-6.945026874542236,-0.03660126030445099,-0.5470999479293823,0.015633177012205124,0.10577153414487839,8.06641960144043,15.682608604431152,1190.458740234375,2496.931640625,2.471484422683716,0.016612127423286438,0.14833877980709076,0.06053886190056801,0.12278123944997787,0.12475791573524475,0.13151133060455322,0.11438225954771042,0.08088498562574387,0.05530406907200813,0.03616752102971077,0.0110370684415102
223,Serban Ghenea,Odyssey,-7.369483,-6.954467,-6.823655128479004,2.5667099952697754,0.02638320066034794,-0.0015685571124777198,0.4963099956512451,0.5001119375228882,-0.03774486647450614,8.873006795068767,3.744506597518921,4.212710857391357,-6.749789237976074,0.07984120398759842,-0.5646055936813354,0.009976470842957497,0.12744955718517303,8.456899642944336,4.27768087387085,1483.3092041015625,3291.69775390625,1.666087031364441,0.01880613900721073,0.2037089318037033,0.08045285940170288,0.18451665341854095,0.17941688001155853,0.13448111712932587,0.12615399062633514,0.09288456290960312,0.0801575556397438,0.05726606026291847,0.016909252852201462
224,Serban Ghenea,Stars - Close Counters Remix,-9.5218,-9.291813,-9.04443073272705,4.376227378845215,0.020734243094921112,-0.03157395124435425,0.7676289081573486,0.5000681281089783,-0.0032376069160423527,20.25045641888772,4.533279895782471,5.964691162109375,-6.830747127532959,0.025768497958779335,-0.6044617891311646,0.0011815590551123023,0.14954978227615356,8.32936954498291,2.3009512424468994,2028.2926025390625,3514.507080078125,1.390315055847168,0.02526840753853321,0.2247297167778015,0.08337695896625519,0.1597212553024292,0.1356167197227478,0.09688886255025864,0.07099604606628418,0.05259279906749725,0.040773067623376846,0.0329427644610405,0.014398089610040188
225,Serban Ghenea,Baby Don't Hurt Me (feat. Anne-Marie & Coi Leray) - Robin Schulz Remix,-7.2749224,-7.095042,-6.890645503997803,3.4056544303894043,0.022445030510425568,-0.018929215148091316,-0.0702199935913086,0.5000101923942566,-0.01257444899129235,3.0925737859077573,3.6377053260803223,4.192935466766357,-6.537289142608643,-0.010946065187454224,-0.4256499409675598,-0.013525380752980709,0.12012778967618942,8.372434616088867,6.211363315582275,1015.5801391601562,2525.399169921875,1.855717658996582,0.022060908377170563,0.24798573553562164,0.09060652554035187,0.1706099659204483,0.14449353516101837,0.13041308522224426,0.11078532785177231,0.0953477993607521,0.06656861305236816,0.04344014823436737,0.014906447380781174
226,Serban Ghenea,Summer In The Hamptons,-14.437042,-10.076714,-8.280630111694336,5.296788692474365,0.016522405669093132,-0.031561143696308136,0.709944486618042,0.5000982284545898,-0.002406766816433895,5.291959703420768,3.749913215637207,5.140732765197754,-6.998342037200928,0.009756805375218391,-0.5179933905601501,0.002130504697561264,0.11329672485589981,8.136908531188965,5.574565410614014,1410.06787109375,2637.18505859375,2.000032663345337,0.018524644896388054,0.16118183732032776,0.08661836385726929,0.12923137843608856,0.12134391069412231,0.12424567341804504,0.11154577136039734,0.08277492970228195,0.05348755791783333,0.031318023800849915,0.009805728681385517
227,Serban Ghenea,Alone - Instrumental,-13.373134,-11.979668,-11.329477310180664,5.888896942138672,0.01673443801701069,-0.17312055826187134,0.6117241382598877,0.5002126693725586,-0.006363806336858179,20.573088792247734,3.225172758102417,4.323195457458496,-6.958498954772949,0.0009258929057978094,-0.5544375777244568,-0.008376684039831161,0.08428776264190674,7.073289394378662,45.23346710205078,525.97998046875,1301.722900390625,3.974543333053589,0.01723613031208515,0.27919620275497437,0.12922607362270355,0.1466042548418045,0.0958283320069313,0.07064414769411087,0.0573582798242569,0.04011976718902588,0.02827480249106884,0.0195037629455328,0.006049414165318012
228,Serban Ghenea,Baby Don't Hurt Me (feat. Anne-Marie & Coi Leray) - Joel Corry Remix Extended,-8.683144,-8.455489,-7.447613716125488,8.598915100097656,0.03397033363580704,0.08008800446987152,-0.0701441764831543,0.49969393014907837,0.0017456310610001861,31.169719362870545,3.919508457183838,4.665351867675781,-6.96286678314209,-0.015697093680500984,-0.6551350951194763,0.006135202944278717,0.14486604928970337,8.46739387512207,2.7888338565826416,1901.2730712890625,3412.10302734375,1.5161160230636597,0.023802733048796654,0.3621026575565338,0.14201587438583374,0.19306817650794983,0.13151398301124573,0.09655628353357315,0.07885105162858963,0.08397506922483444,0.06679745018482208,0.05145401507616043,0.01900479756295681
229,Serban Ghenea,skip this part,-10.073165,-9.013693,-8.163204193115234,7.1277756690979,0.01648934744298458,-0.021833350881934166,0.5035574436187744,0.5000665783882141,-0.015863078089998726,3.965399543294254,3.605231523513794,4.467267036437988,-6.919634819030762,0.021921515464782715,-0.5312250852584839,0.0036467809695750475,0.11608298122882843,8.137667655944824,10.847328186035156,1350.2138671875,2608.95849609375,2.2230868339538574,0.02019355073571205,0.16839894652366638,0.07379575818777084,0.12311693280935287,0.1254146546125412,0.12231765687465668,0.11505106836557388,0.10361545532941818,0.06434513628482819,0.04246075823903084,0.012050874531269073
230,Serban Ghenea,shelter,-16.404728,-15.136314,-14.048011779785156,5.608373641967773,0.005826644133776426,-0.005139604210853577,1.950610637664795,0.4999982714653015,0.010792720333035752,10.645913270768524,4.220954418182373,7.308291435241699,-6.871094226837158,-0.012216259725391865,-0.6079891324043274,0.006929035764187574,0.15997406840324402,8.647966384887695,0.7138277292251587,1669.35400390625,3714.2529296875,1.1448742151260376,0.02842562273144722,0.14433211088180542,0.07275354117155075,0.06924159824848175,0.055177025496959686,0.0579904243350029,0.046496495604515076,0.0421040877699852,0.03400697186589241,0.028455521911382675,0.00932890921831131
231,Serban Ghenea,it couldve been u,-10.406309,-8.70893,-8.4049072265625,3.992392063140869,0.018177619203925133,-0.07064905017614365,0.7541806697845459,0.5003759264945984,-0.011470702097131446,4.930792212033419,3.908499002456665,4.951282501220703,-7.056171417236328,-0.029421668499708176,-0.4968772232532501,-0.02665184624493122,0.14164085686206818,8.404289245605469,4.805946350097656,1476.6513671875,3225.0634765625,1.5361902713775635,0.02434392459690571,0.20004968345165253,0.078333280980587,0.15305092930793762,0.15385492146015167,0.11594249308109283,0.09039176255464554,0.06182010471820831,0.05197034031152725,0.044293105602264404,0.01513693854212761
232,Serban Ghenea,Dance The Night,-11.426864,-10.445557,-7.9904046058654785,11.671087265014648,0.016164997592568398,0.01016739197075367,1.0034265518188477,0.49985548853874207,-0.006201922974212304,5.387707456989585,4.1232404708862305,6.017881870269775,-6.670729160308838,0.03136620670557022,-0.5147290229797363,0.0038341153413057327,0.14191482961177826,8.662008285522461,2.346639394760132,1627.5745849609375,3712.260498046875,1.442091464996338,0.023956242948770523,0.18438950181007385,0.0741589367389679,0.1297593116760254,0.1224868968129158,0.10745760053396225,0.08857598155736923,0.07435297220945358,0.06140803173184395,0.04797489568591118,0.016847729682922363
233,Serban Ghenea,In The Stars - Xander Deep House Remix,-9.716707,-9.048344,-7.477700233459473,4.341127872467041,0.025811009109020233,-0.019826270639896393,0.23980712890625,0.5002609491348267,-0.009656061682114763,8.641464933491166,3.6921510696411133,4.2602362632751465,-6.684364318847656,-0.03225977346301079,-0.567991316318512,0.00407679146155715,0.13777245581150055,8.24625301361084,6.118201732635498,1819.0791015625,3449.125732421875,1.8034840822219849,0.022905247285962105,0.27625343203544617,0.09186273068189621,0.1644437462091446,0.13038714230060577,0.12405167520046234,0.10898736119270325,0.0774649903178215,0.06109311059117317,0.046694569289684296,0.018905868753790855
234,Serban Ghenea,missin u,-11.596117,-10.923639,-9.896636009216309,7.759366989135742,0.012259384617209435,0.03874468803405762,1.0402932167053223,0.5000479817390442,0.0045061872628590505,4.188796933880973,4.349020004272461,5.348912239074707,-7.08521032333374,-0.02548830397427082,-0.5136945843696594,-0.005779256112873554,0.15444523096084595,8.471790313720703,2.3635072708129883,1535.066650390625,3784.404296875,1.363510251045227,0.02750273607671261,0.17170701920986176,0.056734222918748856,0.11082808673381805,0.09080079197883606,0.09308789670467377,0.08310122042894363,0.06863339245319366,0.04979332163929939,0.0397406630218029,0.01407783292233944
235,Serban Ghenea,i hate love (feat. Steve Martin),-10.720697,-9.453087,-8.549676895141602,5.446728706359863,0.01882203482091427,-0.04405820369720459,0.7455422878265381,0.5001800060272217,0.003257990204861433,9.484351226984582,3.7764179706573486,5.070614814758301,-6.714225769042969,0.007985744625329971,-0.5748451352119446,0.0022479258477687836,0.14571374654769897,8.485146522521973,596.0092163085938,1376.534423828125,3079.4091796875,2.0524330139160156,0.025565054267644882,0.21930520236492157,0.11418069154024124,0.14795538783073425,0.11954060941934586,0.09479065239429474,0.08976161479949951,0.08471070230007172,0.05910361185669899,0.04366176575422287,0.014494151808321476
236,Serban Ghenea,Baby Don't Hurt Me (feat. Anne-Marie & Coi Leray) - Joel Corry Remix,-14.009249,-8.851617,-6.51814603805542,3.185821056365967,0.027310041710734367,-0.011365941725671291,-0.23416781425476074,0.5000439286231995,-0.00686043549454282,7.630795196812006,3.3664374351501465,4.253594875335693,-6.908770561218262,0.016349921002984047,-0.5260102152824402,0.005894144997000694,0.1399819552898407,8.587607383728027,2.6397876739501953,1727.13427734375,3642.81787109375,1.4825385808944702,0.02262413688004017,0.2725810110569,0.09858770668506622,0.19594046473503113,0.14886952936649323,0.13016605377197266,0.11354447901248932,0.11411814391613007,0.08376134932041168,0.0619102343916893,0.018986009061336517
237,Serban Ghenea,Alone - Sped Up,-11.203858,-9.986939,-9.574070930480957,3.587312698364258,0.017597246915102005,-0.12987615168094635,0.4003005027770996,0.5002233982086182,-0.002690455338517232,15.319654023096568,3.7673847675323486,4.47622537612915,-6.852281093597412,-0.020251477137207985,-0.59238600730896,-0.00039481467683799565,0.13695956766605377,8.165114402770996,10.103763580322266,1350.412353515625,3005.957763671875,1.8435382843017578,0.02641783095896244,0.24438221752643585,0.11545906960964203,0.15214669704437256,0.10385757684707642,0.08516009151935577,0.08765875548124313,0.07396550476551056,0.0607622005045414,0.04366355016827583,0.012670029886066914
238,Serban Ghenea,In The Stars - Sped Up,-11.358144,-9.292394,-7.695977210998535,9.740974426269531,0.015613569878041744,0.046971313655376434,0.8957133293151855,0.5000469088554382,0.02183961607919541,3.1198368148611144,3.7968590259552,5.436110019683838,-6.761476993560791,0.009329509921371937,-0.5612682104110718,0.012600247748196125,0.11183291673660278,7.985133171081543,7.754701137542725,1439.174072265625,2549.22705078125,2.270089864730835,0.019824253395199776,0.15623651444911957,0.05115288123488426,0.11877530068159103,0.10901471972465515,0.12910348176956177,0.11119024455547333,0.09866024553775787,0.06975740194320679,0.03767390176653862,0.009380613453686237
239,Serban Ghenea,Miracle,-13.5026865,-11.277812,-8.577593803405762,8.242027282714844,0.01671000011265278,-0.026698481291532516,1.4448022842407227,0.5001018047332764,-0.000666044714398195,13.55827869496344,4.1298747062683105,5.242365837097168,-6.832374095916748,0.012263034470379353,-0.43064451217651367,-0.022199727594852448,0.11895192414522171,8.238970756530762,4.599470138549805,1642.5792236328125,3040.7685546875,1.7389450073242188,0.016792183741927147,0.1454678475856781,0.07058707624673843,0.12288839370012283,0.1219453439116478,0.10043586045503616,0.09941652417182922,0.07565425336360931,0.06038970127701759,0.03675122931599617,0.010687945410609245
240,Serban Ghenea,lighthouse,-57.292816,-54.119114,-18.457382202148438,17.17231559753418,0.0010830573737621307,0.01032482273876667,2.1179890632629395,0.5000087022781372,-0.011584913502947724,7.415426058429687,3.8093316555023193,5.656044006347656,-7.579509735107422,-0.025181319564580917,-0.6749488115310669,-0.005832592956721783,0.17976409196853638,8.776408195495605,2.5239694118499756,4096.88818359375,5927.0302734375,1.3759022951126099,0.02812783792614937,0.02729242481291294,0.009682497940957546,0.02272857166826725,0.030637046322226524,0.03169962763786316,0.028195545077323914,0.022994987666606903,0.016497211530804634,0.011949600651860237,0.0038355388678610325
241,Serban Ghenea,Baby Don't Hurt Me (feat. Anne-Marie & Coi Leray) - Sofi Tukker RemixExtended Remix,-12.268055,-11.622755,-10.035979270935059,9.302667617797852,0.014249641448259354,-0.007089586462825537,2.3295602798461914,0.4999944865703583,-0.01324151967573204,11.30435776033848,4.640537738800049,7.473091125488281,-6.682885646820068,0.02786301262676716,-0.5130727887153625,-0.005345108453184366,0.11063802242279053,8.161430358886719,11.070788383483887,1549.228271484375,2841.744140625,2.2713470458984375,0.015911245718598366,0.16679991781711578,0.0512738935649395,0.11369170248508453,0.09153132885694504,0.07216381281614304,0.06618130952119827,0.055077869445085526,0.04345660284161568,0.028815390542149544,0.009718014858663082
242,Serban Ghenea,"Be Who You Are (feat. JID, NewJeans & Camilo)",-20.452671,-19.46799,-16.431018829345703,13.28766918182373,0.00241061020642519,0.050238218158483505,1.8813881874084473,0.500697135925293,0.004510642359004712,6.392162983425852,4.206032752990723,6.667943954467773,-6.692336559295654,-0.02112729474902153,-0.537798285484314,-0.01265727449208498,0.13679739832878113,8.417268753051758,3.7274277210235596,1667.4619140625,3123.070556640625,1.6390928030014038,0.023544222116470337,0.06700369715690613,0.03282275050878525,0.04746988043189049,0.0434204526245594,0.03610509634017944,0.03269481286406517,0.029936350882053375,0.02259179763495922,0.015681995078921318,0.005124789662659168
243,Serban Ghenea,young gun (feat. Jon Bellion),-14.9924345,-12.4975195,-11.269850730895996,7.356928825378418,0.01082453690469265,-0.030605146661400795,0.741234540939331,0.5000545382499695,-0.07782565322280525,10.060322596406433,3.4873931407928467,4.88913106918335,-7.995635032653809,0.16413772106170654,-0.7890233397483826,-0.10461433976888657,0.09999361634254456,6.8731255531311035,79.60737609863281,851.7067260742188,1474.350830078125,5.227212429046631,0.021066591143608093,0.12620119750499725,0.04437638446688652,0.12536732852458954,0.11868886649608612,0.12300446629524231,0.07237020879983902,0.04281177744269371,0.025966254994273186,0.0192143302410841,0.006740654818713665
244,Serban Ghenea,Vacation Eyes,-12.053333,-10.521394,-8.090619087219238,3.816591262817383,0.019591044634580612,-0.0003473208053037524,0.5018017292022705,0.5000743865966797,0.0021469645023415524,6.997284086310835,3.5807788372039795,4.534300327301025,-6.783601760864258,0.15792593359947205,-0.485064834356308,0.06032273545861244,0.09849865734577179,7.648221969604492,10.24619197845459,877.5478515625,1773.9266357421875,2.327897787094116,0.01592511124908924,0.18935856223106384,0.10083233565092087,0.15598425269126892,0.15136580169200897,0.10495114326477051,0.07744637131690979,0.05881189554929733,0.04358241707086563,0.025392290204763412,0.008077805861830711
245,Serban Ghenea,Baby Don't Hurt Me (feat. Anne-Marie & Coi Leray) - ozone & Diagnostix,-8.97261,-8.423673,-7.540310382843018,6.974038600921631,0.028632713481783867,-0.0300345029681921,0.30608630180358887,0.4994982182979584,-0.0012870546525236908,34.95941990259887,3.6980364322662354,4.2281317710876465,-7.092193603515625,0.007851866073906422,-0.6825477480888367,0.0027222263161092997,0.15432536602020264,8.660608291625977,3.0280537605285645,2169.89453125,4141.89208984375,1.4146114587783813,0.024824175983667374,0.2838860750198364,0.10969916731119156,0.1555929332971573,0.13136662542819977,0.11282526701688766,0.0970800593495369,0.0855545923113823,0.07109585404396057,0.05773254483938217,0.021875225007534027
246,Serban Ghenea,2 die 4 (feat. Charli XCX),-12.874308,-11.1754465,-9.057889938354492,4.912967681884766,0.02042354643344879,-0.00969549361616373,0.7263784408569336,0.5000225305557251,-0.001553001058205181,14.726244170011029,3.5649476051330566,5.185829162597656,-8.083306312561035,0.009990867227315903,-0.8055747747421265,0.0057542226277291775,0.12116939574480057,7.78883695602417,27.64738655090332,1021.5706176757812,2223.483642578125,2.7548391819000244,0.022229518741369247,0.23722323775291443,0.11309224367141724,0.11854957789182663,0.1271226406097412,0.1219186931848526,0.09669699519872665,0.07026808708906174,0.045289188623428345,0.033191978931427,0.012571107596158981
247,Serban Ghenea,Alone - A Cappell,-16.04125,-14.271236,-13.446741104125977,3.261716842651367,0.0035132593475282192,-0.018315810710191727,1.662369728088379,0.5001117587089539,-0.008932343364529966,6.144961744702977,4.716263771057129,7.1539483070373535,-6.842132568359375,0.009827504865825176,-0.6419593691825867,0.0038323022890836,0.1670905202627182,8.358437538146973,4.008077144622803,3076.86767578125,5039.03662109375,1.356326937675476,0.02096712961792946,0.037486083805561066,0.0013670956250280142,0.020608611404895782,0.041456446051597595,0.05900094285607338,0.06377977877855301,0.058855608105659485,0.048635974526405334,0.035290349274873734,0.01029747724533081
248,Serban Ghenea,Sail Away,-10.793388,-9.345363,-8.522767066955566,3.5545854568481445,0.018342137336730957,0.01035319734364748,0.773606538772583,0.500072181224823,2.3827197486694103e-05,9.043436874718468,3.8686156272888184,4.793130874633789,-6.842800140380859,-0.009921122342348099,-0.6639215350151062,0.007294345647096634,0.12926574051380157,8.182615280151367,5.558587551116943,1254.03564453125,2647.08837890625,1.7557873725891113,0.022945567965507507,0.16255123913288116,0.06562506407499313,0.13451996445655823,0.13639195263385773,0.14167116582393646,0.11303937435150146,0.07819637656211853,0.05587931349873543,0.03654995933175087,0.013235960155725479
249,Serban Ghenea,magic,-11.19929,-9.93839,-8.861634254455566,7.076871871948242,0.015357153490185738,0.0489804744720459,0.2300577163696289,0.4998813271522522,0.013877159022021192,4.409931203952614,3.6140241622924805,4.521833419799805,-6.872913837432861,0.002303243149071932,-0.5286985635757446,0.0022447421215474606,0.1397387981414795,8.358336448669434,1.8470814228057861,1353.23779296875,2751.962890625,1.4284000396728516,0.024440033361315727,0.2091512382030487,0.08597709983587265,0.12949994206428528,0.10025250166654587,0.10648051649332047,0.1057664081454277,0.08095397055149078,0.058023273944854736,0.040231700986623764,0.012865900993347168
250,Serban Ghenea,Liar Liar (Feat. Bastille),-11.570488,-10.934549,-10.240281105041504,5.618264198303223,0.00977122038602829,-0.0008213886176235974,0.6069209575653076,0.4999975860118866,0.005589577951685001,3.814085892987774,3.9047975540161133,4.819343566894531,-6.593811511993408,-0.00842064619064331,-0.4498615264892578,-0.003704118076711893,0.13133598864078522,8.578766822814941,3.146019697189331,1494.392333984375,3212.0546875,1.645626187324524,0.023086270317435265,0.14281226694583893,0.06456567347049713,0.10824470967054367,0.09586399048566818,0.09176070243120193,0.08081600815057755,0.07349253445863724,0.05674232169985771,0.03818680718541145,0.012072249315679073
251,Serban Ghenea,Stars - Jaded Remix,-10.392713,-9.768565,-8.13638973236084,8.52015495300293,0.02172037772834301,0.10249242931604385,0.7208378314971924,0.4998854398727417,0.025516833900343736,5.341554781363597,3.685248851776123,4.281805038452148,-6.553961753845215,-0.045127734541893005,-0.43383491039276123,-0.00789585243910551,0.13237233459949493,8.45079231262207,3.3283488750457764,1260.763427734375,3069.14111328125,1.6031996011734009,0.02319979853928089,0.24462561309337616,0.10171328485012054,0.1516944020986557,0.1225566640496254,0.10730380564928055,0.0891055092215538,0.06865428388118744,0.05201318487524986,0.03746204823255539,0.014037332497537136
252,Serban Ghenea,Over The Moon,-13.971145,-12.284914,-9.486713409423828,7.0841546058654785,0.0114019475877285,0.0034751349594444036,1.7838406562805176,0.500071108341217,-0.008145124061831878,4.843544771582299,4.657501697540283,7.12288761138916,-7.4378485679626465,0.03910359740257263,-0.5382405519485474,0.019106745719909668,0.14840786159038544,8.616069793701172,4.078329086303711,2014.9600830078125,3867.05078125,1.5119080543518066,0.024399086833000183,0.14042453467845917,0.0653049647808075,0.107613205909729,0.08521558344364166,0.08061588555574417,0.07249484211206436,0.06541844457387924,0.05254464969038963,0.03714447095990181,0.012795655988156796
253,Serban Ghenea,Never Ending Song,-17.95948,-13.6368265,-10.48367691040039,11.964042663574219,0.009916668757796288,-0.04303142800927162,1.7121529579162598,0.5000277757644653,-0.0011503174985786927,6.282871534299657,3.9133665561676025,5.453785419464111,-6.71307373046875,0.003379512345418334,-0.49793800711631775,0.0004617887025233358,0.12036379426717758,8.473827362060547,6.24662446975708,1734.60986328125,3267.046142578125,1.925221562385559,0.01807422749698162,0.13967084884643555,0.0634399875998497,0.10033512860536575,0.08738578855991364,0.07885804772377014,0.06509007513523102,0.05593528226017952,0.04352226480841637,0.028901051729917526,0.008738682605326176
254,Serban Ghenea,My City,-9.729248,-8.591204,-7.331122398376465,4.851378917694092,0.030392151325941086,-0.028042852878570557,-0.0824592113494873,0.4999421536922455,-0.0028458015117600356,8.213356464187221,3.317023277282715,3.9865832328796387,-6.900106430053711,0.0011965575395151973,-0.5413098335266113,-0.005664215888828039,0.10711614787578583,8.061929702758789,6.349179744720459,1060.7589111328125,2123.266845703125,2.064241886138916,0.01771528273820877,0.34108397364616394,0.15253673493862152,0.17681902647018433,0.14649832248687744,0.13664861023426056,0.12177811563014984,0.0821722149848938,0.0599483884871006,0.038954172283411026,0.011871177703142166
255,Serban Ghenea,cut,-12.121633,-11.211083,-9.187864303588867,10.233207702636719,0.01361252460628748,0.011286018416285515,1.469606876373291,0.5000491738319397,0.0037422608341019063,5.097360024041869,4.306267738342285,5.467127323150635,-7.24418306350708,0.009109703823924065,-0.6320865154266357,0.006367131602019072,0.16780221462249756,8.501940727233887,17.918060302734375,2277.214599609375,4706.9560546875,1.8972363471984863,0.02828218601644039,0.16747638583183289,0.06746570020914078,0.11254119873046875,0.10177332162857056,0.10022249072790146,0.07166554778814316,0.05806700140237808,0.04862861707806587,0.04757886752486229,0.01894839107990265
256,Serban Ghenea,Middle Ground,-15.05564,-10.919847,-7.856707572937012,7.9398040771484375,0.018942033872008324,0.008597307838499546,0.7150230407714844,0.5000004172325134,-0.009142797905866697,7.122933463957409,3.5849273204803467,4.752666473388672,-6.813074588775635,-0.007778703700751066,-0.6417734026908875,-0.02082168683409691,0.09358257055282593,7.686199188232422,8.070920944213867,1307.861328125,1961.8564453125,2.4728307723999023,0.01581382192671299,0.16218258440494537,0.07027940452098846,0.12424759566783905,0.12828120589256287,0.15277020633220673,0.13408347964286804,0.10688792169094086,0.061488907784223557,0.03010442666709423,0.006353798788040876
257,Serban Ghenea,I got it bad,-8.401783,-7.734682,-7.548440933227539,3.2004990577697754,0.01816009171307087,0.016442222520709038,0.7150866985321045,0.5000638961791992,-0.03506993447263504,2.6100523975951013,3.8974344730377197,4.851047992706299,-6.782853603363037,-0.01795741356909275,-0.4211348295211792,-0.004279418382793665,0.14855211973190308,8.663732528686523,1.2208343744277954,1407.1080322265625,3769.215087890625,1.2344025373458862,0.02546338550746441,0.1977587640285492,0.09178215265274048,0.14885388314723969,0.1320773810148239,0.11926707625389099,0.0978076383471489,0.0870179608464241,0.06456182897090912,0.05409485101699829,0.018576499074697495
258,Serban Ghenea,Alone - DallasK Remix,-7.256372,-6.6738877,-6.513171195983887,2.209657669067383,0.024503057822585106,-0.012090839445590973,0.13230419158935547,0.5000047087669373,0.007524915737806825,5.373855305946879,3.7882256507873535,4.156426906585693,-6.643468379974365,-0.012137063778936863,-0.5092878937721252,-0.004302102606743574,0.15453389286994934,8.532854080200195,7.982067108154297,2170.85009765625,4425.27685546875,1.550933599472046,0.024985725060105324,0.2540488541126251,0.09876499325037003,0.16909025609493256,0.1375717967748642,0.12481106072664261,0.12108605355024338,0.1074405089020729,0.09286506474018097,0.07077666372060776,0.024535607546567917
259,Serban Ghenea,mpire,-14.399151,-13.450933,-10.091460227966309,11.242402076721191,0.009327882900834084,-0.00672651594504714,1.793287754058838,0.4999483823776245,0.028777563865168394,5.332771882056086,4.062534809112549,5.468267440795898,-6.7663092613220215,-0.07549216598272324,-0.5514915585517883,0.009001716040074825,0.12488722801208496,8.280080795288086,5.783648490905762,1667.617431640625,2961.72802734375,1.96825110912323,0.020189186558127403,0.10797208547592163,0.03901132196187973,0.08131816983222961,0.09162026643753052,0.08513259887695312,0.08146610856056213,0.06520535051822662,0.04941216856241226,0.030520878732204437,0.008747671730816364
260,Serban Ghenea,chemistry,-11.804508,-10.399789,-8.870702743530273,5.314052581787109,0.018106447532773018,0.02011498063802719,0.3993682861328125,0.5000755786895752,-0.0028966665844780666,11.480575403415312,3.3638296127319336,4.502442359924316,-7.2988080978393555,0.018654175102710724,-0.633632481098175,-0.0012146709486842155,0.12027769535779953,7.73860502243042,6.148501873016357,898.7528686523438,1798.92431640625,1.9475834369659424,0.023741932585835457,0.19521589577198029,0.09195547550916672,0.1552804708480835,0.1367945373058319,0.11712027341127396,0.09678594768047333,0.06672564893960953,0.038983963429927826,0.026825733482837677,0.0086877616122365
261,Serban Ghenea,red flag collector,-56.272022,-52.993855,-14.584156036376953,10.671014785766602,0.002859313739463687,0.0359620563685894,1.9762277603149414,0.49999743700027466,-0.002197787852162589,6.265447204511486,3.807722568511963,5.634292125701904,-7.204020977020264,0.0367550253868103,-0.5327270030975342,0.017651205882430077,0.18825964629650116,9.056963920593262,2.1498076915740967,4381.4912109375,6360.513671875,1.3171937465667725,0.029266206547617912,0.058390725404024124,0.025559430941939354,0.04573675990104675,0.04400106891989708,0.042925313115119934,0.040753960609436035,0.03891588747501373,0.029260000213980675,0.020425032824277878,0.006196503061801195
262,Serban Ghenea,Baby Don't Hurt Me (feat. Anne-Marie & Coi Leray) - Sofi Tukker Remix,-14.009249,-8.851617,-6.51814603805542,3.185821056365967,0.027310041710734367,-0.011365941725671291,-0.23416781425476074,0.5000439286231995,-0.00686043549454282,7.630795196812006,3.3664374351501465,4.253594875335693,-6.908770561218262,0.016349921002984047,-0.5260102152824402,0.005894144997000694,0.1399819552898407,8.587607383728027,2.6397876739501953,1727.13427734375,3642.81787109375,1.4825385808944702,0.02262413688004017,0.2725810110569,0.09858770668506622,0.19594046473503113,0.14886952936649323,0.13016605377197266,0.11354447901248932,0.11411814391613007,0.08376134932041168,0.0619102343916893,0.018986009061336517
263,Serban Ghenea,Euphoria (Solomun Remix) - Extended,-8.312472,-7.8150907,-7.390660285949707,5.1123151779174805,0.03633812814950943,0.07914964854717255,-0.15731453895568848,0.4996602535247803,0.0017209050480915292,18.31879401440287,3.4230809211730957,3.8701958656311035,-6.608982086181641,-0.11891156435012817,-0.4655800759792328,-0.03166266903281212,0.1610957384109497,8.433211326599121,0.9218750596046448,1231.328857421875,2922.0693359375,1.131034016609192,0.028041237965226173,0.4171399772167206,0.15135714411735535,0.2458515465259552,0.14181332290172577,0.07649224996566772,0.05126238614320755,0.04900914058089256,0.054646383970975876,0.047738730907440186,0.01964155212044716
264,Serban Ghenea,Used To Be,-11.168795,-10.107054,-8.479619979858398,9.473401069641113,0.024149641394615173,0.02008538506925106,0.6166412830352783,0.49993059039115906,-0.004461284767577679,26.57699653898606,3.856699228286743,5.000460624694824,-7.020115375518799,0.03385898843407631,-0.6523262858390808,-0.005543064791709185,0.11482491344213486,8.16602897644043,4.741247177124023,1153.3504638671875,2278.05078125,1.867324709892273,0.0189848430454731,0.26299670338630676,0.09327112883329391,0.16869133710861206,0.11458943784236908,0.10224850475788116,0.07700661569833755,0.06647846847772598,0.0498623363673687,0.03686973825097084,0.010687893256545067
265,Serban Ghenea,One in a Million,-10.513321,-9.514819,-8.271832466125488,5.954183578491211,0.017643287777900696,0.028548764064908028,0.7795531749725342,0.5000330209732056,0.03223695775074427,8.153483384014198,3.9590349197387695,4.699245452880859,-7.050726413726807,-0.026814786717295647,-0.5717340111732483,0.01635526493191719,0.15103679895401,8.900948524475098,1.895707607269287,1826.0286865234375,4095.78076171875,1.3287789821624756,0.024096541106700897,0.16977255046367645,0.060995109379291534,0.12391697615385056,0.12203317880630493,0.12183592468500137,0.13008944690227509,0.10020972043275833,0.07259662449359894,0.054368048906326294,0.018321195617318153
266,Serban Ghenea,missin u - r&b edit,-13.010882,-10.993751,-10.208538055419922,8.147761344909668,0.013403006829321384,0.007188717368990183,1.7690610885620117,0.5000689029693604,0.01194251236086463,7.800588018684221,4.090902805328369,5.831354141235352,-7.592482566833496,-0.015306997112929821,-0.5282083749771118,-0.0054879263043403625,0.18349574506282806,8.705907821655273,0.4943053126335144,2259.372314453125,5178.58642578125,0.9818059802055359,0.0329609140753746,0.1880832463502884,0.06367087364196777,0.10802354663610458,0.08594357967376709,0.086222805082798,0.0735127255320549,0.06200890243053436,0.04893171414732933,0.04542846232652664,0.0170125812292099
267,Serban Ghenea,Glad U Came - Zen Freeman & Fred Falke Remix,-11.087148,-9.957394,-9.03083324432373,4.9910783767700195,0.017824910581111908,0.06799940019845963,0.25068068504333496,0.4999040961265564,0.0017500212572928117,10.801738990891781,3.9088120460510254,4.768980026245117,-6.65058708190918,-0.04003124684095383,-0.5651322603225708,0.012740175239741802,0.1440819799900055,8.613243103027344,1.7480746507644653,1494.3543701171875,3224.5947265625,1.4378877878189087,0.026888536289334297,0.2098725438117981,0.07339482009410858,0.13853321969509125,0.12978465855121613,0.1073903739452362,0.10209422558546066,0.08543490618467331,0.05954613536596298,0.03963170945644379,0.014951138757169247
268,Serban Ghenea,favorite kind of high - David Guetta Remix,-9.605227,-8.613001,-7.754528045654297,5.242773532867432,0.018082745373249054,0.0011341298231855035,0.36670708656311035,0.5000474452972412,0.020306353982205438,4.427629086427082,3.8359737396240234,5.045049667358398,-6.586631774902344,-0.03545066714286804,-0.4493485987186432,0.00044772232649847865,0.13473713397979736,8.63601303100586,2.5630109310150146,1607.7584228515625,3339.93408203125,1.5421109199523926,0.022262366488575935,0.18645618855953217,0.07305622100830078,0.12250128388404846,0.11542028933763504,0.12033043056726456,0.11683312803506851,0.10743989795446396,0.07476895302534103,0.05079223960638046,0.014889874495565891
269,Serban Ghenea,mine,-14.93842,-11.689475,-9.295923233032227,8.92690372467041,0.014901403337717056,-0.030338851734995842,0.6973292827606201,0.5000830888748169,-0.0049166377761669135,7.0971079154111365,3.9159116744995117,4.961205959320068,-7.130905628204346,-0.03521164506673813,-0.6309933662414551,-0.005559041630476713,0.14553546905517578,8.241790771484375,3.5388290882110596,1742.4298095703125,3088.729736328125,1.5529520511627197,0.025752756744623184,0.19450294971466064,0.0843331590294838,0.12175090610980988,0.10875587165355682,0.0980244129896164,0.086372010409832,0.07326224446296692,0.050704311579465866,0.03572718799114227,0.011281478218734264
270,Serban Ghenea,Stand By Me (feat. Morgan Wallen),-9.775413,-9.085743,-8.320135116577148,6.338354587554932,0.02265823632478714,0.01228869054466486,0.5219991207122803,0.5000543594360352,0.019799218325301786,9.533146170682294,3.513984203338623,4.3056111335754395,-6.811685085296631,-0.029939211905002594,-0.5511587262153625,0.0014966016169637442,0.10819470137357712,7.927253246307373,10.137040138244629,1041.939453125,2278.621337890625,2.1107656955718994,0.018057668581604958,0.2661792039871216,0.09374456107616425,0.1847100406885147,0.12559793889522552,0.10552789270877838,0.09160338342189789,0.07139061391353607,0.05927880108356476,0.03496379777789116,0.012647900730371475
271,Serban Ghenea,American,-13.012684,-11.612427,-7.8367462158203125,11.230415344238281,0.017866583541035652,0.002390630543231964,1.0214200019836426,0.5000410676002502,0.00926945228864532,10.868710102598818,3.9719882011413574,4.925858020782471,-7.09646463394165,0.04353777691721916,-0.5823679566383362,0.0022694661747664213,0.11247526854276657,8.288788795471191,3.122598886489868,1269.076171875,2509.304443359375,1.6744428873062134,0.016781534999608994,0.1674448549747467,0.0821351706981659,0.1430898904800415,0.12227464467287064,0.11502819508314133,0.10151886940002441,0.08282676339149475,0.060964491218328476,0.038390882313251495,0.010694495402276516
272,Serban Ghenea,Stars - Jakka Remix,-12.141369,-11.343357,-9.343839645385742,9.538392066955566,0.019991189241409302,-0.019798284396529198,1.1976895332336426,0.5000009536743164,-0.0042377970589602305,12.161049048891503,3.9271228313446045,5.872468948364258,-6.627415180206299,0.01038653589785099,-0.4960702359676361,0.005975399166345596,0.13759872317314148,8.39657974243164,4.3014373779296875,1511.7960205078125,3490.050048828125,1.7046427726745605,0.025370189920067787,0.23502196371555328,0.10570333898067474,0.13284121453762054,0.09748424589633942,0.08660708367824554,0.07339075952768326,0.057506658136844635,0.04016483575105667,0.028785914182662964,0.010682394728064537
273,Serban Ghenea,Love Like This,-11.3470745,-10.813622,-10.455547332763672,4.835256576538086,0.012816069647669792,0.00263613392598927,0.33759522438049316,0.5000471472740173,0.0030459227166881324,8.020991212344144,3.632253408432007,4.800424098968506,-7.364811420440674,0.016817273572087288,-0.770848274230957,0.019536122679710388,0.1274050921201706,8.18775749206543,3.9586377143859863,1016.480224609375,2416.140869140625,1.5745114088058472,0.020998388528823853,0.1765943169593811,0.06888306140899658,0.147854283452034,0.10345970839262009,0.09646867960691452,0.08295677602291107,0.05364168807864189,0.04429863393306732,0.033615682274103165,0.01186212245374918
274,Serban Ghenea,Nothing On (But The Radio),-9.599918,-8.087942,-6.849912643432617,2.6349692344665527,0.022665679454803467,0.01115290354937315,0.7226316928863525,0.500056803226471,-0.015041850728695384,3.432474788237424,3.719719648361206,4.591222286224365,-6.957260608673096,0.05311114341020584,-0.4969587028026581,0.00808302965015173,0.13647308945655823,8.42316722869873,2145.024169921875,1571.7855224609375,3351.99267578125,3.8308281898498535,0.02300257608294487,0.2287895828485489,0.09460660815238953,0.17944468557834625,0.13773946464061737,0.11702854186296463,0.09557891637086868,0.0863310918211937,0.07104850560426712,0.055204834789037704,0.016381504014134407
275,Serban Ghenea,Red Wine Superno,-16.506027,-15.134861,-12.76562786102295,1.7034978866577148,0.006288366392254829,-0.0006543104536831379,0.4062998294830322,0.5000197291374207,5.52745265765e-06,165.64950059023647,4.082146644592285,5.139004707336426,-8.423933029174805,-0.010571095161139965,-0.5820602774620056,-0.0066761476919054985,0.15506814420223236,8.87680435180664,1.3822176456451416,2096.3701171875,4036.162841796875,1.332780361175537,0.02618255838751793,0.10573749989271164,0.03217599168419838,0.08052191883325577,0.07004563510417938,0.07077621668577194,0.07085376232862473,0.0664442926645279,0.049743566662073135,0.03488236293196678,0.011089027859270573
276,Serban Ghenea,Baby Don't Hurt Me (feat. Anne-Marie & Coi Leray) - Robin Schulz Remix Extended,-7.2749224,-7.095042,-6.890645503997803,3.4056544303894043,0.022445030510425568,-0.018929215148091316,-0.0702199935913086,0.5000101923942566,-0.01257444899129235,3.0925737859077573,3.6377053260803223,4.192935466766357,-6.537289142608643,-0.010946065187454224,-0.4256499409675598,-0.013525380752980709,0.12012778967618942,8.372434616088867,6.211363315582275,1015.5801391601562,2525.399169921875,1.855717658996582,0.022060908377170563,0.24798573553562164,0.09060652554035187,0.1706099659204483,0.14449353516101837,0.13041308522224426,0.11078532785177231,0.0953477993607521,0.06656861305236816,0.04344014823436737,0.014906447380781174
277,Serban Ghenea,me,-11.798604,-10.391476,-8.686785697937012,8.813604354858398,0.012581583112478256,-0.009188455529510975,1.177222728729248,0.5000448226928711,-0.002769770584707185,3.8845689369405,3.803063154220581,5.172853469848633,-6.671618461608887,-0.023838426917791367,-0.5529608130455017,-0.0005873144255019724,0.13172419369220734,8.267165184020996,4.275267124176025,1646.3126220703125,3008.123046875,1.7202733755111694,0.021476909518241882,0.1125338226556778,0.0404408723115921,0.0916094034910202,0.09942606836557388,0.10844030976295471,0.09898240864276886,0.09411882609128952,0.06119585409760475,0.04002168029546738,0.012000973336398602
278,Serban Ghenea,down to you,-11.602449,-10.203137,-8.626701354980469,10.150012016296387,0.02189336158335209,-0.001579263131134212,0.3656618595123291,0.5000064373016357,-0.015459572252834716,8.47115762056041,3.473339080810547,4.359561920166016,-7.215235710144043,-0.019168604165315628,-0.6580637097358704,-0.016490451991558075,0.11961942911148071,7.931276321411133,9.576186180114746,762.5075073242188,1704.046875,2.0986013412475586,0.02290303073823452,0.2849385738372803,0.11711300164461136,0.19249509274959564,0.11504819989204407,0.10000750422477722,0.07207385450601578,0.05790785700082779,0.04172252118587494,0.029306570068001747,0.009810779243707657
279,Serban Ghenea,Make Up Your Mind,-11.280213,-10.087256,-9.55193042755127,3.19779109954834,0.01718861609697342,0.2411198914051056,2.340601921081543,0.49951857328414917,-0.0014163223175400125,20.517663813053257,5.1938090324401855,6.30544900894165,-7.268959045410156,0.025246737524867058,-0.6028833389282227,0.007249664980918169,0.1367214471101761,8.321782112121582,6.929222106933594,2054.400390625,3561.64208984375,1.8516947031021118,0.02202727645635605,0.17383933067321777,0.053874481469392776,0.13628001511096954,0.11040357500314713,0.0839918926358223,0.06994225829839706,0.05230284482240677,0.044504564255476,0.031304821372032166,0.01063579972833395
280,Serban Ghenea,Worship,-10.678369,-9.981506,-8.297846794128418,10.612579345703125,0.019260982051491737,-0.02146943472325802,1.8369503021240234,0.5001088380813599,-0.005773587154257702,9.391014601664299,4.036012649536133,5.096445560455322,-6.721740245819092,0.02379731461405754,-0.5622516870498657,0.010967130772769451,0.11902616173028946,8.194673538208008,13.30354118347168,1481.3367919921875,2838.02294921875,2.3290822505950928,0.019137749448418617,0.1907825618982315,0.06680919229984283,0.1344476342201233,0.10840845108032227,0.10139521956443787,0.09026013314723969,0.07716821134090424,0.05916406959295273,0.040674835443496704,0.013080820441246033
281,Serban Ghenea,Stars,-10.018543,-7.426253,-6.549769401550293,2.7157883644104004,0.02284911274909973,0.004271173384040594,0.17136764526367188,0.5000482201576233,0.0212841693740796,3.0100306399250427,3.9340286254882812,4.531735897064209,-6.764192581176758,-0.015119904652237892,-0.48618361353874207,0.004159989766776562,0.1708836406469345,8.701705932617188,1.2710070610046387,1889.225830078125,4545.9140625,1.1362468004226685,0.029772980138659477,0.22035077214241028,0.08503139764070511,0.14768996834754944,0.1403828263282776,0.14204877614974976,0.11826981604099274,0.09973306953907013,0.07651637494564056,0.05853789299726486,0.022716844454407692
282,Serban Ghenea,Princess Diana (with Nicki Minaj),-9.832325,-8.663818,-8.245990753173828,3.173110008239746,0.024891212582588196,-0.16144640743732452,1.089034080505371,0.5005025863647461,-0.0001068171825203703,22.40090910309154,4.343449115753174,4.963796615600586,-7.404352188110352,0.012462180107831955,-0.7942521572113037,0.00026931060710921884,0.152268648147583,8.23299503326416,19.855731964111328,2124.73876953125,3844.45361328125,2.1439919471740723,0.025817684829235077,0.26909616589546204,0.11067770421504974,0.15537422895431519,0.11977699398994446,0.0999615266919136,0.08416637033224106,0.06498793512582779,0.05456952378153801,0.047492675483226776,0.020591316744685173
283,Serban Ghenea,live if i die,-21.805891,-16.478191,-13.179647445678711,8.353461265563965,0.0049606128595769405,0.045057184994220734,2.862575054168701,0.5000146627426147,0.0015456685064511747,6.107032272922917,4.291106700897217,9.274389266967773,-6.640793323516846,0.01660328358411789,-0.5083848834037781,0.004503082949668169,0.15623313188552856,8.54529094696045,3.1827266216278076,2394.60791015625,4288.5185546875,1.4616529941558838,0.026147905737161636,0.08404850214719772,0.031125376001000404,0.049116216599941254,0.05438581109046936,0.06397354602813721,0.057793691754341125,0.058468565344810486,0.03837210685014725,0.02759414352476597,0.007743592839688063
284,Serban Ghenea,Celebrate!,-11.495058,-8.248574,-8.075519561767578,2.8780736923217773,0.018405400216579437,0.023215388879179955,0.5913980007171631,0.5000079870223999,-0.0007776376581294216,7.282123934816971,4.652453422546387,4.953485488891602,-7.042916297912598,-0.005791108123958111,-0.553101122379303,0.010858258232474327,0.14216476678848267,8.60446834564209,2.274217128753662,1815.4693603515625,3651.001708984375,1.4330190420150757,0.022184597328305244,0.18314310908317566,0.07287440448999405,0.13996511697769165,0.1256788671016693,0.11366720497608185,0.10983217507600784,0.0930495336651802,0.07453975826501846,0.047781236469745636,0.01589028909802437
285,Serban Ghenea,Wild Dogs (Running in a Slow Dream),-10.61537,-9.799526,-7.892609119415283,5.530660629272461,0.018835444003343582,0.04486460983753204,1.020310401916504,0.49976465106010437,0.0422718477561628,4.8157863459668455,4.0502142906188965,5.285406112670898,-6.573975563049316,-0.06968118250370026,-0.47540852427482605,-0.002216679509729147,0.12284641712903976,8.513442993164062,3.7321486473083496,1357.1893310546875,2838.97705078125,1.733525037765503,0.02034415304660797,0.20280544459819794,0.07093353569507599,0.13490097224712372,0.1216922402381897,0.11459635943174362,0.10824750363826752,0.08969496935606003,0.06948956847190857,0.04211466759443283,0.013558700680732727
286,Serban Ghenea,Dance The Night - From Barbie The Album,-11.426864,-10.445557,-7.9904046058654785,11.671087265014648,0.016164997592568398,0.01016739197075367,1.0034265518188477,0.49985548853874207,-0.006201922974212304,5.387707456989585,4.1232404708862305,6.017881870269775,-6.670729160308838,0.03136620670557022,-0.5147290229797363,0.0038341153413057327,0.14191482961177826,8.662008285522461,2.346639394760132,1627.5745849609375,3712.260498046875,1.442091464996338,0.023956242948770523,0.18438950181007385,0.0741589367389679,0.1297593116760254,0.1224868968129158,0.10745760053396225,0.08857598155736923,0.07435297220945358,0.06140803173184395,0.04797489568591118,0.016847729682922363
287,Serban Ghenea,Don't Say Love,-8.456589,-7.921857,-6.747253894805908,5.737643241882324,0.024182965978980064,0.012036836706101894,0.5620172023773193,0.49997061491012573,-0.0022718576385031314,13.230843908361132,3.9862277507781982,4.562076091766357,-7.020100116729736,0.02987951599061489,-0.7306959629058838,0.007387909572571516,0.16084790229797363,8.678923606872559,3.836778402328491,2339.55517578125,4461.75537109375,1.34162175655365,0.024803396314382553,0.2192576676607132,0.07495209574699402,0.15522710978984833,0.1810293048620224,0.13053429126739502,0.10115658491849899,0.09265001863241196,0.08792871236801147,0.07498341053724289,0.02561570145189762
288,Serban Ghenea,Stars - Kungs Remix,-8.065805,-7.5410533,-7.241693019866943,5.245240211486816,0.027128275483846664,0.027529053390026093,0.4225168228149414,0.49998795986175537,-0.009750703029815835,9.800358786451739,4.0110297203063965,4.636066913604736,-7.0489630699157715,0.0192073043435812,-0.6101037263870239,-0.002942723222076893,0.13210171461105347,8.413193702697754,7.967206001281738,1797.5225830078125,3600.878662109375,1.8898088932037354,0.02079612948000431,0.2502606213092804,0.10194674879312515,0.18247392773628235,0.14101015031337738,0.10918375104665756,0.10231280326843262,0.08633144944906235,0.07415831089019775,0.05032671242952347,0.01698695868253708
289,Serban Ghenea,favorite kind of high,-20.86287,-20.267477,-18.7790584564209,10.086463928222656,0.001548072206787765,0.008985654450953007,1.263545036315918,0.5000004768371582,-0.0024549772397513795,7.765935406767852,4.278751850128174,6.278992652893066,-6.653584957122803,-0.014043189585208893,-0.5574615001678467,-0.005751756485551596,0.1540250927209854,8.727387428283691,1.630715012550354,1979.4354248046875,3986.028564453125,1.3022936582565308,0.024105064570903778,0.055855412036180496,0.022296342998743057,0.0394061841070652,0.0327739417552948,0.027609389275312424,0.02607748471200466,0.025912176817655563,0.019861280918121338,0.014859565533697605,0.004675351083278656
290,Serban Ghenea,Love U Like That,-8.004779,-7.5325084,-7.206920623779297,3.2302064895629883,0.025080481544137,0.028426222503185272,0.03883194923400879,0.49996253848075867,-0.005700972320999643,4.162974491925225,3.5226376056671143,4.181769847869873,-6.618587493896484,0.001081563183106482,-0.5376031398773193,-0.006377131212502718,0.11591041833162308,8.204218864440918,6.899470329284668,880.3444213867188,2179.09912109375,1.9283709526062012,0.020290007814764977,0.288209468126297,0.1017301008105278,0.18179044127464294,0.14976941049098969,0.13193611800670624,0.1186198815703392,0.08232366293668747,0.06391915678977966,0.04264030605554581,0.014419148676097393
291,Serban Ghenea,Alone - Alex Chapman Remix,-11.445117,-10.6597805,-9.55553150177002,5.687164783477783,0.015069900080561638,-0.054260749369859695,0.9603390693664551,0.5001798868179321,0.012115855732082507,15.179180661509275,4.179057598114014,5.364740371704102,-6.891351222991943,-0.016258608549833298,-0.6520029306411743,-0.009765183553099632,0.15211260318756104,8.71298885345459,1.6041240692138672,1706.5806884765625,3712.00341796875,1.3562148809432983,0.0261230506002903,0.17758046090602875,0.054945044219493866,0.13466057181358337,0.10341163724660873,0.09765373170375824,0.09289368987083435,0.07765620201826096,0.06068642437458038,0.04255564510822296,0.013925649225711823
292,Serban Ghenea,Paint The Town Red,-15.464609,-14.364441,-10.097158432006836,15.327360153198242,0.01636623777449131,-0.1782180368900299,1.9917726516723633,0.500522792339325,-0.019580083748196146,23.980706371935696,4.142902851104736,6.861016273498535,-7.181962490081787,0.02998918481171131,-0.5645789504051208,0.015553114004433155,0.11943306028842926,7.7846784591674805,10.687508583068848,1417.421630859375,2452.6337890625,2.278440475463867,0.021261950954794884,0.19700734317302704,0.041412338614463806,0.11879169195890427,0.0728156790137291,0.06376641988754272,0.051830533891916275,0.041046950966119766,0.02818196639418602,0.02023576945066452,0.007265768945217133
293,Serban Ghenea,my mistake,-9.444759,-8.4825535,-7.965434551239014,4.254156589508057,0.019315781071782112,-0.07425525039434433,0.3904292583465576,0.5001766681671143,-0.05357298567795333,5.449076115712601,3.712531328201294,4.533936977386475,-7.013293743133545,0.0305461585521698,-0.6336627006530762,-0.007211714051663876,0.15976762771606445,8.480714797973633,1.3053874969482422,1500.2379150390625,3158.9814453125,1.2430726289749146,0.029747361317276955,0.1755804866552353,0.08601102977991104,0.12066879123449326,0.15019501745700836,0.14268451929092407,0.1141977459192276,0.08912281692028046,0.06037059798836708,0.04727989062666893,0.015203039161860943
294,Serban Ghenea,rock hudson,-51.748695,-48.739857,-13.365127563476562,19.18864631652832,0.0034532095305621624,0.01279157493263483,2.4585909843444824,0.49999862909317017,-0.005731011488963581,4.973552100900074,3.8679282665252686,5.6684794425964355,-7.134990215301514,0.053717538714408875,-0.49734896421432495,0.02583920583128929,0.1867256611585617,8.964048385620117,2.282841920852661,3901.617431640625,6075.37353515625,1.3114690780639648,0.030976545065641403,0.07094400376081467,0.028254080563783646,0.05683272331953049,0.04516793414950371,0.04391538351774216,0.03875163942575455,0.03565666079521179,0.027440598234534264,0.021837100386619568,0.0073794717900455
295,Serban Ghenea,high road,-10.095021,-8.784252,-7.241393566131592,3.8939337730407715,0.022955765947699547,-0.018641555681824684,0.1825733184814453,0.5000710487365723,-0.001653799845205086,6.869805873580265,3.6394402980804443,4.192715167999268,-6.854830265045166,-0.025547709316015244,-0.5045421123504639,-0.009927328675985336,0.12921161949634552,8.410676002502441,5.202411651611328,1308.07421875,2817.985107421875,1.7937407493591309,0.022434324026107788,0.2370785027742386,0.1009531170129776,0.17528831958770752,0.13550475239753723,0.12206823378801346,0.11747685819864273,0.10639914125204086,0.0737491250038147,0.05029654502868652,0.015617677941918373
296,Serban Ghenea,Waffle House,-10.133857,-9.4461155,-9.024463653564453,3.6509103775024414,0.014799337834119797,-0.013043326325714588,0.3545951843261719,0.49993833899497986,0.014665078095088257,6.223360869538687,3.9944114685058594,5.176084995269775,-6.844466209411621,0.010608893819153309,-0.5604074001312256,0.007663534954190254,0.13026723265647888,8.469487190246582,5.603333950042725,1798.1314697265625,3661.0830078125,1.6664435863494873,0.017892546951770782,0.17027229070663452,0.078866146504879,0.13281503319740295,0.10993567109107971,0.10728241503238678,0.09063846617937088,0.07947482913732529,0.062389906495809555,0.04404841735959053,0.014972338452935219
297,Josh Gudwin,Feather,-11.812908,-9.175607,-7.692057132720947,2.8359203338623047,0.02634209766983986,0.03314433619379997,0.2781367301940918,0.4998001456260681,-0.022522570994332473,15.017111442528638,3.642599105834961,4.25822114944458,-7.340736389160156,0.008188438601791859,-0.7010613679885864,-0.018960541114211082,0.11992084234952927,8.191509246826172,8.738384246826172,1338.404296875,2471.1240234375,2.0437400341033936,0.020989377051591873,0.2640622854232788,0.11921466141939163,0.15510471165180206,0.15602350234985352,0.1357470154762268,0.11889316141605377,0.09044263511896133,0.060863398015499115,0.0400477796792984,0.011750844307243824
298,Josh Gudwin,Everything Was For Love (from the movie With This Light),-12.563735,-11.633543,-9.830639839172363,8.470251083374023,0.013100889511406422,-0.0672089233994484,1.306957721710205,0.49994659423828125,-0.010916010050920006,5.902211054319789,3.6064858436584473,4.890817642211914,-6.752804279327393,0.002573672216385603,-0.6007083058357239,-0.0077463495545089245,0.09217949211597443,7.41586971282959,12.842909812927246,919.6143188476562,1630.6595458984375,2.805877923965454,0.017587965354323387,0.14426545798778534,0.06334742158651352,0.11825421452522278,0.12060635536909103,0.11423669755458832,0.08892159163951874,0.06723964959383011,0.0391727052628994,0.02143426239490509,0.0049710869789123535
299,Josh Gudwin,La Muralla Verde,-14.509452,-13.4309435,-12.577613830566406,5.519012451171875,0.005459958221763372,0.11381268501281738,1.4311323165893555,0.49980872869491577,-0.006319769227439931,3.1102274434019037,4.752786636352539,6.355288505554199,-7.161707401275635,0.02146580070257187,-0.4589887857437134,0.0020740358158946037,0.13105767965316772,8.633167266845703,6.406383037567139,1462.7757568359375,3117.388427734375,1.7669390439987183,0.022385358810424805,0.10148996859788895,0.04131618142127991,0.08579640835523605,0.07569661736488342,0.0668105036020279,0.056071918457746506,0.049551643431186676,0.03942088410258293,0.024618886411190033,0.008287005126476288
300,Josh Gudwin,"I'm Not High, I'm In Love",-10.456624,-9.501084,-8.79914379119873,3.92451810836792,0.016738317906856537,0.033426109701395035,0.5277552604675293,0.4999982714653015,0.011443967946423102,5.625796247302643,3.9667458534240723,4.721243381500244,-6.92978572845459,-0.021824274212121964,-0.4896213710308075,0.003611740656197071,0.10770942270755768,8.070143699645996,5.207864284515381,1217.905517578125,2184.448974609375,2.0114357471466064,0.017926977947354317,0.22461891174316406,0.08472272753715515,0.14483466744422913,0.11083026975393295,0.09494773298501968,0.09605680406093597,0.08764694631099701,0.06580010801553726,0.0353136844933033,0.009397252462804317
301,Josh Gudwin,Satellite,-10.949112,-9.075771,-7.837680339813232,7.9826507568359375,0.01982990838587284,-0.007983989082276821,0.6942117214202881,0.49996545910835266,0.045624844085606665,8.176162706871567,3.862630844116211,6.963254928588867,-8.134634017944336,-0.07301109284162521,-0.581974446773529,0.004903842229396105,0.142613485455513,8.551460266113281,2.6918587684631348,1472.998779296875,3199.1865234375,1.4986258745193481,0.025170158594846725,0.20759719610214233,0.09782567620277405,0.14372242987155914,0.1309630125761032,0.11548570543527603,0.10513222217559814,0.09106112271547318,0.06795623898506165,0.0474821999669075,0.01687656156718731
302,Josh Gudwin,GATITA GANGSTER,-11.118977,-10.104043,-9.601964950561523,5.50526762008667,0.017682485282421112,0.017001237720251083,2.2036309242248535,0.5000582933425903,-0.0032188312582507603,15.298562494362768,3.8716278076171875,5.011954307556152,-7.044307708740234,-0.02247009612619877,-0.6949431896209717,-0.007946460507810116,0.1124013140797615,7.926814556121826,17.036354064941406,1223.8115234375,2428.395751953125,2.4450576305389404,0.019340017810463905,0.188577800989151,0.06404091417789459,0.13327409327030182,0.10179693251848221,0.11058463901281357,0.09304783493280411,0.06896180659532547,0.04770766198635101,0.031839292496442795,0.011407977901399136
303,Josh Gudwin,skinny dipping,-17.36206,-15.882392,-12.460891723632812,10.136092185974121,0.005808824673295021,0.0009552044211886823,2.0858078002929688,0.49996620416641235,-0.021864302065573382,4.484937638064028,3.838395357131958,5.503744602203369,-6.734121799468994,0.024501541629433632,-0.48042356967926025,0.009771992452442646,0.11448939144611359,8.163603782653809,6.526003837585449,1157.6951904296875,2323.13818359375,1.9958231449127197,0.019644929096102715,0.09139307588338852,0.033775366842746735,0.07594329118728638,0.08094079047441483,0.0664529949426651,0.049320679157972336,0.03567773103713989,0.02800382673740387,0.019609034061431885,0.00636941846460104
304,Josh Gudwin,MS DE UNA VEZ,-8.647042,-8.396197,-8.207053184509277,3.920022964477539,0.020901750773191452,-0.028312914073467255,0.5463197231292725,0.4999554753303528,0.007812792350310634,5.057947291583783,3.656594753265381,4.370762825012207,-6.824192047119141,-0.019252842292189598,-0.5935183167457581,-0.002352324780076742,0.10604741424322128,7.89390230178833,10.81820011138916,999.63916015625,1855.8834228515625,2.3774008750915527,0.020553555339574814,0.21825432777404785,0.09363260120153427,0.14690476655960083,0.13259415328502655,0.13024204969406128,0.11878450214862823,0.09250443428754807,0.058706462383270264,0.03229556232690811,0.009810908697545528
305,Josh Gudwin,Victory,-12.363863,-9.804704,-6.939658164978027,10.886207580566406,0.022899525240063667,-0.06473977863788605,0.6618673801422119,0.5004897713661194,-0.01863406389453566,5.025618365544655,4.062530517578125,4.608384609222412,-7.045711994171143,0.00741056352853775,-0.518796443939209,0.00893302820622921,0.10441682487726212,8.1793212890625,7.04694938659668,1436.6842041015625,2420.848388671875,2.1209514141082764,0.015572487376630306,0.25618603825569153,0.11542089283466339,0.13442060351371765,0.13284868001937866,0.13638275861740112,0.11960940062999725,0.09078937768936157,0.07513247430324554,0.038404300808906555,0.010252943262457848
306,Josh Gudwin,VIBE (feat. Jimin of BTS),-14.898012,-9.732063,-8.345001220703125,5.653738021850586,0.02231539785861969,-0.015107122249901295,1.09871244430542,0.49982497096061707,-0.007287581743621115,13.855068674097337,3.9192728996276855,4.887951850891113,-7.4068379402160645,0.042177338153123856,-0.5983289480209351,-0.009137104265391827,0.14688310027122498,8.514575004577637,2.3408002853393555,2167.706787109375,3790.05322265625,1.415976881980896,0.023192273452878,0.2232743203639984,0.07205397635698318,0.15605460107326508,0.11539218574762344,0.11033345758914948,0.09341445565223694,0.07888097316026688,0.06574071943759918,0.042791787534952164,0.01527834590524435
307,Josh Gudwin,Cuerpecito,-9.303065,-8.765824,-7.326168060302734,10.894506454467773,0.021358352154493332,0.046356476843357086,1.2575349807739258,0.5010401010513306,0.014908162089691042,8.307128721005816,3.8670356273651123,4.5411176681518555,-6.98761510848999,-0.027127621695399284,-0.6749655604362488,0.01536964625120163,0.1161014586687088,8.162896156311035,43.236595153808594,1509.87841796875,2771.140380859375,3.1778409481048584,0.017932986840605736,0.1763373166322708,0.05624368414282799,0.11999760568141937,0.12487230449914932,0.14431050419807434,0.13996897637844086,0.10412319749593735,0.08010154217481613,0.047522302716970444,0.016624782234430313
308,Josh Gudwin,Patrick,-11.702141,-9.697847,-8.571080207824707,6.881773948669434,0.023288192227482796,-0.03805244341492653,0.6630153656005859,0.5001598596572876,-0.009758510944437075,17.528548012719213,3.6526975631713867,4.576799392700195,-6.782375335693359,0.027839472517371178,-0.601224422454834,0.010530205443501472,0.11758420616388321,8.180575370788574,4.12514591217041,941.4893798828125,2117.805419921875,1.757469892501831,0.021069295704364777,0.2723478078842163,0.13193020224571228,0.1799948364496231,0.1408310979604721,0.11123089492321014,0.08270036429166794,0.056433774530887604,0.04412407428026199,0.03246565908193588,0.011147391051054
309,Josh Gudwin,Nonsense,-9.132128,-8.245652,-7.790438652038574,2.9988770484924316,0.02740614488720894,0.021279258653521538,0.2478320598602295,0.5000283122062683,0.0162017871686939,32.472225528107195,3.5412137508392334,4.090061664581299,-7.3391923904418945,-0.09455864876508713,-0.8099946975708008,0.02713857777416706,0.12374503910541534,8.120960235595703,5.248213291168213,1267.2384033203125,2650.72998046875,1.8029499053955078,0.02118285745382309,0.27800601720809937,0.12124700099229813,0.16836270689964294,0.15610960125923157,0.1271766871213913,0.10563026368618011,0.09056877344846725,0.07036904245615005,0.048208288848400116,0.015808910131454468
310,Josh Gudwin,Devulveme a Mi Chic,-11.926439,-11.080929,-9.47646713256836,11.075647354125977,0.010794628411531448,0.004444020800292492,1.2579994201660156,0.49991682171821594,0.028323897714483435,3.2495845070543568,4.289572238922119,5.736695289611816,-7.022138595581055,-0.025370053946971893,-0.40393194556236267,-0.0008466154104098678,0.1294739544391632,8.577335357666016,3.2853689193725586,1841.843017578125,3466.720947265625,1.6572632789611816,0.019662804901599884,0.1464405059814453,0.05813809484243393,0.10878307372331619,0.09077779948711395,0.08481992781162262,0.0735686868429184,0.0727200135588646,0.058613963425159454,0.03756341710686684,0.011444476433098316
311,Josh Gudwin,CENIZAS QUEDAN,-10.537138,-9.871145,-9.202265739440918,7.334214687347412,0.018200593069195747,-0.016604634001851082,2.1818995475769043,0.5000523328781128,-0.014040146161006494,10.43801006429496,4.188659191131592,5.194792747497559,-6.843599796295166,0.056812405586242676,-0.5880036950111389,0.021106025204062462,0.11117162555456161,8.00454330444336,36.86732864379883,1481.7783203125,2704.201904296875,3.0133554935455322,0.018100185319781303,0.17053118348121643,0.07053498178720474,0.10384662449359894,0.09681324660778046,0.11608332395553589,0.10433446615934372,0.09393852204084396,0.05838935822248459,0.03384367376565933,0.01191102433949709
312,Josh Gudwin,No Puede Ser,-13.312969,-12.230036,-10.61133861541748,11.50050163269043,0.014133336953818798,-0.0041930899024009705,0.44258594512939453,0.49999427795410156,-0.020966955133850353,12.369638124961046,3.623779535293579,5.1814374923706055,-7.366692543029785,0.04530221223831177,-0.6155920028686523,-0.009662230499088764,0.10100866109132767,7.984292507171631,12.648491859436035,1006.8370361328125,2132.1494140625,2.4589359760284424,0.01665450818836689,0.2278386354446411,0.09982417523860931,0.11519424617290497,0.09642188251018524,0.08606449514627457,0.08032755553722382,0.0586300790309906,0.04620153829455376,0.02837711200118065,0.008431820198893547
313,Josh Gudwin,Seasons,-13.062999,-9.890203,-8.64087963104248,5.425936222076416,0.015111933462321758,-0.03428037092089653,0.4416322708129883,0.5000175833702087,0.007084535247242071,3.6604613158480563,3.646198034286499,4.985790729522705,-6.655822277069092,-0.015094546601176262,-0.5047857761383057,0.0024761701934039593,0.08930569887161255,7.384097099304199,12.601296424865723,1142.2821044921875,1799.6744384765625,2.8144431114196777,0.015084081329405308,0.14190711081027985,0.07751336693763733,0.14177222549915314,0.1425183117389679,0.10975661128759384,0.0927363932132721,0.07491361349821091,0.04611711576581001,0.023776883259415627,0.0054207779467105865
314,Josh Gudwin,SACRIFICIO,-13.39839,-9.552588,-8.71108627319336,4.664849758148193,0.014821646735072136,0.01476391963660717,0.8231925964355469,0.5000038146972656,0.03622238642255233,5.214288372726458,4.011105537414551,5.822514533996582,-6.9115095138549805,-0.028737777844071388,-0.6088732481002808,0.02407357469201088,0.10099554061889648,7.59368896484375,32.136558532714844,1249.4615478515625,2139.147216796875,3.6274516582489014,0.019748566672205925,0.085151806473732,0.031213436275720596,0.10587947070598602,0.16048121452331543,0.16866514086723328,0.12376052886247635,0.07880108803510666,0.04191148281097412,0.02312232367694378,0.007269533351063728
315,Josh Gudwin,Bills,-9.579425,-8.769464,-8.407999038696289,4.662261962890625,0.025903142988681793,-0.027997121214866638,0.017477989196777344,0.49999433755874634,0.03284685390765653,9.98059729960531,3.2676570415496826,3.953089475631714,-7.064776420593262,-0.040563274174928665,-0.5341702699661255,0.005917645059525967,0.10350608825683594,7.909560203552246,7.251768589019775,935.5848388671875,1937.798095703125,2.0372729301452637,0.01717786118388176,0.3345445394515991,0.11652592569589615,0.1711270809173584,0.12132975459098816,0.11663790792226791,0.09807180613279343,0.07589484751224518,0.055920690298080444,0.03237560763955116,0.011460401117801666
316,Josh Gudwin,JEANS (with Miguel),-10.635876,-9.797726,-8.89002513885498,8.028019905090332,0.01966874487698078,0.23798735439777374,1.653623104095459,0.49982935190200806,0.002426848116663149,66.95251724809496,3.876020669937134,5.077274322509766,-7.919088363647461,-0.015112465247511864,-0.966288685798645,-0.010265820659697056,0.10032891482114792,7.920190334320068,6.96705436706543,974.59912109375,1971.356201171875,2.1865739822387695,0.017021672800183296,0.19215573370456696,0.07869935035705566,0.14736413955688477,0.1524362713098526,0.12595941126346588,0.09851748496294022,0.07182903587818146,0.052936892956495285,0.03426588699221611,0.009911863133311272
317,Josh Gudwin,Stupid Cupid,-13.692219,-11.326326,-8.813807487487793,11.768157005310059,0.015257307328283787,0.0014732835115864873,2.050617218017578,0.5003007650375366,-0.012101500201232998,3.8554228011472276,3.8541462421417236,5.389022350311279,-7.085037708282471,0.03591993451118469,-0.4495747983455658,0.013787726871669292,0.11395886540412903,8.031506538391113,9.919368743896484,1169.3739013671875,2404.067626953125,2.2195141315460205,0.019653165712952614,0.18874113261699677,0.07711368799209595,0.12160180509090424,0.10299155861139297,0.0950687825679779,0.08181361854076385,0.0665639191865921,0.04285736382007599,0.027901044115424156,0.008931195363402367
318,Josh Gudwin,Persiana American,-13.117457,-10.292677,-9.148077964782715,3.0588226318359375,0.0181578379124403,-0.006842903792858124,0.8673610687255859,0.5000548958778381,-0.02732224089030035,16.57576605276855,3.8761680126190186,6.023065567016602,-7.558540344238281,0.007638735231012106,-0.6233146786689758,-0.011530095711350441,0.1152845248579979,8.325803756713867,6.379144191741943,1282.3621826171875,2581.3056640625,2.0362045764923096,0.01918317750096321,0.22333171963691711,0.10069981962442398,0.1629149168729782,0.12403517961502075,0.1164570301771164,0.09599680453538895,0.08273228257894516,0.06136284023523331,0.03533979877829552,0.010416499339044094
319,Josh Gudwin,Blue Flame (2023 Ver.),-9.1628065,-7.8299375,-7.327394485473633,4.07393217086792,0.02890225686132908,0.004693250637501478,0.19911885261535645,0.49999815225601196,-0.007398383871872442,15.19603688995482,3.8005013465881348,4.054108142852783,-7.058750152587891,0.017952844500541687,-0.6460093855857849,-0.0036156978458166122,0.12219909578561783,8.122563362121582,5.559566497802734,1065.889892578125,2378.53076171875,1.7733962535858154,0.021656908094882965,0.2675252854824066,0.10015347599983215,0.20830577611923218,0.16467295587062836,0.12605635821819305,0.10462632775306702,0.08437158167362213,0.05949707701802254,0.0421534962952137,0.014558487571775913
320,Josh Gudwin,Blue Moon,-10.7731,-9.679797,-8.754172325134277,7.125886917114258,0.016539398580789566,-0.0031527073588222265,0.8293840885162354,0.4999764859676361,-0.003484216029549041,5.465478343934504,3.8597071170806885,4.831694602966309,-6.794252395629883,-0.017072880640625954,-0.47898048162460327,-0.010261193849146366,0.12773586809635162,8.493846893310547,3.2289316654205322,1240.550537109375,2715.100830078125,1.6340562105178833,0.022557910531759262,0.18417376279830933,0.07309513539075851,0.13789857923984528,0.12902431190013885,0.11759506911039352,0.1037646159529686,0.08931370824575424,0.05949806049466133,0.03861428424715996,0.013759752735495567
321,Josh Gudwin,Call on Me - David Guetta Remix,-8.717523,-7.623175,-6.957164287567139,5.306912422180176,0.030561409890651703,-0.00027890835190191865,-0.0009465217590332031,0.4997559189796448,-0.0200768016844076,11.655021037885938,3.4473838806152344,3.909693956375122,-6.726461410522461,0.05530773475766182,-0.6379150748252869,-0.009306415915489197,0.11968569457530975,8.477457046508789,6.358474254608154,1123.5166015625,2666.61474609375,1.9287272691726685,0.021100083366036415,0.30864065885543823,0.13201338052749634,0.19695517420768738,0.15917548537254333,0.13768646121025085,0.12744535505771637,0.10896585136651993,0.07909103482961655,0.05482293665409088,0.01675841212272644
322,Josh Gudwin,Mami Chul,-9.693416,-8.625523,-7.439582824707031,4.637718200683594,0.021480467170476913,0.02840462699532509,0.8540925979614258,0.5000236630439758,0.005192184319342793,5.56720115850823,3.9540154933929443,4.488316059112549,-6.815553188323975,-0.029724864289164543,-0.5957790017127991,-0.029611511155962944,0.13028134405612946,8.200007438659668,19.5764217376709,1814.6214599609375,3368.98046875,2.3623616695404053,0.020468074828386307,0.19028206169605255,0.06919437646865845,0.1275426596403122,0.11445733159780502,0.13797339797019958,0.14272375404834747,0.11067403852939606,0.08305110782384872,0.05184151977300644,0.01702549122273922
323,Josh Gudwin,I Am,-11.854334,-10.7354965,-9.281522750854492,7.583878517150879,0.014487570151686668,-0.0002348077978240326,0.7865328788757324,0.5000612735748291,-0.0005594508819839102,4.129697112235148,3.6749582290649414,4.753567695617676,-6.860359191894531,0.002099705161526799,-0.4801744222640991,-0.002024172805249691,0.10558416694402695,7.985665798187256,5.469170093536377,965.7176513671875,1829.961669921875,2.0678303241729736,0.018908493220806122,0.18902385234832764,0.07499521225690842,0.12622730433940887,0.10663077235221863,0.09783007949590683,0.09808333963155746,0.07844843715429306,0.04835593327879906,0.028113866224884987,0.008765706792473793
324,Josh Gudwin,Visions (Don't Go),-11.115287,-10.115982,-8.75057601928711,6.949125289916992,0.015370640903711319,0.0003933846310246736,0.689476490020752,0.4999869763851166,0.03434071612034084,5.032580550123876,4.111321449279785,4.781718730926514,-6.815824031829834,-0.06409355998039246,-0.44173601269721985,0.0003857913543470204,0.13044798374176025,8.405017852783203,4.576860427856445,1228.80029296875,2537.2490234375,1.7877049446105957,0.02478635124862194,0.18142084777355194,0.0671030730009079,0.11508921533823013,0.10320430994033813,0.11231749504804611,0.10767289251089096,0.093943290412426,0.05694138631224632,0.035989247262477875,0.012131059542298317
325,Josh Gudwin,Tornado Warnings,-12.298835,-10.5825205,-9.088104248046875,9.463115692138672,0.017553182318806648,0.015776248648762703,1.1680164337158203,0.4999886155128479,-0.008256453415815329,8.729817098965476,3.594957113265991,4.707764625549316,-7.031519412994385,0.021594613790512085,-0.5529780983924866,0.008713364601135254,0.11750836670398712,7.921272277832031,15.442587852478027,1088.3065185546875,2247.178466796875,2.3059775829315186,0.020659981295466423,0.19409291446208954,0.08168581873178482,0.1552191972732544,0.1313624083995819,0.10570947080850601,0.07428382337093353,0.05234930291771889,0.040159035474061966,0.030147651210427284,0.009833816438913345
326,Josh Gudwin,EN VISTO,-13.929884,-10.150238,-9.012306213378906,7.971161365509033,0.014201994054019451,-0.010236105881631374,2.636593818664551,0.500041663646698,-0.014007667941862792,3.5957020465258154,3.8628861904144287,5.49427604675293,-6.705373764038086,-0.010975007899105549,-0.5216374397277832,-0.02212020941078663,0.10544423013925552,7.656906604766846,35.241477966308594,1621.4139404296875,2704.774169921875,3.515960216522217,0.015711868181824684,0.1326582282781601,0.051513995975255966,0.11476386338472366,0.1021461933851242,0.09776114672422409,0.08205883204936981,0.06319347023963928,0.04779977723956108,0.0333651527762413,0.011240665800869465
327,Josh Gudwin,Florecita Rocker,-14.497082,-13.61759,-12.548738479614258,6.198925018310547,0.005400164518505335,0.02835806831717491,0.9530344009399414,0.49995481967926025,0.005651670851788023,3.473097131297238,4.519871234893799,6.200784683227539,-7.096378803253174,0.004196510650217533,-0.39367565512657166,0.0013579255901277065,0.1297687590122223,8.639978408813477,2.7890374660491943,1668.513916015625,3379.224853515625,1.5591245889663696,0.02032371796667576,0.10075186938047409,0.03840063139796257,0.0735887959599495,0.06863626092672348,0.07139598578214645,0.06283488869667053,0.05555259436368942,0.043053869158029556,0.026504717767238617,0.008918089792132378
328,Josh Gudwin,Born Again,-13.923715,-11.980339,-10.393824577331543,9.14826488494873,0.008606882765889168,-0.021451802924275398,1.3418564796447754,0.5000040531158447,-0.0022441239957037393,5.282258267272997,4.235750198364258,5.118664264678955,-6.954925537109375,-0.020849205553531647,-0.5304521322250366,-0.011824392713606358,0.11661236733198166,8.265856742858887,4.715142726898193,1727.6986083984375,2947.07177734375,1.9005895853042603,0.017434051260352135,0.07202930748462677,0.03258054330945015,0.058809082955121994,0.07986196875572205,0.1085786372423172,0.10318779945373535,0.09118225425481796,0.05504397675395012,0.030424781143665314,0.007847946137189865
329,Josh Gudwin,LEJOS DEL CIELO,-17.00949,-13.6133175,-11.080780029296875,13.236742973327637,0.010487418621778488,-0.005624293815344572,2.178929328918457,0.5000599026679993,-0.02448152710307129,13.043873090032479,4.122481822967529,16.937437057495117,-7.325969219207764,0.09579407423734665,-0.5648329854011536,0.030591804534196854,0.09216480702161789,7.4991774559021,24.857282638549805,1324.68603515625,2040.59326171875,3.2896714210510254,0.015431703999638557,0.1356578767299652,0.04488229751586914,0.09696930646896362,0.0752279981970787,0.08781507611274719,0.07752031087875366,0.057492829859256744,0.03432243689894676,0.01703895442187786,0.004347305744886398
330,Josh Gudwin,BABY HELLO,-9.15862,-8.666521,-6.954327583312988,10.71963882446289,0.024339288473129272,-0.04655664414167404,0.4109020233154297,0.5007807016372681,0.07820478935296815,6.232496230809221,4.2039666175842285,3.9145193099975586,-6.792457580566406,-0.04151249676942825,-0.6815510392189026,0.03232204169034958,0.09943422675132751,7.779972076416016,30.085256576538086,1056.2470703125,2080.974853515625,3.33947491645813,0.016510259360074997,0.21658727526664734,0.07899808138608932,0.14074523746967316,0.13903377950191498,0.13784952461719513,0.13274814188480377,0.11434306204319,0.07017464190721512,0.04094335064291954,0.013453245162963867
331,Josh Gudwin,si preguntas por mi,-11.422511,-8.938929,-8.274964332580566,6.89860200881958,0.01967926323413849,0.07740987092256546,0.8700675964355469,0.49997374415397644,0.012673182321300335,6.7149576034251774,3.9132659435272217,4.615269660949707,-6.697709560394287,-0.0224930327385664,-0.5614525079727173,-0.0008424767293035984,0.111053466796875,8.0451021194458,11.84642505645752,1307.2987060546875,2181.985107421875,2.309189796447754,0.019749073311686516,0.19125483930110931,0.07953625172376633,0.13340024650096893,0.12892834842205048,0.13562282919883728,0.12069230526685715,0.08721393346786499,0.06131307780742645,0.035194311290979385,0.010780366137623787
332,Josh Gudwin,Too Much,-14.448378,-8.340408,-7.123383522033691,2.6875476837158203,0.02540883980691433,0.024528982117772102,0.41826915740966797,0.49983468651771545,0.02534554158964609,8.203198254954009,3.632721185684204,4.939286231994629,-11.14683723449707,-0.08964913338422775,-0.48949167132377625,-0.017653128132224083,0.133451908826828,8.46204948425293,3.18092942237854,1705.665771484375,3122.926025390625,1.608778715133667,0.022811753675341606,0.2002546489238739,0.084395632147789,0.1605125516653061,0.1641644984483719,0.16433866322040558,0.1383642852306366,0.08829714357852936,0.06513615697622299,0.04062509536743164,0.01598825305700302
333,Josh Gudwin,Part Of Me,-13.209767,-11.500731,-8.443205833435059,14.04882526397705,0.016197221353650093,0.02189340442419052,1.5768704414367676,0.5001682043075562,-0.001121335963321273,7.124060947256155,3.5799903869628906,5.06008768081665,-6.999032497406006,-0.02934754639863968,-0.5663129687309265,-0.031400516629219055,0.09417633712291718,7.662408828735352,17.006668090820312,1099.1890869140625,1913.758544921875,2.9397566318511963,0.016170606017112732,0.17074577510356903,0.06196508929133415,0.12084493786096573,0.12422927469015121,0.11827094107866287,0.10170314460992813,0.07312646508216858,0.05542623624205589,0.02785632200539112,0.00824078731238842
334,Josh Gudwin,OKI DOKI,-11.084198,-9.958406,-9.211559295654297,6.811657905578613,0.01867031306028366,0.032094068825244904,1.7265348434448242,0.4999544322490692,-0.003022652384505327,34.52286475490564,4.1966071128845215,5.055903911590576,-7.426865100860596,0.012066831812262535,-0.885957658290863,-0.009895194321870804,0.10745798051357269,7.848935127258301,9.64490795135498,1354.3729248046875,2519.662841796875,2.259753942489624,0.016086654737591743,0.19306671619415283,0.06428617238998413,0.12591125071048737,0.10892365872859955,0.1150488629937172,0.09424810111522675,0.07965808361768723,0.05972312390804291,0.03601810708642006,0.010968564078211784
335,Josh Gudwin,Me Cuesta Tanto Olvidarte,-14.397288,-11.011303,-8.813334465026855,4.185808181762695,0.0157187357544899,0.1352766901254654,0.8746800422668457,0.49998509883880615,0.0028718339690201712,9.732921838540438,4.030354022979736,5.441863059997559,-7.613195419311523,-0.05795884132385254,-0.533600926399231,-0.019516121596097946,0.13164496421813965,8.438581466674805,3.733325719833374,1668.1802978515625,3090.935546875,1.6452107429504395,0.021861471235752106,0.1798548400402069,0.08175326138734818,0.14300227165222168,0.11458154767751694,0.10821143537759781,0.09368535131216049,0.08755892515182495,0.06313102692365646,0.03725053369998932,0.012736070901155472
336,Josh Gudwin,Todo Fue Por Amor (de la pelcula Con Esta Luz),-12.97436,-11.994091,-10.23688793182373,8.156501770019531,0.012320729903876781,-0.053741034120321274,1.5184001922607422,0.49994903802871704,-0.01780349454540805,6.206187507309852,3.6846561431884766,5.069045543670654,-6.751532077789307,0.033198222517967224,-0.5974668264389038,-0.013162090443074703,0.09141536056995392,7.398857116699219,12.917800903320312,968.7249755859375,1742.7335205078125,2.821502923965454,0.016571393236517906,0.14239414036273956,0.06218567118048668,0.11120634526014328,0.11454122513532639,0.11001762002706528,0.08379916846752167,0.06325079500675201,0.037827104330062866,0.02063428796827793,0.0049819666892290115
337,Josh Gudwin,things i wish you said,-17.5773,-13.941545,-11.964932441711426,7.98291015625,0.006238946225494146,0.12361229211091995,1.6944098472595215,0.49999716877937317,0.0014188275295030264,4.069021949615232,3.719360828399658,5.722021102905273,-7.175135612487793,0.02295726351439953,-0.5280376076698303,-0.017630107700824738,0.13920986652374268,7.978857517242432,4.3151445388793945,1445.5216064453125,2652.80126953125,1.7119197845458984,0.025630123913288116,0.06793969124555588,0.027396220713853836,0.06377952545881271,0.09883642941713333,0.08922173827886581,0.05921623483300209,0.03792521730065346,0.027168428525328636,0.02241632342338562,0.007299484685063362
338,Josh Gudwin,I Miss You Amore (feat. Amaal Mallik),-13.791705,-13.026386,-11.116671562194824,10.742857933044434,0.009329120628535748,-0.010881839320063591,2.605496406555176,0.49997714161872864,-0.004074271188178272,4.814962481129371,3.7410576343536377,5.168984889984131,-7.131807804107666,-0.015508159063756466,-0.5827334523200989,0.004603534936904907,0.10190999507904053,7.562725067138672,12.851265907287598,900.9175415039062,1695.9365234375,2.6645073890686035,0.020570801571011543,0.10330966860055923,0.04299232363700867,0.08931826055049896,0.11390229314565659,0.0966002345085144,0.07508375495672226,0.04789312556385994,0.031248832121491432,0.019311964511871338,0.006308712996542454
339,Josh Gudwin,Crickets,-11.221373,-10.060523,-8.619919776916504,10.596355438232422,0.018216023221611977,-0.0036058544646948576,1.2692956924438477,0.4999900460243225,0.022117630421466535,6.323513996558861,3.6758790016174316,4.898446559906006,-7.206687927246094,-0.05431165173649788,-0.540441632270813,-0.009271543473005295,0.10585786402225494,7.962213039398193,9.306968688964844,1004.6051025390625,2014.4879150390625,2.2575149536132812,0.01837170124053955,0.18849438428878784,0.07636167109012604,0.1412184238433838,0.13914693892002106,0.11509798467159271,0.09127090871334076,0.06959644705057144,0.044994231313467026,0.028457608073949814,0.008489364758133888
340,Josh Gudwin,decode,-14.299008,-11.327223,-9.796449661254883,6.408300399780273,0.015151691623032093,0.018286289647221565,1.1990303993225098,0.49998244643211365,-0.020695974785523503,9.850543888869213,3.5331108570098877,4.744883060455322,-7.2203755378723145,0.07231077551841736,-0.5613687038421631,0.017255155369639397,0.11615012586116791,7.6953630447387695,7.800578594207764,1271.1500244140625,2107.56103515625,2.2044827938079834,0.0224204882979393,0.15380342304706573,0.06600473076105118,0.12425611168146133,0.12247048318386078,0.11185257136821747,0.08252701163291931,0.061132822185754776,0.03467053920030594,0.022173529490828514,0.006590744946151972
341,Josh Gudwin,Heart Wants What It Wants - Nicky Romero Remix,-8.929469,-8.572638,-8.133326530456543,4.380958080291748,0.01930767297744751,0.03096001222729683,1.2210326194763184,0.5000134706497192,-0.004386773264906813,6.861992631971964,4.241339683532715,5.187565326690674,-6.604495048522949,0.012960302643477917,-0.49021172523498535,-0.0023541797418147326,0.16295887529850006,8.583683013916016,3.39996600151062,2555.75634765625,4709.72265625,1.3833858966827393,0.026978204026818275,0.21355798840522766,0.08652932941913605,0.16090279817581177,0.1284254789352417,0.09044065326452255,0.07547527551651001,0.06482821702957153,0.05774467810988426,0.04761017858982086,0.020367590710520744
342,Josh Gudwin,Feather - Sped Up,-13.4104,-9.451162,-8.153729438781738,2.710651397705078,0.022110074758529663,0.06413894891738892,0.5758211612701416,0.4998610317707062,-0.018725974801295776,16.047857703920236,3.943208932876587,4.754619121551514,-8.407064437866211,-0.006113567389547825,-0.6954266428947449,-0.02147667109966278,0.14556333422660828,8.43630599975586,5.752382278442383,1663.539306640625,3094.339111328125,1.7566262483596802,0.02867046743631363,0.22728176414966583,0.09310935437679291,0.1600470393896103,0.14668945968151093,0.12563207745552063,0.11436130851507187,0.09253993630409241,0.061403315514326096,0.04068421572446823,0.012492471374571323
343,Josh Gudwin,Read your Mind,-9.401471,-8.442079,-7.798388481140137,5.640602111816406,0.02298904024064541,-0.0063915373757481575,0.18933701515197754,0.4999421238899231,-0.009518837479866373,12.516754727474972,3.634136915206909,4.271823883056641,-6.711579322814941,-0.00042903164285235107,-0.5203449726104736,-0.007067072670906782,0.15310028195381165,8.61438274383545,6.329231262207031,1360.430908203125,3504.959716796875,1.515153408050537,0.026567956432700157,0.2524902820587158,0.10351795703172684,0.17190107703208923,0.14600718021392822,0.11891236156225204,0.09346584230661392,0.08363904058933258,0.07059542089700699,0.054600536823272705,0.01960137113928795
344,Josh Gudwin,Him,-10.4638405,-8.76922,-7.331692695617676,8.034732818603516,0.021613813936710358,0.025775328278541565,0.7001259326934814,0.49996519088745117,-0.005025535401782513,7.235743463835024,3.814667224884033,4.482585430145264,-6.8115715980529785,-0.04359548166394234,-0.6552726626396179,8.9737368398346e-06,0.09767840057611465,7.729106903076172,18.946571350097656,1178.339111328125,2012.1583251953125,2.8048784732818604,0.016530929133296013,0.15339836478233337,0.06301024556159973,0.13362950086593628,0.1601548045873642,0.1639070212841034,0.13233669102191925,0.08662597835063934,0.061742596328258514,0.031657908111810684,0.008973960764706135
345,Josh Gudwin,Call on Me,-10.59336,-9.446811,-8.475374221801758,5.501362323760986,0.016548385843634605,0.04409915953874588,1.2845702171325684,0.49999645352363586,-0.015836542530408823,5.562216832853059,4.271220684051514,5.428095817565918,-6.935048580169678,0.011457473039627075,-0.45361608266830444,-0.012000937946140766,0.12273316085338593,8.426795959472656,3.4841818809509277,1661.9375,3131.78564453125,1.7463247776031494,0.019282743334770203,0.15667934715747833,0.06289886683225632,0.12341485172510147,0.13144725561141968,0.11479735374450684,0.09969958662986755,0.08531821519136429,0.06244976446032524,0.042369354516267776,0.011135614477097988
346,Josh Gudwin,Miracle Man,-9.75689,-8.846912,-7.97481632232666,4.309211254119873,0.022275997325778008,0.004803935531526804,0.3559908866882324,0.5001519322395325,-0.015125641044183595,8.455858065816958,3.7470035552978516,4.290441513061523,-7.028442859649658,0.01032367441803217,-0.5577970147132874,-0.013288355432450771,0.11693517863750458,8.069354057312012,15.245723724365234,1001.0602416992188,2129.95556640625,2.2697994709014893,0.021010683849453926,0.21493636071681976,0.08981023728847504,0.14701026678085327,0.15550437569618225,0.13401101529598236,0.1212071031332016,0.0868305116891861,0.053963206708431244,0.03641238436102867,0.01170484721660614
347,Josh Gudwin,Panic,-12.772624,-8.27066,-7.257102966308594,6.783440589904785,0.019429542124271393,-0.020236462354660034,0.6964285373687744,0.5001105070114136,0.03572888915249928,4.6508756540898135,3.857281446456909,5.233424186706543,-7.2129974365234375,-0.129968523979187,-0.3812665343284607,-0.034707073122262955,0.12699219584465027,8.699869155883789,3.9432058334350586,2287.16455078125,4018.912353515625,1.5541353225708008,0.01613006368279457,0.1954997032880783,0.08693874627351761,0.14211873710155487,0.12441285699605942,0.11358471214771271,0.11640612781047821,0.10033465176820755,0.09039118140935898,0.0579063855111599,0.01495779026299715
348,Josh Gudwin,Step Dad,-9.618994,-8.451955,-7.14935827255249,4.606105327606201,0.023160040378570557,-0.0016983287641778588,0.16458988189697266,0.5001242756843567,0.028170269502580277,5.503676289279892,3.4559574127197266,4.08492374420166,-6.983739376068115,-0.16420386731624603,-0.6102902889251709,-0.0003382858703844249,0.08455422520637512,7.584688186645508,24.210132598876953,1111.7127685546875,1787.1387939453125,3.272118091583252,0.013653811067342758,0.2206544578075409,0.08751528710126877,0.1606210321187973,0.14759479463100433,0.1564452350139618,0.13976635038852692,0.10234164446592331,0.07471514493227005,0.033802058547735214,0.007438723463565111
349,Josh Gudwin,how many things,-15.856762,-13.130629,-10.91796875,7.015680313110352,0.00894513912498951,0.22069060802459717,1.6222262382507324,0.4999362826347351,0.03917762417531959,21.84445511753157,3.682141065597534,5.4715681076049805,-7.315484523773193,-0.07595811039209366,-0.7609149217605591,0.029505375772714615,0.1000722199678421,7.431927680969238,12.920696258544922,1299.3541259765625,2101.473876953125,2.7339279651641846,0.01649884507060051,0.048292990773916245,0.007909632287919521,0.07326438277959824,0.10816791653633118,0.12332425266504288,0.07598637044429779,0.05196356773376465,0.0308638047426939,0.018994959071278572,0.004696045536547899
350,Josh Gudwin,Me Enamor,-11.015409,-10.044102,-9.595541954040527,4.397995948791504,0.014227586798369884,0.0241007748991251,0.9244401454925537,0.49979811906814575,0.007045231170580005,6.557367856208421,3.7686767578125,5.04021692276001,-7.432308197021484,-0.010097025893628597,-0.6756463050842285,0.01323926355689764,0.12531134486198425,8.233022689819336,3.4447286128997803,1110.874267578125,2323.30322265625,1.7581021785736084,0.023479249328374863,0.1508331447839737,0.06195179000496864,0.13335923850536346,0.12413755804300308,0.10336180031299591,0.08548567444086075,0.061995089054107666,0.046069107949733734,0.030977224931120872,0.00951835885643959
351,Josh Gudwin,Qu Diras,-15.642829,-13.890873,-9.13249683380127,5.522758483886719,0.01146258320659399,-0.027129685506224632,0.9365439414978027,0.49991080164909363,0.06838419560974508,3.2217370501066607,3.6085715293884277,4.777970314025879,-7.095848560333252,-0.04515397176146507,-0.6119029521942139,-0.006352495867758989,0.12887854874134064,8.129510879516602,3.2255148887634277,970.1713256835938,2215.901611328125,1.662628412246704,0.025370413437485695,0.1325969398021698,0.04190767556428909,0.1051584929227829,0.10879562795162201,0.11307858675718307,0.08094978332519531,0.05208296701312065,0.03762490674853325,0.025715254247188568,0.009683333337306976
352,Josh Gudwin,ME TENGO QUE IR,-13.00827,-10.493616,-9.194862365722656,4.667585849761963,0.014869112521409988,-0.12479858100414276,0.945734977722168,0.49999967217445374,0.015038232037324186,7.328232951961439,3.775116443634033,6.2112579345703125,-6.8920722007751465,-0.02466600015759468,-0.577584445476532,0.002335906494408846,0.10930856317281723,7.845576286315918,15.682501792907715,1308.0177001953125,2250.211181640625,2.6093764305114746,0.019408391788601875,0.1364145427942276,0.06940488517284393,0.10918322205543518,0.11978965997695923,0.11565075814723969,0.09776383638381958,0.08453451842069626,0.0471155121922493,0.027455909177660942,0.009486598894000053
353,Josh Gudwin,CORLEONE INTERLUDE,-15.003664,-9.347191,-8.515769004821777,6.853891372680664,0.018010543659329414,-0.01445230096578598,1.1159710884094238,0.5000118017196655,0.0031812225704984263,5.202529102872867,4.012091159820557,6.425853729248047,-6.82882833480835,-0.030314743518829346,-0.673684298992157,-0.004794956650584936,0.12507203221321106,8.26833438873291,11.330238342285156,1750.9876708984375,3265.555419921875,2.0341250896453857,0.019480504095554352,0.2199658900499344,0.10234764218330383,0.13534297049045563,0.1166418045759201,0.09595410525798798,0.08994706720113754,0.08536520600318909,0.06354808062314987,0.04341109097003937,0.014152337796986103
354,Josh Gudwin,"Hello, Billy Bob",-8.407676,-7.646746,-6.7079243659973145,6.174010753631592,0.021230658516287804,-0.0146110774949193,0.19958949089050293,0.5000927448272705,-0.052948495196388085,2.214540529404285,3.4991300106048584,4.238987922668457,-7.683271884918213,0.07992339134216309,-0.6762464642524719,-0.0061082118190824986,0.06758664548397064,7.161032199859619,60.700687408447266,1344.8255615234375,2178.335693359375,4.846949577331543,0.008492751978337765,0.18071474134922028,0.08026745170354843,0.13995978236198425,0.1388862431049347,0.13831084966659546,0.1413859724998474,0.11622418463230133,0.07844952493906021,0.0377749539911747,0.007158868946135044
355,Josh Gudwin,Folks,-12.185073,-8.626943,-7.534702777862549,7.383194446563721,0.021442757919430733,-0.02711309678852558,0.5071754455566406,0.5000373125076294,-0.012421256194457352,6.663153962220997,3.7268078327178955,5.3269267082214355,-6.989567279815674,-0.052375368773937225,-0.5222119688987732,0.0015721345553174615,0.12185731530189514,8.397791862487793,6.611386299133301,1604.1051025390625,3224.488037109375,1.8711516857147217,0.017661547288298607,0.24000969529151917,0.08249533176422119,0.1556272655725479,0.12599429488182068,0.11761406064033508,0.10562089085578918,0.091534823179245,0.07518474757671356,0.04930385947227478,0.01463209930807352
356,Josh Gudwin,Dancing By Night,-11.291896,-10.379943,-8.257111549377441,6.085967540740967,0.02493310160934925,0.015009655617177486,0.23294448852539062,0.4999663829803467,0.0029704839292943558,7.258049148410344,3.1129093170166016,3.7884886264801025,-6.945051670074463,-0.012872596271336079,-0.5274658799171448,-4.499301940086298e-05,0.07720302045345306,7.305004119873047,26.09552764892578,621.2774658203125,1108.94482421875,3.318305730819702,0.015084116719663143,0.35676196217536926,0.18678833544254303,0.16167281568050385,0.11565331369638443,0.10980578511953354,0.08821295946836472,0.08045849949121475,0.04600454866886139,0.02495574578642845,0.0059946211986243725
357,Josh Gudwin,Cuando Seas Grande,-13.599425,-11.050605,-9.866986274719238,6.812588214874268,0.011544954031705856,-0.05407236889004707,1.114743709564209,0.5000451803207397,0.006974337281810837,5.728466444920863,4.533217430114746,6.184920787811279,-7.325260162353516,0.007292804773896933,-0.47067418694496155,0.015039905905723572,0.12081946432590485,8.46663761138916,5.296816349029541,1598.120849609375,2974.299560546875,1.90842604637146,0.019806277006864548,0.1436544954776764,0.056371353566646576,0.12019798159599304,0.09816140681505203,0.10061471909284592,0.089791439473629,0.0816788524389267,0.06386954337358475,0.03489813208580017,0.010033369064331055
358,Josh Gudwin,PARANORMAL,-11.859458,-8.952455,-7.1173224449157715,9.217316627502441,0.01917525753378868,-0.01475831400603056,0.7626373767852783,0.5000038146972656,0.016367556189880218,5.419745766275827,3.8475866317749023,5.028631687164307,-6.750164031982422,-0.028394168242812157,-0.5653783679008484,-0.011801929213106632,0.12874536216259003,8.621745109558105,5.063408374786377,1946.57666015625,3446.30615234375,1.7570630311965942,0.020352499559521675,0.15249128639698029,0.06028437241911888,0.12442851811647415,0.13414764404296875,0.13041697442531586,0.12885135412216187,0.10277377814054489,0.07986173778772354,0.05142141506075859,0.016537783667445183
359,Josh Gudwin,Para No Verte Ms,-12.516327,-11.485803,-9.47266960144043,11.501930236816406,0.010845264419913292,0.020583363249897957,1.1674771308898926,0.5000173449516296,0.0006307638952680233,5.382597849029271,4.069186687469482,5.637273788452148,-7.332607269287109,0.011056911200284958,-0.5012570023536682,0.003385707503184676,0.12022650986909866,8.373887062072754,7.322878837585449,1573.560546875,3201.75830078125,1.8934522867202759,0.017616577446460724,0.14120365679264069,0.06002986431121826,0.10090804845094681,0.09462188929319382,0.0897022932767868,0.07978339493274689,0.07211530208587646,0.05878254026174545,0.03742178902029991,0.012290135957300663
360,Josh Gudwin,Don't I Make It Look Easy,-10.721855,-8.313835,-8.01116943359375,4.3264923095703125,0.02196773886680603,-0.013446724973618984,0.5227029323577881,0.5000775456428528,-0.023870071109574145,13.325109492118322,3.749074697494507,5.078782081604004,-7.794512748718262,0.009601341560482979,-0.6347141265869141,-0.03764570504426956,0.11363420635461807,8.162979125976562,4.155916213989258,1371.2960205078125,2642.548583984375,1.8178222179412842,0.017339445650577545,0.20734265446662903,0.08803785592317581,0.151923269033432,0.14834867417812347,0.13719496130943298,0.10589801520109177,0.08801905810832977,0.06775809824466705,0.04159235209226608,0.011322385631501675
361,Josh Gudwin,Heart Wants What It Wants,-9.288672,-8.414998,-7.644672393798828,5.5207929611206055,0.02248053252696991,0.035490959882736206,0.30468153953552246,0.5000274181365967,0.03142111576634931,7.8160688596725665,3.6344053745269775,4.916921615600586,-6.732381343841553,-0.03978259488940239,-0.4933364689350128,0.01337983924895525,0.11665478348731995,8.007034301757812,13.835359573364258,971.9010620117188,2063.995849609375,2.3845770359039307,0.021290136501193047,0.22056417167186737,0.09539658576250076,0.18877090513706207,0.15567703545093536,0.12001722306013107,0.10729366540908813,0.08885782957077026,0.059617821127176285,0.037837594747543335,0.011648764833807945
362,Josh Gudwin,Heart Wants What It Wants - MK Remix,-10.043271,-9.307653,-8.156964302062988,5.743690490722656,0.025742480531334877,-0.137441486120224,0.7142741680145264,0.5003775954246521,0.010124911133054039,14.56188430054652,4.046813011169434,4.314640998840332,-6.70267915725708,-0.021302564069628716,-0.5583065152168274,-0.009672577492892742,0.12601876258850098,8.140677452087402,4.329617977142334,1288.9967041015625,2647.847412109375,1.7506799697875977,0.02195163629949093,0.28906339406967163,0.12031830847263336,0.18115074932575226,0.12888941168785095,0.0999879240989685,0.08887512236833572,0.06877624243497849,0.0497794970870018,0.03619023784995079,0.013810202479362488
363,Josh Gudwin,bet u wann,-11.798601,-9.624513,-8.772611618041992,4.330530166625977,0.021125957369804382,-0.013543399050831795,0.7339005470275879,0.5000159740447998,0.008823943058471635,22.545233775953292,3.9427502155303955,4.6562910079956055,-7.395350456237793,-0.06775960326194763,-0.6195989847183228,-0.009127671830356121,0.1339624971151352,8.240570068359375,5.7688775062561035,1192.7613525390625,2642.65234375,1.6846299171447754,0.023458383977413177,0.22962918877601624,0.09383898228406906,0.1783241480588913,0.13816261291503906,0.10175338387489319,0.07392708212137222,0.05523430556058884,0.045965731143951416,0.03507765755057335,0.010924314148724079
364,Josh Gudwin,Already Over,-11.443437,-10.277526,-8.830354690551758,4.315305709838867,0.02089446596801281,0.01791110634803772,1.0617265701293945,0.49965643882751465,0.00593735150120465,30.12118276816725,3.8237247467041016,4.904080390930176,-7.661699295043945,-0.04724281281232834,-0.7407727241516113,0.02107255719602108,0.137115478515625,8.265685081481934,4.379600524902344,1605.8302001953125,2975.4013671875,1.6611945629119873,0.02382250688970089,0.20042014122009277,0.06268897652626038,0.14323735237121582,0.1364462673664093,0.12175728380680084,0.09798818826675415,0.0688038319349289,0.05120019242167473,0.036332570016384125,0.011762542650103569
365,Josh Gudwin,E No Fit Be Me,-14.196826,-13.398606,-12.168227195739746,7.351912498474121,0.008719862438738346,0.009525197558104992,3.531764507293701,0.5000429749488831,0.00777812166978853,10.403874637337047,4.300998210906982,7.338145732879639,-6.637381076812744,0.030395206063985825,-0.5275667309761047,0.009405864402651787,0.12099594622850418,8.274599075317383,4.5019707679748535,1264.0191650390625,2597.9873046875,1.9270539283752441,0.02223748341202736,0.13396798074245453,0.053893618285655975,0.08327614516019821,0.08292955160140991,0.07576743513345718,0.06918227672576904,0.049012742936611176,0.03662540391087532,0.022866912186145782,0.007701408583670855
366,Josh Gudwin,How High,-11.421605,-10.415749,-10.01317310333252,3.845123291015625,0.01740889996290207,0.013136986643075943,1.1313910484313965,0.5004199743270874,-0.0033664024827866497,16.73814826424957,4.08648157119751,5.1939616203308105,-6.94154691696167,-0.0034409111831337214,-0.6667894124984741,0.0021179162431508303,0.10710695385932922,8.041579246520996,10.845596313476562,1145.68408203125,2368.8134765625,2.276405096054077,0.01795089617371559,0.21329432725906372,0.10803046077489853,0.11785789579153061,0.11225927621126175,0.1067427545785904,0.09189891815185547,0.06681196391582489,0.047655265778303146,0.028826285153627396,0.011422652751207352
367,Josh Gudwin,Bad for Business,-13.390369,-11.849783,-10.424694061279297,7.089044094085693,0.011785185895860195,0.011078146286308765,2.4043455123901367,0.49997183680534363,-0.006116579105757841,7.0889988855145525,4.18882417678833,5.828536510467529,-7.149567604064941,7.337797433137894e-05,-0.5456893444061279,0.008073771372437477,0.16950158774852753,8.670794486999512,1.8877736330032349,1668.0721435546875,3625.321533203125,1.2085013389587402,0.03336802124977112,0.1328171342611313,0.049547530710697174,0.11213671416044235,0.11614557355642319,0.10190770030021667,0.07486830651760101,0.05019282177090645,0.03920212760567665,0.033418066799640656,0.013107556849718094
368,Josh Gudwin,Drink Water (feat. Jon Bellion and Fireboy DML),-11.59744,-10.069589,-8.982759475708008,6.951818466186523,0.014257256872951984,-0.0005627548671327531,1.5201778411865234,0.5000049471855164,0.0412274630194344,5.849906606459214,4.148059368133545,5.440854549407959,-6.8495283126831055,-0.05778096243739128,-0.5849961042404175,-0.003797990269958973,0.14466740190982819,8.556219100952148,2.4017014503479004,1758.0084228515625,3278.406982421875,1.4931361675262451,0.024360325187444687,0.1364995241165161,0.04814679175615311,0.10832832753658295,0.10047078877687454,0.11398093402385712,0.10960420966148376,0.08659213036298752,0.05972931906580925,0.038367997854948044,0.013570801354944706
369,Josh Gudwin,Rayando el Sol,-14.354754,-12.000427,-9.622550964355469,5.7342305183410645,0.012649180367588997,-0.07983171939849854,1.1302471160888672,0.5000664591789246,-0.025429543358856912,5.454479856353485,4.092495441436768,5.676820278167725,-7.171908855438232,0.03657545521855354,-0.45514795184135437,-0.006586732342839241,0.12504661083221436,8.440659523010254,3.790334701538086,1350.106201171875,2631.5087890625,1.77402663230896,0.02273906208574772,0.1636689305305481,0.07058534026145935,0.11250987648963928,0.0964541956782341,0.10416051745414734,0.09074344485998154,0.07804699242115021,0.053869009017944336,0.031129034236073494,0.010626555420458317
370,Josh Gudwin,When It Rains,-10.586815,-9.571723,-8.914022445678711,5.228505611419678,0.018618285655975342,-0.01866224780678749,0.10225200653076172,0.49995291233062744,-0.00031055392719612156,7.831846719653649,3.6454029083251953,4.309778690338135,-7.002116680145264,0.0015509268268942833,-0.49071744084358215,-0.011735248379409313,0.11215443909168243,8.115058898925781,8.186065673828125,924.8817749023438,2131.691650390625,2.024332046508789,0.018137773498892784,0.2480461597442627,0.10427562147378922,0.17881663143634796,0.11908094584941864,0.09686020761728287,0.08285883814096451,0.07479264587163925,0.05437062308192253,0.03407962620258331,0.010629702359437943
371,Josh Gudwin,Lonesome,-13.764889,-12.156812,-10.196377754211426,9.87332820892334,0.0127572575584054,-0.000657718803267926,1.5092267990112305,0.500038743019104,-0.01748111006023885,7.113006169655499,3.505197763442993,4.943669319152832,-7.169641971588135,-0.010017329826951027,-0.46884050965309143,-0.0304526649415493,0.08627954870462418,7.412224292755127,18.503555297851562,790.5562744140625,1480.6561279296875,3.0151801109313965,0.01521198358386755,0.147706538438797,0.05905011296272278,0.12224859744310379,0.12050706893205643,0.10573075711727142,0.07100580632686615,0.04357289522886276,0.030502114444971085,0.01864076964557171,0.004527049604803324
372,Josh Gudwin,Red Lights,-11.369011,-10.611634,-10.183493614196777,5.159896373748779,0.011666516773402691,0.04492395371198654,1.8609294891357422,0.5000078082084656,-0.0009626568952939903,8.25791004496794,4.251777648925781,5.84115743637085,-7.23507022857666,-0.009438193403184414,-0.5732893943786621,0.003112942911684513,0.1279163658618927,8.44348430633545,3.603268623352051,1640.0589599609375,3074.85546875,1.7092260122299194,0.019572123885154724,0.12187672406435013,0.050682079046964645,0.10085266083478928,0.10725650191307068,0.09813583642244339,0.0905797928571701,0.07372640818357468,0.05772057920694351,0.03320027142763138,0.010276980698108673
373,Josh Gudwin,Ireland,-10.56328,-9.791501,-9.08872127532959,5.239778518676758,0.014506680890917778,-0.01737889088690281,0.8711175918579102,0.5000913739204407,0.012773239055925032,3.4956016554656393,4.146371364593506,5.076948165893555,-6.810787677764893,-0.022107504308223724,-0.5303049087524414,0.009843838401138783,0.11060978472232819,8.259328842163086,4.200374603271484,1046.6053466796875,2153.252197265625,1.9017751216888428,0.01943771168589592,0.1703786700963974,0.06953331083059311,0.11710380762815475,0.1163104996085167,0.12131121009588242,0.10520070791244507,0.08310753107070923,0.052538782358169556,0.030388785526156425,0.010019558481872082
374,Josh Gudwin,Vicious,-7.3018956,-6.083036,-4.937387466430664,7.883426189422607,0.03203653171658516,-0.002287996467202902,0.39151883125305176,0.5000526905059814,0.03362589602831755,2.9779312779841693,3.474780797958374,4.625276565551758,-6.715330600738525,-0.02680681273341179,-0.42704907059669495,0.01502672117203474,0.11856000125408173,8.294340133666992,5.0475664138793945,1450.4517822265625,2799.2236328125,1.9087576866149902,0.019038543105125427,0.20530188083648682,0.08540278673171997,0.16138195991516113,0.17012248933315277,0.1836686134338379,0.15701791644096375,0.12932024896144867,0.08721930533647537,0.056239306926727295,0.015345931053161621
375,Josh Gudwin,Miami,-15.872216,-10.961047,-8.348387718200684,13.7189302444458,0.01660039648413658,0.046350717544555664,1.9320073127746582,0.4999879002571106,0.00697613308793733,13.3827081076644,3.845515727996826,4.845880508422852,-6.940250873565674,-0.02721460722386837,-0.6460023522377014,0.0042021870613098145,0.13113804161548615,8.323943138122559,6.560081958770752,1769.6851806640625,3239.5556640625,1.910675287246704,0.021983381360769272,0.15672741830348969,0.06590653955936432,0.13735219836235046,0.11407489329576492,0.10439939796924591,0.0827670693397522,0.06960340589284897,0.05981465429067612,0.04064507782459259,0.014255160465836525
376,Josh Gudwin,BICHOTAG,-9.917905,-8.776823,-8.396563529968262,3.3865857124328613,0.024492908269166946,-0.024104278534650803,0.939528226852417,0.49964919686317444,-0.0025379125505423567,138.17564057258005,3.8967649936676025,4.8548078536987305,-7.746270656585693,0.03874975070357323,-1.049316167831421,-0.020004935562610626,0.10361038148403168,7.468679904937744,16.701196670532227,1111.537353515625,2065.488525390625,2.6341018676757812,0.01793849840760231,0.22343461215496063,0.07524672895669937,0.1673518717288971,0.13399676978588104,0.1450750082731247,0.09843630343675613,0.074253611266613,0.050834570080041885,0.0345904715359211,0.009675776585936546
377,Josh Gudwin,GATAS,-9.880778,-9.308274,-8.569363594055176,5.980325698852539,0.020834948867559433,0.05595244839787483,0.9179840087890625,0.4998824894428253,-0.003436399545984052,22.75407462199227,3.5292904376983643,4.395103931427002,-7.339860439300537,0.017056725919246674,-0.8881404995918274,0.0021972728427499533,0.09127915650606155,7.6078667640686035,15.46987247467041,910.1995239257812,1615.9439697265625,2.7503719329833984,0.015564501285552979,0.1904199719429016,0.06903839856386185,0.14126363396644592,0.1276881843805313,0.14546705782413483,0.11655306071043015,0.08768585324287415,0.05737844854593277,0.030357399955391884,0.008218889124691486
378,Josh Gudwin,Bota Fuego,-11.010871,-9.46172,-8.788383483886719,4.113627910614014,0.016229871660470963,0.025330867618322372,0.6324870586395264,0.49991145730018616,-0.0064128589430934736,4.431329282714867,3.943203926086426,5.084993839263916,-7.025081157684326,-0.039844706654548645,-0.5487555861473083,-0.004342534579336643,0.10249965637922287,7.703353404998779,14.672567367553711,1094.7916259765625,2029.796142578125,2.5137853622436523,0.016654903069138527,0.1617552936077118,0.06041847914457321,0.126394122838974,0.12163818627595901,0.12542182207107544,0.10690507292747498,0.06778468936681747,0.04705346003174782,0.028201108798384666,0.008753867819905281
379,Josh Gudwin,CAMA KING (feat. Chita),-10.561514,-9.726689,-9.301475524902344,3.902040481567383,0.014923240058124065,-0.0879921093583107,1.848374366760254,0.5001066327095032,0.011934928888274727,8.560382082421386,4.246264934539795,5.417702674865723,-6.966766834259033,0.015638096258044243,-0.6415652632713318,0.034270741045475006,0.12389501184225082,8.283649444580078,24.497783660888672,1766.05810546875,3192.905517578125,2.396573781967163,0.01864684373140335,0.1635434776544571,0.06107281893491745,0.1019100770354271,0.0936952456831932,0.10021985322237015,0.09579920768737793,0.0879075825214386,0.0650148019194603,0.039776820689439774,0.013557730242609978
380,Tony Maserati,Hallelujah,-14.422111,-13.006542,-8.52828598022461,10.994474411010742,0.012455464340746403,0.0288991816341877,1.3499364852905273,0.49996083974838257,-0.05279851512289846,3.775791979527877,7.0811767578125,8.343084335327148,-6.570769786834717,0.04809850454330444,-0.47655192017555237,-0.02282465063035488,0.11408226191997528,8.17069149017334,9.490021705627441,1868.2218017578125,3030.168212890625,2.3622207641601562,0.017180146649479866,0.12431744486093521,0.053099196404218674,0.0891226977109909,0.08768567442893982,0.10315902531147003,0.10213838517665863,0.10179511457681656,0.06170805171132088,0.038192495703697205,0.007795851211994886
381,Tony Maserati,This Is Me Letting You Go,-10.791983,-9.434657,-8.629388809204102,4.238336563110352,0.016276126727461815,-0.007230314426124096,1.0816378593444824,0.500167965888977,0.015094862237954202,16.82818520810654,4.233526229858398,5.336014270782471,-7.382030010223389,-0.06022839620709419,-0.8239437937736511,-0.031025493517518044,0.1040453091263771,8.08586597442627,8.425045013427734,1436.400390625,2501.110107421875,2.2941737174987793,0.015541080385446548,0.11219114810228348,0.03879591077566147,0.1011027991771698,0.129087895154953,0.1453699767589569,0.1268574744462967,0.11051036417484283,0.07063080370426178,0.037404321134090424,0.009978273883461952
382,Tony Maserati,Lose Control - Strings Version,-11.990425,-8.449293,-7.437289237976074,3.594852924346924,0.02738742157816887,0.0059881992638111115,0.37261486053466797,0.5001128315925598,0.0025686062875392214,22.670783651401752,3.3097586631774902,4.231308460235596,-7.517117977142334,0.0804053395986557,-0.6653605103492737,0.015090353786945343,0.10734397917985916,8.03901195526123,5.157258033752441,1223.9947509765625,2412.848388671875,1.9593596458435059,0.017044955864548683,0.2510785162448883,0.10767912119626999,0.17310190200805664,0.15784287452697754,0.14357522130012512,0.12279490381479263,0.09924343973398209,0.06868215650320053,0.046732187271118164,0.010849295184016228
383,Tony Maserati,Nice To Meet You,-22.798868,-17.962809,-12.279167175292969,3.7427597045898438,0.007606580853462219,-0.07412829995155334,0.8952245712280273,0.5000006556510925,-0.029065416537148895,17.91126893762625,3.54775333404541,5.059911727905273,-7.36479377746582,0.10301586240530014,-0.8049740195274353,0.011226002126932144,0.08667550981044769,7.091837406158447,18.822978973388672,1248.721923828125,1833.2183837890625,3.3499755859375,0.015098250471055508,0.08775044232606888,0.03338601440191269,0.09150034189224243,0.0995587483048439,0.09756989777088165,0.06804554909467697,0.03894523158669472,0.023205244913697243,0.012925689108669758,0.0032220659777522087
384,Tony Maserati,FAKE,-13.472158,-12.169337,-11.104547500610352,6.040783882141113,0.011457433924078941,-0.04813734069466591,2.520084857940674,0.4999675750732422,-0.013135389025835859,19.55062114487831,4.043557167053223,6.874062538146973,-7.134308815002441,0.020359771326184273,-0.8018109202384949,-0.0004381643084343523,0.08675100654363632,7.734944820404053,13.237337112426758,1060.3077392578125,1935.0367431640625,2.6454896926879883,0.013416941277682781,0.14348925650119781,0.06803618371486664,0.10525047779083252,0.10513529926538467,0.08747334778308868,0.06948882341384888,0.05694868788123131,0.0397968553006649,0.022948795929551125,0.005396852269768715
385,Tony Maserati,Mo Money Mo Problems (feat. Puff Daddy & Mase) - Instrumental 2014 Remaster,-15.96896,-14.331611,-12.962663650512695,3.1740522384643555,0.007303976453840733,0.033340632915496826,5.165828704833984,0.49998149275779724,0.033088483212904155,14.173628647039273,5.269103050231934,9.073657035827637,-6.6298089027404785,0.023443887010216713,-0.5563294291496277,-0.045364148914813995,0.17323268949985504,8.794010162353516,1.3258123397827148,3036.8037109375,5205.81787109375,1.2307868003845215,0.029048610478639603,0.11845692992210388,0.03445378690958023,0.08465702086687088,0.06685180217027664,0.04397616162896156,0.03719550743699074,0.03498627990484238,0.035871025174856186,0.02656259946525097,0.00971495546400547
386,Tony Maserati,Be U (216 Hz) (feat. iann dior) - Inspired by Maejor Frequency,-9.6324415,-8.786172,-7.024288177490234,2.3071770668029785,0.024310417473316193,0.04285358637571335,-0.044161081314086914,0.49995478987693787,-6.350762932543786e-05,6.376453448215296,3.6406033039093018,4.061237335205078,-6.653402328491211,0.006041559856384993,-0.5200344920158386,0.002359956968575716,0.10336213558912277,8.075867652893066,6.871086120605469,976.4677734375,2129.671630859375,2.06545090675354,0.016145531088113785,0.24194040894508362,0.10772313922643661,0.19208043813705444,0.1388801783323288,0.12998880445957184,0.1276402771472931,0.09786725044250488,0.0669226199388504,0.04019107297062874,0.013060019351541996
387,Tony Maserati,MIESES LEBEN  WOLKEN (feat. Haiyti),-17.520641,-13.229455,-11.691701889038086,8.917049407958984,0.008575794287025928,0.00159923464525491,2.1499533653259277,0.5000246167182922,0.03130150996749928,7.606361093643743,4.336266994476318,6.450927257537842,-7.181514263153076,0.037271492183208466,-0.7386764287948608,-0.022600065916776657,0.11706392467021942,8.177178382873535,9.880075454711914,1588.75732421875,2736.14794921875,2.262305736541748,0.01936604268848896,0.11441534757614136,0.04664795845746994,0.08471217751502991,0.09913022071123123,0.09305275231599808,0.07085224986076355,0.0536629743874073,0.03787291795015335,0.022515062242746353,0.006468212231993675
388,Tony Maserati,Stay Above,-12.420672,-9.459942,-7.891623020172119,7.58181095123291,0.015984971076250076,-0.023429367691278458,1.2324767112731934,0.49994131922721863,-0.0193688421982205,7.425240488938868,4.191660404205322,7.854496479034424,-7.067368984222412,-0.01166573353111744,-0.5799990296363831,-0.02618156373500824,0.13367435336112976,8.428383827209473,3.7091169357299805,1846.7452392578125,3440.292724609375,1.7136114835739136,0.02161410264670849,0.12306401878595352,0.04810205101966858,0.0930013656616211,0.10950292646884918,0.12939871847629547,0.11750740557909012,0.10980986058712006,0.07020086795091629,0.04435499757528305,0.01446522492915392
389,Tony Maserati,Shining Star,-13.733038,-11.392585,-7.897875785827637,14.101146697998047,0.014575810171663761,0.04569710046052933,1.8335394859313965,0.49989497661590576,0.012804179534444222,6.770452218380889,4.21408224105835,6.855132579803467,-7.294528007507324,0.0005912041524425149,-0.49732711911201477,0.0029991581104695797,0.12900453805923462,8.220565795898438,13.241406440734863,1887.71533203125,3503.5546875,2.247223138809204,0.02090240828692913,0.11044736206531525,0.041446503251791,0.1013801097869873,0.11329478770494461,0.11254079639911652,0.10479648411273956,0.08934754878282547,0.06824741512537003,0.042691800743341446,0.014498035423457623
390,Tony Maserati,DeLorean,-15.983657,-11.163684,-7.364039421081543,4.160630702972412,0.02148282900452614,-0.02372126467525959,0.6355388164520264,0.5000043511390686,-0.00012961572566580408,9.186175930752707,3.8736073970794678,4.510718822479248,-6.977884292602539,0.0040367599576711655,-0.6412434577941895,0.008577564731240273,0.1349109560251236,8.553118705749512,2.682722568511963,1712.7193603515625,3091.482666015625,1.6046453714370728,0.02382369339466095,0.18418733775615692,0.07776162773370743,0.14275509119033813,0.1466306746006012,0.15570180118083954,0.132553830742836,0.107057124376297,0.07292910665273666,0.04692130908370018,0.014847188256680965
391,Tony Maserati,What Can I Do,-14.982963,-12.721198,-10.222844123840332,12.368498802185059,0.012610410340130329,0.1424841582775116,1.0561981201171875,0.4999001622200012,-0.03428779679072742,8.973713630944346,3.4008264541625977,5.346614360809326,-7.286369800567627,0.03244305029511452,-0.663173258304596,-0.03952964395284653,0.06821421533823013,6.600286483764648,36.74740982055664,743.7251586914062,1108.96337890625,4.393468379974365,0.012831097468733788,0.152828186750412,0.060795772820711136,0.12660826742649078,0.12104208022356033,0.11509004235267639,0.08213774859905243,0.04459107294678688,0.021026652306318283,0.012467526830732822,0.003384642070159316
392,Tony Maserati,"The World Is Filled... (feat. Too Short, Puff Daddy) - 2005 Remaster",-9.184902,-8.843171,-8.718000411987305,2.705444812774658,0.021044842898845673,0.022295862436294556,1.5049138069152832,0.4999650716781616,-0.016924712399506214,182.76487131109607,4.395298480987549,5.072818756103516,-8.301172256469727,0.0464489609003067,-0.9670490026473999,-0.041787464171648026,0.14336208999156952,8.398622512817383,1.818066954612732,1635.934326171875,3517.2666015625,1.3363057374954224,0.024035105481743813,0.19713662564754486,0.08755213767290115,0.1659480333328247,0.1380658745765686,0.11020021885633469,0.08921600878238678,0.0675133541226387,0.05420297756791115,0.04425286874175072,0.017087269574403763
393,Tony Maserati,Everything To Everyone - Extended Version,-13.504254,-11.753256,-9.361593246459961,8.572057723999023,0.010438214987516403,0.04279010370373726,1.51102876663208,0.4999935030937195,-0.06085515343383797,3.054210232961443,3.88893461227417,5.684113502502441,-7.01198673248291,0.11707007884979248,-0.43073806166648865,0.03616306185722351,0.08653990924358368,7.537067413330078,22.699495315551758,1259.6134033203125,1932.2000732421875,3.29496431350708,0.013689708895981312,0.07371678203344345,0.030954839661717415,0.07517282664775848,0.09400997310876846,0.1047072783112526,0.10516253113746643,0.09067665785551071,0.04693715646862984,0.023591671139001846,0.004608687479048967
394,Tony Maserati,Million To One  Could Have Been Me (Reprise),-22.251726,-16.22783,-8.043383598327637,9.095455169677734,0.013165270909667015,0.009610658511519432,1.8972759246826172,0.49999988079071045,-0.01458210764439992,6.531977786567207,4.06545352935791,5.695777416229248,-8.82946491241455,0.014960633590817451,-0.5567678213119507,-0.021944699808955193,0.13027584552764893,8.355636596679688,5.479331970214844,2276.7080078125,3608.20458984375,1.9193511009216309,0.02140943706035614,0.11605387181043625,0.0506950281560421,0.10138028860092163,0.10318176448345184,0.10308939963579178,0.09862351417541504,0.08439931273460388,0.0610293447971344,0.03566264361143112,0.008990000933408737
395,Tony Maserati,Dating The Devil,-10.74592,-9.053524,-7.701249599456787,10.562812805175781,0.017976954579353333,0.0043001254089176655,1.4872536659240723,0.5001540780067444,-0.0017066830681636586,5.274740021155662,4.289987087249756,5.560517311096191,-7.809770584106445,-0.00628271559253335,-0.5547751188278198,-0.014717292971909046,0.14653219282627106,8.620626449584961,3.7326273918151855,2210.236328125,4154.76123046875,1.6017451286315918,0.024703150615096092,0.16796061396598816,0.05831114947795868,0.1201188713312149,0.10460814833641052,0.11400942504405975,0.1030329242348671,0.10092214494943619,0.07030919194221497,0.05494999140501022,0.016399839892983437
396,Tony Maserati,Never Be Mine,-12.054973,-11.048597,-9.095096588134766,10.653679847717285,0.01644500531256199,-0.012794800102710724,0.566370964050293,0.4999579191207886,-0.026469915302689863,6.726516854875205,3.454484701156616,4.355813980102539,-6.767784595489502,-0.13408085703849792,-0.5351371169090271,-0.05106016620993614,0.07050247490406036,7.10868501663208,42.88111877441406,867.447265625,1554.5484619140625,4.47648286819458,0.01247120089828968,0.20987240970134735,0.1003139466047287,0.12172195315361023,0.09814988076686859,0.10619783401489258,0.10056807100772858,0.09298168122768402,0.05212407559156418,0.025083672255277634,0.004834718070924282
397,Tony Maserati,Holding Out for a Hero,-10.613941,-8.215489,-7.507955551147461,5.574074745178223,0.01998640038073063,0.00428480701521039,0.2779672145843506,0.49996623396873474,-0.07548676545349135,4.804757325008895,3.6509029865264893,4.485800266265869,-7.447478771209717,0.03174067288637161,-0.4490852355957031,-0.03740570321679115,0.1407855600118637,8.657716751098633,9.025715827941895,1804.2989501953125,3975.711669921875,1.7033843994140625,0.02243313379585743,0.22695094347000122,0.08804526925086975,0.16944874823093414,0.1432558298110962,0.11225594580173492,0.09243761748075485,0.08616159856319427,0.0729723870754242,0.054519739001989365,0.019005099311470985
398,Tony Maserati,Get Up,-12.2399435,-9.12991,-9.045724868774414,2.3300094604492188,0.02059769257903099,0.002533866325393319,0.8069653511047363,0.49996432662010193,-0.007554412668978479,29.540194511090426,3.458411455154419,5.013069152832031,-8.986083030700684,-0.008990217931568623,-0.9050135612487793,-0.04232263192534447,0.08656764030456543,7.4289631843566895,12.076537132263184,993.694580078125,1511.81494140625,2.831263542175293,0.016187245026230812,0.22784388065338135,0.07672213017940521,0.18164998292922974,0.1455937772989273,0.11940830200910568,0.09465636312961578,0.06116209179162979,0.035937000066041946,0.020797137171030045,0.005409971345216036
399,Tony Maserati,Bruises,-34.511093,-27.515715,-17.945661544799805,18.19525718688965,0.0015132020926102996,-0.08172697573900223,5.9009294509887695,0.5007380247116089,-0.03174126127288723,4.973127400567021,3.909895420074463,7.0955328941345215,-11.477084159851074,0.1808243691921234,-0.5630185604095459,0.022581476718187332,0.11859600991010666,8.13074779510498,8.770965576171875,2008.5955810546875,3159.45361328125,2.3061106204986572,0.019962863996624947,0.03713924437761307,0.015774264931678772,0.028970466926693916,0.02988876961171627,0.029948968440294266,0.02804987132549286,0.020132141187787056,0.013260019943118095,0.009141993708908558,0.002509739249944687
400,Tony Maserati,Million To One - from the Amazon Original Movie Cinderell,-12.561338,-11.725909,-10.089225769042969,6.434520721435547,0.010559260845184326,-0.10502772033214569,0.9404761791229248,0.5000525116920471,0.011606230623288942,4.859226240256733,4.013216972351074,5.2343034744262695,-7.012368679046631,-0.030021578073501587,-0.5676673054695129,0.0023741803597658873,0.09914271533489227,7.8365607261657715,11.92353343963623,1289.5830078125,2423.17333984375,2.4973807334899902,0.015987368300557137,0.12934857606887817,0.051113925874233246,0.07992463558912277,0.10245268791913986,0.09360309690237045,0.09601037204265594,0.07884135097265244,0.05137812718749046,0.03443022072315216,0.007971765473484993
401,Tony Maserati,No-Return (Into the unknown),-8.885325,-7.7537637,-7.139586448669434,2.9821157455444336,0.023461677134037018,-0.0242179986089468,0.47763919830322266,0.5006346106529236,0.017171247972342492,7.14335356559847,4.0386433601379395,4.622529983520508,-6.955127239227295,-0.033367205411195755,-0.4758424460887909,0.006136511918157339,0.14237168431282043,8.547268867492676,2.117727518081665,1811.12548828125,3480.22802734375,1.458535075187683,0.023375485092401505,0.23361122608184814,0.08848303556442261,0.17129766941070557,0.1440463811159134,0.1077992171049118,0.09815337508916855,0.09255753457546234,0.07436179369688034,0.05193613842129707,0.016380326822400093
402,Tony Maserati,Don't Tell My Mom,-12.473001,-11.270443,-9.832681655883789,9.304165840148926,0.012590223923325539,0.013977380469441414,1.9918336868286133,0.500087320804596,-0.06285419875605601,4.352972212365077,3.653514862060547,5.494760990142822,-6.8242692947387695,0.06076157093048096,-0.5898209810256958,-0.00921868346631527,0.09147913008928299,7.479966640472412,13.7896728515625,1011.940185546875,1743.8695068359375,2.837190628051758,0.01636427268385887,0.14828598499298096,0.051896948367357254,0.1329510360956192,0.09971293061971664,0.10289108753204346,0.07654909044504166,0.05997692793607712,0.033159561455249786,0.020186658948659897,0.005627532955259085
403,Tony Maserati,Slow Dance (feat. Ava Max),-17.594812,-13.060953,-10.320013046264648,12.2257661819458,0.009253180585801601,0.09077359735965729,2.814697265625,0.500039279460907,-0.019079425200139666,7.3835529094489445,4.0941619873046875,7.170973777770996,-9.244745254516602,0.02084498666226864,-0.5637844204902649,-0.01358577236533165,0.12981295585632324,8.228744506835938,8.854949951171875,1816.6973876953125,3256.57275390625,2.023935556411743,0.022148029878735542,0.11478722095489502,0.047148507088422775,0.0735071450471878,0.07899829745292664,0.08709170669317245,0.08204735815525055,0.06684056669473648,0.05044891685247421,0.03197720646858215,0.010117592290043831
404,Tony Maserati,All Of It All,-9.9058075,-8.641451,-8.032057762145996,4.770481109619141,0.022144591435790062,-0.04871658608317375,0.9594178199768066,0.5000536441802979,0.01454682032430217,18.592600370262215,4.176746845245361,5.047863006591797,-7.076340198516846,-0.04488157853484154,-0.6734543442726135,-0.010167703963816166,0.10596872121095657,7.81548547744751,13.182879447937012,1096.4091796875,2144.653564453125,2.369516611099243,0.016995031386613846,0.19876693189144135,0.07939647883176804,0.16940535604953766,0.1418105512857437,0.13241110742092133,0.09203539043664932,0.07707491517066956,0.0534842349588871,0.03363995999097824,0.01114086713641882
405,Tony Maserati,Impurities,-15.875891,-11.012658,-9.277257919311523,6.369693756103516,0.015490229241549969,-0.006081101018935442,1.2589960098266602,0.5000683665275574,-0.05193432168431267,7.8157925576907115,3.7678442001342773,5.284113883972168,-8.262381553649902,0.0281080175191164,-0.5485678911209106,-0.022828714922070503,0.1231195256114006,8.221671104431152,8.562845230102539,1510.591552734375,2704.112060546875,2.009495496749878,0.02068464830517769,0.18552251160144806,0.0751737505197525,0.1343338042497635,0.12337290495634079,0.11228428781032562,0.08706618845462799,0.06626248359680176,0.047659438103437424,0.03397965058684349,0.010189825668931007
406,Tony Maserati,Moon,-10.552248,-9.487539,-8.878255844116211,3.0230493545532227,0.020795082673430443,-0.05703747645020485,0.3425474166870117,0.5002405643463135,-0.047552709877584004,11.772879125308584,3.4374382495880127,4.128173828125,-7.017978191375732,-0.014242690987884998,-0.6984933614730835,-0.0389258973300457,0.09006950259208679,7.44300651550293,25.209157943725586,778.4192504882812,1595.493896484375,3.143611431121826,0.016965974122285843,0.23531979322433472,0.10638879239559174,0.15124839544296265,0.15687577426433563,0.15393732488155365,0.10353689640760422,0.06430310010910034,0.04056479036808014,0.02807319536805153,0.008408589288592339
407,Tony Maserati,KING,-14.267188,-12.150822,-11.297593116760254,3.792050361633301,0.01296614482998848,-0.0138600654900074,0.39826488494873047,0.5000486373901367,0.009854880539274219,9.443576831261254,3.5099968910217285,4.5925703048706055,-7.256901741027832,0.029781527817249298,-0.6167405843734741,-0.006881336215883493,0.07839391380548477,7.584956645965576,16.103504180908203,857.3526000976562,1410.3785400390625,3.094244956970215,0.01351140532642603,0.2074993997812271,0.09897064417600632,0.10079973191022873,0.09299726784229279,0.10982966423034668,0.09898871928453445,0.06719239056110382,0.03656711429357529,0.018543163314461708,0.004074287600815296
408,Tony Maserati,Perfect (Reprise),-22.57598,-15.920645,-10.887075424194336,17.038570404052734,0.00490071065723896,0.023208385333418846,4.857318878173828,0.5000064969062805,0.11677002550895041,1.5417021925995225,3.5054194927215576,6.055698394775391,-8.734695434570312,-0.13489171862602234,-0.3409058153629303,-0.04529687762260437,0.06935224682092667,6.5792927742004395,71.23670959472656,1479.6531982421875,1921.8731689453125,5.853547096252441,0.009545672684907913,0.04084524139761925,0.01650848425924778,0.042686931788921356,0.0655033215880394,0.0762060135602951,0.07031860947608948,0.04211534932255745,0.02247573435306549,0.01095171831548214,0.0015498979482799768
409,Tony Maserati,Higher (feat. Lukas Graham),-12.752785,-9.698956,-8.698184967041016,5.112448215484619,0.017631221562623978,0.018441930413246155,1.391434669494629,0.4998604357242584,-0.003153763235313469,13.309953407959505,4.5226359367370605,5.814226150512695,-8.102579116821289,0.006328493822365999,-0.6244487762451172,-0.00254772137850523,0.12533533573150635,8.373994827270508,7.612975597381592,1661.2535400390625,3046.9267578125,1.9389864206314087,0.019338367506861687,0.17282932996749878,0.07840298861265182,0.1199396625161171,0.11058174073696136,0.10737594962120056,0.10268467664718628,0.08755708485841751,0.06328645348548889,0.03856069967150688,0.011253869161009789
410,Tony Maserati,The New Barry,-17.486313,-10.418779,-7.805816650390625,2.9447593688964844,0.02072387933731079,0.007331270724534988,1.8324236869812012,0.5000877976417542,-0.005641743965733198,22.491546029673323,5.440407752990723,6.662420272827148,-10.108331680297852,0.03763715922832489,-0.7064917087554932,-0.01141047477722168,0.17221695184707642,8.814932823181152,1.6966278553009033,3335.756591796875,5231.39013671875,1.2060778141021729,0.024918127804994583,0.18169032037258148,0.04851951822638512,0.12273626774549484,0.10384758561849594,0.11382346600294113,0.09719833731651306,0.08502646535634995,0.07203351706266403,0.055560629814863205,0.019991913810372353
411,Tony Maserati,Jealous,-15.896597,-15.286913,-14.511096000671387,6.04838752746582,0.004259758163243532,0.03295271098613739,1.3338470458984375,0.49982950091362,-0.00937487155066543,8.246557961354972,4.14171028137207,6.0130228996276855,-6.989142894744873,0.012246550060808659,-0.5660917162895203,-0.0016481594648212194,0.1384986788034439,8.578060150146484,3.1224138736724854,1831.1038818359375,3795.324462890625,1.5294843912124634,0.0212490763515234,0.09665558487176895,0.0374385230243206,0.0667128637433052,0.05488331615924835,0.053448159247636795,0.0500822514295578,0.04431062191724777,0.03588218241930008,0.024598803371191025,0.008121893741190434
412,Tony Maserati,Howling at the Moon,-15.904472,-13.06678,-10.686948776245117,10.362600326538086,0.011946791782975197,-0.019082579761743546,2.347550868988037,0.5000056028366089,-0.0053960416813191164,13.297544634277429,3.773531675338745,5.788960933685303,-7.766712665557861,-0.10357093065977097,-0.6250568628311157,0.015174703672528267,0.1016794890165329,7.812873840332031,9.44853401184082,1214.02294921875,2080.27197265625,2.5521650314331055,0.018834633752703667,0.1422138214111328,0.059196826070547104,0.0903358906507492,0.09458774328231812,0.08596203476190567,0.07796823978424072,0.05323971062898636,0.0339525081217289,0.021685978397727013,0.00618605175986886
413,Tony Maserati,Never Change,-11.624966,-10.439741,-9.157114028930664,7.35264778137207,0.011036919429898262,0.011316968128085136,1.0593609809875488,0.49998000264167786,-0.007697945369049394,2.2001834154397644,3.7557950019836426,5.149066925048828,-6.786563873291016,-0.022832581773400307,-0.5251019597053528,-0.004587928764522076,0.07622741907835007,7.297800540924072,28.641597747802734,908.2828979492188,1674.5849609375,3.7106380462646484,0.012070802040398121,0.09624362736940384,0.0303021352738142,0.10453670471906662,0.10771585255861282,0.1364995688199997,0.09850113838911057,0.07175281643867493,0.04249712452292442,0.022384533658623695,0.0060470676980912685
414,Tony Maserati,Show Me Love (America) - 2021 Master,-11.040948,-10.086132,-6.960465431213379,11.254737854003906,0.018048236146569252,0.005340041127055883,0.724409818649292,0.5000322461128235,0.07784354604786077,3.5840356092679153,3.6613919734954834,4.558115482330322,-6.4875006675720215,-0.08189322799444199,-0.44817835092544556,-0.0008209553197957575,0.12398070096969604,8.445042610168457,5.803430080413818,1329.7652587890625,2950.0087890625,1.8810806274414062,0.020551934838294983,0.16508996486663818,0.07516159117221832,0.13980750739574432,0.13845795392990112,0.12442990392446518,0.10853152722120285,0.08843770623207092,0.07018942385911942,0.048769623041152954,0.0140881622210145
415,Tony Maserati,Home Movies (feat. Mickey Guyton),-12.858953,-11.440647,-8.909632682800293,10.034759521484375,0.014296622015535831,-0.02525130845606327,1.5350708961486816,0.4999183416366577,-0.04229058766848949,5.42451482641507,3.866913318634033,5.729818820953369,-7.155864238739014,0.0382816344499588,-0.6513500809669495,-0.009791407734155655,0.10394290089607239,7.848143100738525,7.0610785484313965,1009.8671875,1956.23974609375,2.225205659866333,0.018887614831328392,0.15044786036014557,0.05258297920227051,0.12096745520830154,0.12191598862409592,0.11240897327661514,0.09255793690681458,0.07112862914800644,0.04514840617775917,0.0290999673306942,0.009138084016740322
416,Tony Maserati,Dream Girl,-15.461385,-12.344896,-8.7823486328125,12.321697235107422,0.013553488999605179,0.02425144612789154,2.1298742294311523,0.49998176097869873,-0.009652467443184674,6.05624982365433,4.236948013305664,6.060332775115967,-7.605442523956299,0.02232551947236061,-0.5196636915206909,-0.031280457973480225,0.11729977279901505,8.185625076293945,13.881478309631348,1774.633056640625,2926.35009765625,2.2708072662353516,0.01798291690647602,0.14435838162899017,0.05427158623933792,0.09483932703733444,0.08790888637304306,0.09368260204792023,0.09168116003274918,0.09007546305656433,0.060205891728401184,0.03492225334048271,0.008797852322459221
417,Tony Maserati,One By One,-14.194966,-12.61329,-9.31805419921875,11.820743560791016,0.01034139096736908,-0.0072289942763745785,1.9796695709228516,0.4999792277812958,-0.009565082169638212,2.760988636969953,3.7572150230407715,6.562938690185547,-6.625569820404053,0.08986446261405945,-0.47329360246658325,0.018560927361249924,0.07286044210195541,7.2086181640625,41.719181060791016,1013.04345703125,1617.3328857421875,4.378146648406982,0.011371158063411713,0.11569295078516006,0.04359697923064232,0.07858046889305115,0.08817896246910095,0.10563397407531738,0.09395731985569,0.07123677432537079,0.04380613937973976,0.021346213296055794,0.004388116300106049
418,Tony Maserati,The Feels,-13.353745,-7.759065,-6.377202987670898,4.3331217765808105,0.0242915116250515,-0.050141461193561554,0.5705735683441162,0.5002127885818481,-0.007225759202480529,6.307602124699868,4.016501426696777,5.31916618347168,-7.020105361938477,-0.0017912068869918585,-0.4592931866645813,-0.002824824769049883,0.17100967466831207,8.872459411621094,3.0177268981933594,2322.632080078125,4927.32763671875,1.256911277770996,0.029305486008524895,0.21312707662582397,0.07794484496116638,0.1494702696800232,0.1491750329732895,0.1332312673330307,0.12160704284906387,0.11439958214759827,0.08717694878578186,0.06779275834560394,0.02385791391134262
419,Tony Maserati,Colorado,-11.383604,-10.613087,-9.557005882263184,6.567519187927246,0.013492102734744549,0.017656680196523666,0.8904798030853271,0.49997851252555847,-0.04065553968265152,3.587099740918398,3.6367974281311035,5.013199806213379,-6.971131801605225,0.08572183549404144,-0.6025736927986145,-0.017613757401704788,0.11075223237276077,7.844827175140381,12.54176139831543,910.1836547851562,2121.080322265625,2.2005395889282227,0.019079046323895454,0.1933741420507431,0.07636846601963043,0.1361575424671173,0.11077594012022018,0.08185885101556778,0.06657841801643372,0.058951105922460556,0.041685860604047775,0.030068611726164818,0.00942290760576725
420,Tony Maserati,Dream Girl - Nile Rodgers Remix,-13.181558,-11.041488,-8.982887268066406,4.356951713562012,0.016037307679653168,0.011642645113170147,0.8479602336883545,0.49996626377105713,-0.007518545962587828,14.802059750756406,4.14056396484375,5.3936381340026855,-7.559300422668457,-0.05402836948633194,-0.6395675539970398,-0.008081656880676746,0.178555428981781,9.013742446899414,0.40820619463920593,2696.20654296875,5059.830078125,0.9778056144714355,0.027146458625793457,0.2142830789089203,0.08601318299770355,0.12094944715499878,0.09830586612224579,0.08861834555864334,0.08322477340698242,0.09429052472114563,0.07489418238401413,0.05887376144528389,0.01947028376162052
421,Tony Maserati,Material Girl,-12.49561,-9.602691,-7.627864837646484,2.825730800628662,0.018253445625305176,0.11264503747224808,0.6720850467681885,0.5000097751617432,-0.002728279215644076,8.476134034473263,3.9709434509277344,5.148787498474121,-7.866474628448486,0.021484849974513054,-0.5633806586265564,0.005212522577494383,0.13489872217178345,8.54017162322998,3.1300199031829834,2024.857421875,3688.05712890625,1.6128525733947754,0.02098100818693638,0.14825449883937836,0.06084708124399185,0.12448789179325104,0.14446891844272614,0.12676839530467987,0.10628428310155869,0.11043652892112732,0.08132774382829666,0.055158380419015884,0.013895252719521523
422,Tony Maserati,Lucirnagas,-15.423497,-13.99347,-10.729471206665039,11.509390830993652,0.01133393682539463,0.004755832254886627,3.449247360229492,0.5000582933425903,-0.005537147855095512,9.024641790120583,3.667839288711548,5.745547294616699,-7.241134166717529,0.01425642054527998,-0.5900546312332153,0.00649619847536087,0.0721854642033577,7.152089595794678,25.385847091674805,707.1422729492188,1136.48583984375,3.6629843711853027,0.013319727964699268,0.12772485613822937,0.057878777384757996,0.09498012065887451,0.09295294433832169,0.08917553722858429,0.0691630020737648,0.04588085785508156,0.023651672527194023,0.012114267796278,0.003224101150408387
423,Tony Maserati,Million To One - Remix,-13.324696,-11.212347,-9.300704002380371,6.134064197540283,0.01344877015799284,-0.06817981600761414,0.9692542552947998,0.5000269412994385,0.006383565975913459,5.857603406118123,3.9811489582061768,6.180911540985107,-7.476812839508057,-0.0048696682788431644,-0.5269137620925903,0.0011483851121738553,0.13116630911827087,8.338388442993164,6.468156337738037,1849.4564208984375,3506.92724609375,1.737120509147644,0.021197643131017685,0.1791614592075348,0.0699983686208725,0.10575590282678604,0.10735341906547546,0.09324437379837036,0.09010322391986847,0.07739091664552689,0.06132301688194275,0.044409751892089844,0.012762041762471199
424,Tony Maserati,Home Movies - Acoustic,-12.562667,-10.887454,-9.439274787902832,7.214838027954102,0.014379125088453293,-0.020191365852952003,1.4138879776000977,0.5000491142272949,0.02821540289303725,7.166807281760298,3.738022565841675,5.071527004241943,-7.083066940307617,-0.05761927738785744,-0.6006575226783752,0.007483090739697218,0.10276094824075699,7.679941654205322,8.25108528137207,1000.1426391601562,2003.850341796875,2.311077833175659,0.01813562773168087,0.14473333954811096,0.05671728402376175,0.1252201944589615,0.12594330310821533,0.12362945079803467,0.0899655744433403,0.06856095045804977,0.04573488608002663,0.028739146888256073,0.009663025848567486
425,Tony Maserati,"Mo Money Mo Problems (feat. P. Diddy, Ma$e) - 2005 Remaster",-15.48275,-13.244859,-9.341766357421875,11.35927677154541,0.012302870862185955,-0.06219899281859398,2.5702991485595703,0.5008454322814941,-0.005056609596070618,14.982827454310018,4.668357849121094,10.431736946105957,-8.119057655334473,-0.008561638183891773,-0.6794243454933167,-0.012873855419456959,0.1506614089012146,8.766386985778809,2.953598976135254,2438.50830078125,4243.921875,1.54743492603302,0.023166034370660782,0.12685440480709076,0.03849146142601967,0.09197226166725159,0.08466067910194397,0.07281357795000076,0.07877539843320847,0.07253767549991608,0.06220322102308273,0.04137720540165901,0.013234397396445274
426,Tony Maserati,Lie,-16.898521,-12.281779,-8.41532039642334,8.78156852722168,0.016988487914204597,0.013777718879282475,0.770209789276123,0.5000339150428772,-0.003613583347241683,6.706036351135226,3.5315864086151123,5.469030857086182,-9.002115249633789,0.051131125539541245,-0.47423675656318665,0.011445008218288422,0.11121001094579697,7.973564147949219,9.53525161743164,1411.7535400390625,2446.7861328125,2.328890085220337,0.01890861801803112,0.20254337787628174,0.07899420708417892,0.14757519960403442,0.10121095925569534,0.0893176794052124,0.08533694595098495,0.07420867681503296,0.055979371070861816,0.03097246214747429,0.010489783249795437
427,Tony Maserati,Million To One (Reprise),-22.582422,-17.471535,-9.154863357543945,11.972108840942383,0.00994861125946045,-0.03835539147257805,2.09596586227417,0.4999999403953552,-0.01550609223119691,3.676181195972571,3.8215677738189697,5.591552734375,-8.64596176147461,0.02205139771103859,-0.44176724553108215,0.009997495450079441,0.11079198867082596,7.997236728668213,9.223262786865234,1764.3958740234375,3226.66552734375,2.383634328842163,0.018847009167075157,0.10038020461797714,0.04931384325027466,0.09337712824344635,0.0928100124001503,0.0870552510023117,0.08363740146160126,0.06749599426984787,0.04636858403682709,0.0298361424356699,0.006219371221959591
428,Tony Maserati,Say Forever,-20.395718,-17.64374,-12.746500015258789,6.538482666015625,0.006299965083599091,-0.13905444741249084,1.0456295013427734,0.5000078082084656,-0.016182460115444622,3.8852193436411424,3.882049560546875,5.395772457122803,-6.700926780700684,-0.015053940005600452,-0.5741806030273438,-0.013659845106303692,0.11094851791858673,8.163407325744629,6.187765121459961,1469.375,2639.251220703125,2.1325905323028564,0.018825242295861244,0.11301915347576141,0.048469752073287964,0.0893484354019165,0.08714462071657181,0.07319017499685287,0.055310722440481186,0.0428813099861145,0.029763339087367058,0.018814649432897568,0.005822939332574606
429,Tony Maserati,Girl,-20.568611,-20.22735,-20.06647491455078,3.354888916015625,0.0012165175285190344,0.009353231638669968,1.3537101745605469,0.49998950958251953,0.011032284700972842,27.94454468084814,4.392870903015137,7.653781414031982,-7.303079605102539,-0.05786420777440071,-0.8582459688186646,0.02920525148510933,0.09929803758859634,8.30550479888916,5.767978668212891,1290.1068115234375,2352.419677734375,2.1286826133728027,0.014589453116059303,0.03758913651108742,0.017333419993519783,0.035319749265909195,0.03655290603637695,0.03407127037644386,0.03197893127799034,0.029370823875069618,0.021209361031651497,0.011325187981128693,0.0023082843981683254
430,Tony Maserati,Tattoos,-35.73236,-26.539248,-18.17780113220215,10.55793285369873,0.0014564045704901218,0.009686918929219246,0.9566953182220459,0.49994096159935,-0.1343313985481622,3.9153457270261662,3.745786190032959,5.157980442047119,-11.230059623718262,0.07883693277835846,-0.5691962838172913,-0.0028040334582328796,0.15345540642738342,8.251382827758789,10.795831680297852,2616.284423828125,4187.3662109375,1.9548200368881226,0.027657199651002884,0.04448888450860977,0.015208043158054352,0.031640663743019104,0.034278757870197296,0.03631817549467087,0.03430544212460518,0.028307026252150536,0.017366839572787285,0.013101332820951939,0.004130442161113024
431,Tony Maserati,In The Kitchen,-19.715933,-18.538532,-16.675832748413086,10.283941268920898,0.0025909729301929474,0.036767564713954926,1.6434950828552246,0.4999570846557617,-0.03978122692778673,5.760717432002525,3.7607736587524414,5.685343265533447,-6.92864990234375,0.029160985723137856,-0.5511494874954224,-0.03196881711483002,0.07948709279298782,7.390177249908447,23.485816955566406,1139.3079833984375,1779.747802734375,3.4421796798706055,0.011926477774977684,0.06750939041376114,0.029546493664383888,0.03754096105694771,0.044660307466983795,0.04950138181447983,0.046642642468214035,0.03294505551457405,0.02106870710849762,0.01059729978442192,0.0022539221681654453
432,Tony Maserati,The Show - with JJ Lin,-8.731092,-8.403431,-7.9578399658203125,5.633899688720703,0.017069654539227486,0.11121002584695816,0.6557583808898926,0.4999260902404785,0.002446040291071016,3.7846449764196217,4.147383213043213,4.822100639343262,-6.516532897949219,-0.006525720003992319,-0.46028417348861694,-0.00041224827873520553,0.13496102392673492,8.53622817993164,7.113729476928711,1608.1304931640625,3370.972412109375,1.8152045011520386,0.023329168558120728,0.16646930575370789,0.07301554828882217,0.10618969053030014,0.12143628299236298,0.14049507677555084,0.13311612606048584,0.10208827257156372,0.07090864330530167,0.050062548369169235,0.017681004479527473
433,Tony Maserati,Everything To Everyone (Intro),-19.286991,-14.841149,-13.092289924621582,6.354043960571289,0.0038840787019580603,0.15319624543190002,2.057103157043457,0.5000250935554504,0.013062336409871155,3.28731752963817,4.642931938171387,7.185979843139648,-7.456781387329102,-0.02351582981646061,-0.4731094241142273,0.01120007410645485,0.13224108517169952,8.014830589294434,8.459929466247559,1997.0836181640625,2933.059814453125,2.20135498046875,0.022960279136896133,0.019759666174650192,0.0022125926334410906,0.01888412795960903,0.04493660107254982,0.0652027428150177,0.0691889077425003,0.0672001764178276,0.02894749492406845,0.015591091476380825,0.003912646789103746
434,Tony Maserati,Catching A Dream,-14.442816,-13.336444,-10.94067668914795,11.248369216918945,0.008362716995179653,0.07588700950145721,3.677544116973877,0.4998827576637268,-0.0412486167449208,3.91093881297572,4.400389671325684,6.241336345672607,-7.362302780151367,0.009500711224973202,-0.45214807987213135,-0.009545433335006237,0.14492034912109375,8.619202613830566,4.456063270568848,1765.6280517578125,3773.67236328125,1.5867624282836914,0.025045890361070633,0.12022588402032852,0.04283272847533226,0.0938531905412674,0.07940471172332764,0.06761254370212555,0.06242573633790016,0.050843071192502975,0.044335927814245224,0.02974064275622368,0.011056025512516499
435,Tony Maserati,Happy Girl,-13.297313,-12.106526,-10.030754089355469,3.672321319580078,0.012605143710970879,0.0715932697057724,3.2488412857055664,0.5003237128257751,-0.01922855342946555,31.6436195461063,3.8831350803375244,5.975852966308594,-7.311452388763428,0.1010870710015297,-0.8860500454902649,-0.10789269953966141,0.09090087562799454,7.752328395843506,7.57056999206543,1042.1436767578125,1851.338134765625,2.39208984375,0.014350058510899544,0.1107809841632843,0.055510248988866806,0.09330937266349792,0.11521616578102112,0.09274338185787201,0.07567574828863144,0.07327057421207428,0.045016512274742126,0.022073661908507347,0.004813813604414463
436,Tony Maserati,ASAP,-9.9518795,-9.132061,-8.485411643981934,6.947803497314453,0.023884298279881477,0.011959994211792946,0.31722068786621094,0.5000534057617188,-0.05132470135974703,12.902545274219912,3.546531915664673,4.384359359741211,-6.942654609680176,-0.0036127117928117514,-0.7163495421409607,-0.026628240942955017,0.11432624608278275,7.9686126708984375,6.36179256439209,943.9985961914062,2001.536376953125,2.073530912399292,0.02249673195183277,0.26250332593917847,0.0957682803273201,0.1766807585954666,0.13924652338027954,0.1230645626783371,0.09659359604120255,0.06942176818847656,0.05110162869095802,0.0325407050549984,0.010797328315675259
437,Tony Maserati,Am I Wrong,-17.687412,-14.649014,-10.760793685913086,12.702573776245117,0.006984558887779713,0.032345570623874664,3.4444499015808105,0.49999985098838806,0.0080728151689531,4.444207984581032,4.914923191070557,8.385634422302246,-7.62814998626709,-0.027937904000282288,-0.6123709082603455,-0.010729553177952766,0.15581652522087097,8.750511169433594,2.2642099857330322,2816.544677734375,4795.71044921875,1.3522751331329346,0.022458869963884354,0.07998517900705338,0.023325804620981216,0.05575675144791603,0.06759417802095413,0.07624702155590057,0.07586802542209625,0.06930963695049286,0.05195747688412666,0.03648130223155022,0.010975257493555546
438,Tony Maserati,SNAP,-16.146461,-12.855093,-10.479928016662598,8.312539100646973,0.009512863121926785,-0.04511326923966408,2.5116991996765137,0.5002498030662537,0.002644483944362245,4.492516679824852,4.21014928817749,7.500111103057861,-6.644751071929932,0.019495133310556412,-0.4849492907524109,-0.015257230959832668,0.10442706942558289,8.069887161254883,6.883263111114502,1329.7379150390625,2360.1162109375,2.3033857345581055,0.017952170222997665,0.11555859446525574,0.04743332043290138,0.08891022205352783,0.09067971259355545,0.09169334918260574,0.0782434418797493,0.0657559409737587,0.04099779203534126,0.024372648447752,0.0058471751399338245
439,Tony Maserati,Rhythm Nation  You Gotta Be,-12.49173,-10.542502,-8.741296768188477,9.966001510620117,0.01495317928493023,0.0749770849943161,1.435915470123291,0.5000702142715454,0.02340326020055829,8.158944702577037,4.098293781280518,5.8403000831604,-7.271158695220947,-0.029705679044127464,-0.5358833074569702,-0.003069621976464987,0.12844175100326538,8.437402725219727,5.776542663574219,1755.70166015625,3311.151611328125,1.7974703311920166,0.01979704201221466,0.15465734899044037,0.05707748606801033,0.11932624876499176,0.11183866858482361,0.10616700351238251,0.09845250099897385,0.09000014513731003,0.06706920266151428,0.043373577296733856,0.012104583904147148
440,Tony Maserati,Sex on Fire,-13.334651,-10.110185,-7.610865116119385,5.928160190582275,0.01599982939660549,0.059129126369953156,0.8012833595275879,0.4999104142189026,-0.10431579047964908,2.9011403037588046,4.062777042388916,6.186009883880615,-7.703538417816162,0.031838346272706985,-0.4410739541053772,-0.046110328286886215,0.11289514601230621,8.258172988891602,10.182008743286133,1552.517578125,2817.984375,2.265868663787842,0.018350791186094284,0.16143378615379333,0.06421954184770584,0.12049147486686707,0.11340201646089554,0.11068502068519592,0.10405579209327698,0.09631529450416565,0.0654391422867775,0.03835552930831909,0.011728205718100071
441,Tony Maserati,ALLES WAR SCHN UND NICHTS TAT WEH,-15.362654,-14.126601,-9.755597114562988,17.58070945739746,0.011322349309921265,-0.055263809859752655,2.1322479248046875,0.5000500082969666,-0.027944588761650044,6.737983975388343,4.023287773132324,5.553150653839111,-6.64728307723999,0.08451763540506363,-0.5116848349571228,-0.018915312364697456,0.08504676073789597,7.871333599090576,13.93734073638916,1090.3714599609375,1969.300537109375,2.7885849475860596,0.012186390347778797,0.14504794776439667,0.051695939153432846,0.10937053710222244,0.08133555203676224,0.08424536883831024,0.07504338771104813,0.06101709604263306,0.044947024434804916,0.022703131660819054,0.005255856551229954
442,Tony Maserati,Merry Christmas Darling,-17.362585,-15.853797,-13.444005966186523,11.423199653625488,0.005752213299274445,0.100307397544384,4.381490230560303,0.4999682605266571,-0.10670310391634157,5.136646906047703,3.950157642364502,6.647378444671631,-7.151195526123047,0.10819297283887863,-0.43414032459259033,0.12971381843090057,0.07703544199466705,7.430422306060791,14.76058578491211,971.2176513671875,1681.7508544921875,3.1853432655334473,0.013295015320181847,0.08471541851758957,0.03489105403423309,0.06472267210483551,0.06823669373989105,0.07514628022909164,0.05828496068716049,0.04390700161457062,0.027273030951619148,0.012989797629415989,0.002418201183900237
443,Tony Maserati,Heartbeat,-13.567488,-12.946295,-11.937379837036133,5.132735252380371,0.008598425425589085,0.060553066432476044,0.8308155536651611,0.4999505877494812,3.3114783123558543e-06,465.3840513379032,4.009278774261475,4.903676986694336,-9.194515228271484,0.0009592783753760159,-0.6306236386299133,-0.002431755419820547,0.11023882776498795,8.373897552490234,4.608396053314209,1389.0531005859375,2604.58203125,1.9580624103546143,0.017524994909763336,0.10966479778289795,0.03802189230918884,0.09574577957391739,0.08345477283000946,0.09230133891105652,0.0789187029004097,0.07591144740581512,0.05277296155691147,0.031651705503463745,0.007442684378474951
444,Tony Maserati,Attention,-13.925546,-12.121284,-8.749674797058105,12.724435806274414,0.013503184542059898,0.0021701387595385313,2.1577463150024414,0.4999927282333374,0.030150426275464486,6.21622339415641,4.248278617858887,8.595986366271973,-6.628931045532227,-0.048730675131082535,-0.5139042735099792,-0.00664172787219286,0.13544370234012604,8.630257606506348,5.5112385749816895,1896.321044921875,3584.773681640625,1.7571308612823486,0.02151322551071644,0.13049833476543427,0.03907138854265213,0.09737689793109894,0.09948673844337463,0.11369141936302185,0.09560520201921463,0.07996397465467453,0.056439269334077835,0.04045388475060463,0.01316363550722599
445,Tony Maserati,Mo Money Mo Problems (feat. Puff Daddy & Mase) - Radio Mix 2014 Remaster,-14.730239,-13.110209,-11.668822288513184,2.279515266418457,0.008661163039505482,0.059754062443971634,3.0001230239868164,0.49999651312828064,0.012086323188974258,10.467580911415292,4.643696308135986,7.1865057945251465,-6.943581581115723,0.011557073332369328,-0.5626161098480225,-0.03285498172044754,0.15865212678909302,8.824786186218262,1.3402173519134521,2161.699951171875,4237.65625,1.3095206022262573,0.026683934032917023,0.1191042885184288,0.03321874141693115,0.09076962620019913,0.08613128215074539,0.0704597756266594,0.06539659947156906,0.05577082931995392,0.04620632156729698,0.03341257572174072,0.011055625043809414
446,Tony Maserati,Call My Name,-11.981141,-10.350048,-8.293538093566895,9.877370834350586,0.017599914222955704,-0.01170975249260664,1.2299466133117676,0.5000617504119873,-0.010791325118691894,8.675767905298901,3.5877299308776855,5.389028072357178,-7.283040523529053,-0.020627552643418312,-0.762937068939209,0.017263157293200493,0.09380871057510376,7.466156005859375,9.662344932556152,784.43994140625,1524.4886474609375,2.5081067085266113,0.016828160732984543,0.16118942201137543,0.08058767020702362,0.14937876164913177,0.13521930575370789,0.12119310349225998,0.08657527714967728,0.06884779781103134,0.04183268919587135,0.02571958117187023,0.007602077908813953
447,Tony Maserati,Perfect,-18.514109,-15.456508,-10.850970268249512,12.035305976867676,0.0082880649715662,-0.007083127275109291,3.3241324424743652,0.5000334978103638,0.027376105299484626,8.540790377294032,4.015012741088867,6.65334415435791,-7.661970615386963,-0.060852162539958954,-0.6188361644744873,0.011330277658998966,0.11655513197183609,7.871490955352783,11.307670593261719,1712.7476806640625,2991.4150390625,2.4444687366485596,0.019315224140882492,0.1002044677734375,0.03796418011188507,0.07954099774360657,0.08206715434789658,0.08611929416656494,0.07530715316534042,0.05824609845876694,0.04001588374376297,0.025969361886382103,0.008930584415793419
448,Tony Maserati,"Una Noche en Npoles (feat. Lila Downs, Nia Pastori & Soledad)",-26.466715,-25.977365,-23.76341438293457,9.573421478271484,0.0005682553164660931,0.05971475690603256,1.4046072959899902,0.4999954402446747,-1.4358135449351624e-05,1497.1370708150764,3.8845760822296143,5.463854789733887,-9.06941032409668,-0.0030259264167398214,-0.6036413311958313,-0.0023357297759503126,0.09370136260986328,8.015645980834961,7.05421257019043,1064.9779052734375,1834.6422119140625,2.378967046737671,0.015327580273151398,0.02470613270998001,0.010900596156716347,0.021208086982369423,0.023683203384280205,0.024935230612754822,0.020767942070961,0.015965227037668228,0.009492354467511177,0.004865183494985104,0.0012161640916019678
449,Tony Maserati,barcelon,-12.052201,-11.692125,-11.472515106201172,4.079258918762207,0.009929106570780277,0.00798041746020317,1.3248143196105957,0.5000332593917847,-0.004396323360759991,7.545247407173687,4.023271560668945,5.702236175537109,-7.023214817047119,0.025590157136321068,-0.5377448201179504,0.0018651369027793407,0.11351920664310455,8.0714111328125,4.614360332489014,942.0638427734375,1986.95361328125,1.938978910446167,0.021075891330838203,0.1286303699016571,0.05123837664723396,0.12494052201509476,0.12053439021110535,0.09891942888498306,0.06981722265481949,0.04585617035627365,0.03176926448941231,0.020197996869683266,0.007056185510009527
450,Tony Maserati,Shot at the Crown,-17.66899,-10.021954,-8.152175903320312,3.776200294494629,0.020454727113246918,-0.0036878131795674562,1.2566890716552734,0.5001369714736938,-0.0014778399091062598,20.150126434870952,4.252231121063232,14.566751480102539,-10.077371597290039,-0.07199370861053467,-0.6567659974098206,-0.04919005557894707,0.13354121148586273,8.409029006958008,4.542809009552002,2300.22509765625,3764.775146484375,1.7716965675354004,0.020911086350679398,0.20145751535892487,0.06124212592840195,0.13929499685764313,0.11484377831220627,0.11442559957504272,0.10674383491277695,0.08770107477903366,0.06188971921801567,0.03939975053071976,0.012039123103022575
451,Tony Maserati,Score Suite,-19.39292,-17.00877,-11.297342300415039,17.988540649414062,0.004601785447448492,0.15032513439655304,4.103896617889404,0.49989989399909973,0.02712170143877336,1.5289484948930163,3.6031665802001953,5.269861221313477,-6.795958995819092,0.02358325757086277,-0.21122846007347107,0.01368616335093975,0.06657339632511139,7.148880481719971,21.424760818481445,1004.975341796875,1591.2747802734375,3.7672250270843506,0.009467896074056625,0.051849089562892914,0.020063089206814766,0.0530780628323555,0.06718916445970535,0.06541141867637634,0.060372743755578995,0.04017776995897293,0.02486106939613819,0.011527043767273426,0.0020318436436355114
452,Tony Maserati,West Coast,-11.635645,-8.873559,-6.032644748687744,9.3974609375,0.018271904438734055,0.055979494005441666,0.42388105392456055,0.4994851052761078,-0.08681550187645601,2.831854316408598,3.795706033706665,4.506392002105713,-7.437198638916016,0.09258832037448883,-0.36171308159828186,-0.003007921390235424,0.12972491979599,8.739457130432129,4.406986236572266,2097.879638671875,3831.080322265625,1.7611284255981445,0.018752051517367363,0.1426396369934082,0.05819856747984886,0.12130563706159592,0.11043345928192139,0.12507125735282898,0.13486899435520172,0.12643633782863617,0.097658172249794,0.05826932564377785,0.01611689291894436
453,Tony Maserati,Heartbeat - VIZE Remix,-8.744702,-8.446904,-8.262869834899902,4.143012046813965,0.0216368455439806,-0.002565262606367469,0.25296854972839355,0.4999859631061554,-0.00899242686232851,10.012993143037292,3.820016622543335,4.489981651306152,-6.6409196853637695,-0.003103650873526931,-0.5727798938751221,-0.012251307256519794,0.13451439142227173,8.463471412658691,5.022767066955566,1479.5032958984375,3190.44287109375,1.6413582563400269,0.022747337818145752,0.25370973348617554,0.09510600566864014,0.15571896731853485,0.12236150354146957,0.11633385717868805,0.10901465266942978,0.09777072817087173,0.07308705151081085,0.05143791437149048,0.01653536967933178
454,Tony Maserati,By The Way,-12.535747,-10.955392,-9.323797225952148,8.260817527770996,0.012631122022867203,-0.007312232628464699,1.89485502243042,0.500214695930481,-0.004621354030809945,5.801594257862736,4.100980281829834,6.190661907196045,-6.68499755859375,-0.03952883556485176,-0.5272794365882874,0.00670099351555109,0.11664975434541702,8.053531646728516,9.328750610351562,1470.218994140625,2764.2353515625,2.3287830352783203,0.02055581659078598,0.1353643536567688,0.04175195470452309,0.10333936661481857,0.10055698454380035,0.10835299640893936,0.09328882396221161,0.07822857797145844,0.053838763386011124,0.0318157859146595,0.010553664527833462
455,Tony Maserati,Me preguntaron por ti,-19.074675,-11.270165,-9.612326622009277,8.623876571655273,0.016626428812742233,-0.025392983108758926,1.343808650970459,0.5000582933425903,-0.01601632910217537,10.510234508746208,3.6280617713928223,5.271175384521484,-10.54568099975586,0.017308946698904037,-0.5977408289909363,-0.007679448928683996,0.14497976005077362,8.133883476257324,6.896991729736328,1540.3720703125,2789.848388671875,1.7689850330352783,0.02926601469516754,0.21165399253368378,0.09101812541484833,0.12906277179718018,0.11682672798633575,0.09888269007205963,0.07788979262113571,0.059258971363306046,0.040294356644153595,0.029214128851890564,0.01044242363423109
456,Tony Maserati,Hvidt Flag (feat. Benjamin Hav),-11.294702,-10.381381,-9.481931686401367,6.9512457847595215,0.017434800043702126,-0.05307965353131294,1.3593945503234863,0.4999602437019348,0.04244682744402094,14.10725679826572,4.022388458251953,5.673060417175293,-6.901585102081299,-0.0948890671133995,-0.7028648257255554,0.023442180827260017,0.09150487929582596,7.83712100982666,8.627094268798828,832.2691650390625,1580.34130859375,2.4474709033966064,0.01611330173909664,0.18744130432605743,0.0760791078209877,0.1366817206144333,0.1294362097978592,0.12179972976446152,0.09515244513750076,0.06650789082050323,0.0422479473054409,0.023937223479151726,0.0071261231787502766
457,Tony Maserati,I'm Not Dead Yet,-20.379713,-15.863788,-9.988761901855469,7.074355125427246,0.013035542331635952,0.027815675362944603,2.5491271018981934,0.49994581937789917,-0.056746450144805075,7.890955821333244,3.9477527141571045,5.357765197753906,-6.799417018890381,0.03354676812887192,-0.5353670120239258,-0.009442432783544064,0.12401292473077774,8.188143730163574,11.481463432312012,1786.2303466796875,3046.3427734375,2.186868190765381,0.020882684737443924,0.13637612760066986,0.05326692387461662,0.11191794276237488,0.098108671605587,0.10758572071790695,0.08319839090108871,0.0647880956530571,0.04133839160203934,0.027568314224481583,0.008826056495308876
458,Tony Maserati,Shoe Made of Glass,-19.279228,-11.504694,-8.31490421295166,6.072342395782471,0.015572830103337765,0.04991903901100159,1.8448987007141113,0.4999704360961914,-0.017441525334838743,11.129781826196787,4.479186534881592,7.418179035186768,-9.057037353515625,-0.0317736379802227,-0.7052612900733948,-0.02455023117363453,0.15299278497695923,8.383102416992188,4.505014419555664,3140.93212890625,4612.9853515625,1.5816142559051514,0.01957499422132969,0.1381126344203949,0.04079442098736763,0.0973711833357811,0.08484333008527756,0.09558618068695068,0.10110829025506973,0.09170673042535782,0.07098095864057541,0.0466136671602726,0.014300039038062096
459,Tony Maserati,ANGEL,-10.208686,-8.412751,-7.332601547241211,6.236533164978027,0.02208315208554268,0.0315864272415638,0.2074439525604248,0.5000124573707581,-0.009245047016728946,6.05468887345154,3.515394926071167,4.240511894226074,-6.735805988311768,-0.025483084842562675,-0.45179250836372375,0.0016799052245914936,0.12130146473646164,8.046146392822266,4.178030014038086,1178.7762451171875,2161.142578125,1.8366444110870361,0.023565247654914856,0.16694770753383636,0.08820109814405441,0.15855860710144043,0.1558917909860611,0.15488603711128235,0.136501282453537,0.10960620641708374,0.06102755665779114,0.0382460355758667,0.01243972685188055
460,Tony Maserati,TNT (feat. Tua),-19.391823,-14.351519,-9.083945274353027,4.856503486633301,0.01570206508040428,0.08925681561231613,0.5982427597045898,0.5000085830688477,0.008207066722378403,6.556859685819705,3.6699557304382324,4.734208583831787,-13.341959953308105,-0.01773151010274887,-0.4916614592075348,0.010671468451619148,0.12207387387752533,8.1455659866333,11.747509956359863,1777.5484619140625,2934.699462890625,2.335059642791748,0.02194293774664402,0.1737637221813202,0.067393958568573,0.11134020984172821,0.11616520583629608,0.11902280151844025,0.10803332179784775,0.08170504868030548,0.052855052053928375,0.02991376258432865,0.008747956715524197
461,Tony Maserati,Let's Get Loud,-12.239192,-10.890909,-8.453839302062988,7.654143333435059,0.017699148505926132,0.027791393920779228,1.0298666954040527,0.4999827444553375,-0.010877824385762328,16.72611905413638,4.319037914276123,4.968930244445801,-7.408344268798828,0.031327102333307266,-0.6635798215866089,0.004841641988605261,0.13961832225322723,8.489678382873535,3.6386992931365967,1797.4688720703125,3441.072998046875,1.5934736728668213,0.022703910246491432,0.17426374554634094,0.061409760266542435,0.11456304043531418,0.1047436073422432,0.10670342296361923,0.10551860183477402,0.10343173146247864,0.0720655545592308,0.046283334493637085,0.013853594660758972
462,Jaycen Joshua,Favorite Song,-20.191463,-14.997512,-10.683557510375977,10.928912162780762,0.01560424268245697,0.10641400516033173,2.515070915222168,0.49970656633377075,-0.015671681539126826,24.44568558498252,4.161274433135986,5.6942524909973145,-6.97849178314209,-0.017046822234988213,-0.641388475894928,-0.023068364709615707,0.10301618278026581,7.417665481567383,24.99612808227539,1522.27001953125,2422.411865234375,3.249809503555298,0.017445972189307213,0.18655751645565033,0.06721121072769165,0.11254724860191345,0.08411909639835358,0.06994553655385971,0.05657202750444412,0.04400567710399628,0.028050584718585014,0.01539303082972765,0.005166327115148306
463,Jaycen Joshua,Favorite Song (with Khalid) [Remix],-12.587555,-11.25727,-9.809127807617188,7.250889778137207,0.019710347056388855,0.11755581945180893,1.4846010208129883,0.49943244457244873,-0.014431096121335434,19.20884714682061,3.8797335624694824,5.221491813659668,-6.8808064460754395,-0.01427680067718029,-0.6439416408538818,-0.021609265357255936,0.08930859714746475,7.376126766204834,18.530271530151367,853.614013671875,1639.283935546875,3.0645833015441895,0.016156621277332306,0.22330372035503387,0.0814647227525711,0.1359759122133255,0.10271184891462326,0.08637793362140656,0.0713149681687355,0.05184115841984749,0.03385711461305618,0.018310533836483955,0.0060546668246388435
464,Jaycen Joshua,ALL I KNOW,-8.699778,-8.085904,-7.84116792678833,3.4347262382507324,0.030489347875118256,0.039358172565698624,-0.019530296325683594,0.49973371624946594,-0.012445348707111914,10.685047592162709,3.364109754562378,3.9741220474243164,-6.983422756195068,-0.015300444327294827,-0.6928523182868958,-0.024210713803768158,0.0952695831656456,7.805235862731934,10.689312934875488,876.8703002929688,1822.22314453125,2.4618594646453857,0.01534669753164053,0.3513217270374298,0.17225989699363708,0.16761992871761322,0.13226385414600372,0.1253562569618225,0.11545588076114655,0.0879746675491333,0.06218584626913071,0.03755859658122063,0.011110514402389526
465,Jaycen Joshua,Interlude (feat. Wallo267),-11.748909,-11.065913,-10.956354141235352,2.822686195373535,0.01752334088087082,-0.006795528344810009,-0.10049176216125488,0.5000600218772888,0.02155331603312615,6.881579992030885,3.2485833168029785,4.292668342590332,-7.158387184143066,0.004604959394782782,-0.7490262389183044,0.05253908410668373,0.09656024724245071,7.347995758056641,21.101604461669922,467.0740966796875,1292.063232421875,2.8793253898620605,0.018163351342082024,0.3259579837322235,0.17528985440731049,0.14879709482192993,0.0917622298002243,0.07011403888463974,0.05536242574453354,0.04029214754700661,0.03392556682229042,0.021127531304955482,0.008277678862214088
466,Jaycen Joshua,HOME,-7.8302937,-7.2399564,-6.648532390594482,7.405256748199463,0.0369766466319561,0.04920470714569092,-0.26355814933776855,0.49907660484313965,-0.0015196507701586614,16.329102202548068,3.3459935188293457,3.7924914360046387,-6.824997425079346,-0.019047077745199203,-0.6394265294075012,0.00647530285641551,0.10334258526563644,7.882133483886719,7.918306350708008,1037.0174560546875,1950.0255126953125,2.168874740600586,0.01723466068506241,0.32277947664260864,0.11233165115118027,0.24224476516246796,0.1442183554172516,0.14424657821655273,0.12344401329755783,0.09973980486392975,0.06243821978569031,0.04087461903691292,0.01201713178306818
467,Jaycen Joshua,Go Go Go,-10.653261,-9.52775,-8.778144836425781,6.41670036315918,0.03371991589665413,0.07027415931224823,0.08302140235900879,0.4983794689178467,-0.008626478091012465,63.53984778332384,3.4914822578430176,4.321446895599365,-7.521737575531006,0.01597295142710209,-0.8319786787033081,0.013805333524942398,0.11213209480047226,7.832915782928467,11.89731502532959,1190.6591796875,2222.19873046875,2.409766435623169,0.020313752815127373,0.3840341567993164,0.21859470009803772,0.13701197504997253,0.11692721396684647,0.10979078710079193,0.0916714146733284,0.07351206988096237,0.05036800354719162,0.033046968281269073,0.012713702395558357
468,Jaycen Joshua,New Religion,-14.385403,-11.805171,-9.99072265625,8.910783767700195,0.013383589684963226,0.03254742920398712,2.0809550285339355,0.5004419088363647,0.051357145729149116,6.401478539368407,4.189542293548584,6.232251167297363,-7.757415294647217,-0.04531732201576233,-0.4638153612613678,-0.011116470210254192,0.11501721292734146,8.08660888671875,4.973718166351318,1376.3548583984375,2306.305908203125,2.052846670150757,0.02160731330513954,0.16984854638576508,0.07433629781007767,0.1012069508433342,0.10257074981927872,0.10239943116903305,0.09212606400251389,0.05871567130088806,0.03740986809134483,0.02313545159995556,0.00762429554015398
469,Jaycen Joshua,How We Roll,-13.063346,-12.778015,-12.248955726623535,5.755768775939941,0.012354149483144283,0.04364611208438873,-0.4151015281677246,0.4999381899833679,0.002152429385895653,16.023396162560747,3.3649849891662598,4.230138301849365,-6.941653251647949,0.00201858626678586,-0.623603105545044,0.0013238996034488082,0.12478354573249817,8.014291763305664,4.221895694732666,716.78564453125,1719.7091064453125,1.776698350906372,0.024934669956564903,0.25809529423713684,0.1205938532948494,0.10649637132883072,0.08021282404661179,0.08063735067844391,0.06460988521575928,0.05018502101302147,0.034343548119068146,0.025735417380928993,0.00879529770463705
470,Jaycen Joshua,The One,-23.288513,-18.41724,-9.20477294921875,4.156879425048828,0.01798652857542038,0.01572338119149208,1.7719745635986328,0.4995373487472534,-0.017426340152186613,26.635090156207788,3.412914514541626,4.889448642730713,-6.97631311416626,-0.03719359636306763,-0.6790969967842102,-0.0041760168969631195,0.1201549842953682,7.943304061889648,4.525574207305908,1619.4449462890625,2594.19091796875,1.8834387063980103,0.02164173498749733,0.2251349240541458,0.13260026276111603,0.1192031055688858,0.11010592430830002,0.08341605216264725,0.06887421011924744,0.062086403369903564,0.04319244250655174,0.028078889474272728,0.007497214712202549
471,Jaycen Joshua,THUG IT OUT,-7.8870473,-7.4675646,-7.181874752044678,2.801894187927246,0.0349176749587059,-0.007397248409688473,-0.09664011001586914,0.5000156760215759,-0.007949854226612445,20.32285930950738,3.2727479934692383,3.603177547454834,-7.07912015914917,-0.013889400288462639,-0.8069385290145874,-0.01046692207455635,0.07404015213251114,7.2241058349609375,33.375335693359375,681.367919921875,1359.6966552734375,3.6446533203125,0.01173547375947237,0.3325168788433075,0.14378586411476135,0.20331119000911713,0.16944824159145355,0.14214923977851868,0.11629395186901093,0.07491041719913483,0.05246773734688759,0.02999461628496647,0.008287088014185429
472,Jaycen Joshua,Will Be King,-10.623278,-9.532286,-8.281234741210938,6.229059219360352,0.021027840673923492,0.0013927689287811518,0.6483824253082275,0.5000471472740173,0.0060238433818592466,15.105338715560102,3.7546749114990234,4.799121856689453,-6.968497276306152,-0.03022538311779499,-0.6668375730514526,-0.012778924778103828,0.1130824014544487,7.900040626525879,16.28864288330078,1375.3995361328125,2521.863037109375,2.455479383468628,0.01852056384086609,0.21188829839229584,0.08191601186990738,0.12810158729553223,0.12708328664302826,0.12377243489027023,0.11406373977661133,0.08412667363882065,0.059020064771175385,0.03436890244483948,0.013086812570691109
473,Jaycen Joshua,Lay It Down,-11.210037,-10.259109,-8.82839584350586,9.708152770996094,0.030487047508358955,0.0272800512611866,0.02477860450744629,0.4997079074382782,0.01798333216351472,53.04500385530243,3.6382718086242676,5.342106819152832,-7.134671211242676,0.00389356492087245,-0.7155203819274902,0.006021564360707998,0.11536999046802521,7.902113914489746,7.853445053100586,991.6480712890625,1951.94091796875,2.0785934925079346,0.020998936146497726,0.38233938813209534,0.20588357746601105,0.15023265779018402,0.11160794645547867,0.10331766307353973,0.07965344190597534,0.06626039743423462,0.04795747622847557,0.03528204560279846,0.011939994990825653
474,Jaycen Joshua,Off Top,-8.932662,-8.177299,-7.474522590637207,4.534529685974121,0.035861872136592865,-0.0018049584468826652,-0.3359649181365967,0.49972549080848694,0.0015759554545139176,27.373716153254502,3.4984333515167236,3.6653106212615967,-7.1822028160095215,0.08465446531772614,-0.7503641247749329,-0.01059801783412695,0.1356620490550995,8.342574119567871,4.021544933319092,1032.8984375,2533.339111328125,1.6085212230682373,0.024158401414752007,0.443428635597229,0.25660431385040283,0.1509495973587036,0.1250220686197281,0.1431858390569687,0.12754952907562256,0.10069449990987778,0.07521068304777145,0.05250794067978859,0.020168514922261238
475,Jaycen Joshua,Oliveira Dos Cen Anos,-20.467882,-18.47142,-9.679438591003418,15.05783462524414,0.009414415806531906,0.018320519477128983,2.6940665245056152,0.49970442056655884,0.01563521304662163,5.585387509561559,3.555462598800659,5.033171653747559,-6.905601501464844,-0.04098096117377281,-0.42433568835258484,0.027900520712137222,0.07206472754478455,7.427484035491943,18.1334228515625,846.872314453125,1438.4471435546875,3.3853046894073486,0.011165178380906582,0.11912479996681213,0.05667754262685776,0.08883840590715408,0.06974627822637558,0.07045672088861465,0.06682604551315308,0.0533447191119194,0.03342079743742943,0.01722327247262001,0.0034835203550755978
476,Jaycen Joshua,Yessir (feat. Quavo),-10.8924055,-9.802189,-8.43730354309082,2.367131233215332,0.040139392018318176,-0.06492001563310623,-0.4273257255554199,0.5005436539649963,-0.05724230848246522,122.28812031333113,3.0496139526367188,3.4647035598754883,-7.456061840057373,-0.05105309188365936,-0.7669335603713989,-0.06425873190164566,0.08931583911180496,7.25945520401001,13.80302906036377,597.5219116210938,1210.782958984375,2.7943263053894043,0.01738969422876835,0.4799807667732239,0.23314286768436432,0.17545557022094727,0.11836547404527664,0.0816117599606514,0.07484181970357895,0.05239356681704521,0.037730634212493896,0.026268580928444862,0.007277448195964098
477,Jaycen Joshua,TBS (feat. Offset & DB Bantino),-13.460036,-10.814309,-8.801268577575684,6.546573638916016,0.03221737593412399,0.1147642657160759,-0.09381675720214844,0.49892646074295044,-0.010213864242597263,56.7202348915684,3.3643059730529785,4.435781002044678,-7.056455135345459,0.07507672160863876,-0.6383550763130188,-0.004684741143137217,0.0987037792801857,7.562132835388184,20.546112060546875,1290.248046875,2040.324951171875,2.850297212600708,0.014888509176671505,0.37242963910102844,0.19037383794784546,0.1442044973373413,0.10712401568889618,0.08674167841672897,0.08022911101579666,0.06092234328389168,0.044655054807662964,0.0254045482724905,0.008846363052725792
478,Jaycen Joshua,Times It By Two,-16.823795,-15.377223,-9.052339553833008,8.94980239868164,0.016481641680002213,-0.015513275749981403,1.4199309349060059,0.4999469220638275,-0.03649290196098498,24.79325915050588,7.488068580627441,9.225584983825684,-6.806194305419922,-0.03158752620220184,-0.6152167320251465,0.025340935215353966,0.10867685079574585,7.678811073303223,11.195383071899414,1379.934326171875,2243.312744140625,2.532918930053711,0.017683209851384163,0.17958015203475952,0.08328590542078018,0.138401597738266,0.113661028444767,0.08955486118793488,0.07938993722200394,0.06433381140232086,0.04030817002058029,0.026327388361096382,0.007383641321212053
479,Jaycen Joshua,Only Me,-9.190815,-8.683016,-8.547978401184082,2.8501791954040527,0.025685813277959824,0.024040505290031433,0.32789063453674316,0.5011489987373352,-0.016586061148787197,50.90241681129333,3.5292463302612305,4.1094207763671875,-7.261234760284424,0.00268864375539124,-0.7561154961585999,-0.009809047915041447,0.09790698438882828,7.733094215393066,10.928783416748047,799.3635864257812,1693.3072509765625,2.524754285812378,0.01779843494296074,0.27970218658447266,0.12660041451454163,0.18598362803459167,0.13811051845550537,0.12074696272611618,0.10017076134681702,0.07422005385160446,0.04965902119874954,0.033023737370967865,0.009884859435260296
480,Jaycen Joshua,King James (feat. Jeremih) [Bonus Track],-15.817302,-12.087807,-9.74039363861084,3.437737464904785,0.01700839214026928,0.038299690932035446,1.0906381607055664,0.4998607039451599,-0.03847141843152054,34.60553980721423,3.968240261077881,5.52345609664917,-7.014853477478027,-0.017118992283940315,-0.6721240878105164,-0.025777988135814667,0.1379108875989914,8.129827499389648,12.239129066467285,1780.8873291015625,3234.55322265625,1.9882886409759521,0.02194336988031864,0.21806557476520538,0.08151329308748245,0.1210620328783989,0.10025031864643097,0.08249463140964508,0.07883457839488983,0.06877025216817856,0.04878368228673935,0.032523974776268005,0.011562902480363846
481,Jaycen Joshua,Forever,-26.115885,-21.541182,-13.028572082519531,5.540457725524902,0.009442632086575031,0.00631219195201993,0.27561211585998535,0.49994727969169617,-0.00455936200365599,55.04138569710156,3.2173290252685547,4.836323261260986,-7.119781017303467,-0.0631975531578064,-0.710097074508667,-0.023779699578881264,0.1119113489985466,7.5258965492248535,9.246294975280762,1472.070068359375,2285.737060546875,2.3379061222076416,0.020997611805796623,0.1879315823316574,0.06576289981603622,0.1089077815413475,0.07291699200868607,0.05576278269290924,0.042275864630937576,0.03388074040412903,0.022607622668147087,0.014806424267590046,0.004333140794187784
482,Jaycen Joshua,Low Key,-8.722617,-7.8023987,-7.405779838562012,4.730976581573486,0.029296573251485825,-0.016729159280657768,0.03976154327392578,0.5003272294998169,-0.0013789031780953235,12.637908967176052,3.3738203048706055,4.059814929962158,-6.789926052093506,0.0071053276769816875,-0.5792096257209778,-0.0026253368705511093,0.10790354013442993,8.059523582458496,4.004526615142822,1052.2984619140625,1965.541259765625,1.8975861072540283,0.018175549805164337,0.2831433415412903,0.11807398498058319,0.16982661187648773,0.17799367010593414,0.1551160365343094,0.10629583895206451,0.0861121192574501,0.057974137365818024,0.03825157508254051,0.011327757500112057
483,Jaycen Joshua,This Is Love,-14.747784,-13.526057,-9.55228328704834,15.210773468017578,0.01735902763903141,0.03628036379814148,1.4612483978271484,0.49981775879859924,-0.009936960682034214,46.37820222377406,3.9562175273895264,5.441699504852295,-7.096096515655518,0.06695467233657837,-0.6994999647140503,-0.020576756447553635,0.10999933630228043,7.817052364349365,25.135465621948242,1277.56103515625,2373.5009765625,2.948862314224243,0.018274152651429176,0.2018420398235321,0.0754317045211792,0.11996789276599884,0.09831997007131577,0.08533648401498795,0.06880588829517365,0.053738076239824295,0.040417034178972244,0.02511131949722767,0.009634928777813911
484,Jaycen Joshua,Villains & Heroes,-11.189249,-10.427098,-10.071024894714355,4.986252784729004,0.016964016482234,-0.03174204379320145,1.0725421905517578,0.5001479983329773,0.006062586100927315,18.92675001974797,3.812622547149658,5.041072845458984,-6.98836612701416,-0.009422127157449722,-0.6847327351570129,-0.0075236414559185505,0.10966098308563232,7.995121955871582,11.074929237365723,1359.7476806640625,2533.08984375,2.393848419189453,0.017496202141046524,0.20041099190711975,0.08235354721546173,0.10428497940301895,0.11139628291130066,0.10500874370336533,0.10444138944149017,0.07554204016923904,0.0515262745320797,0.029423799365758896,0.011177144944667816
485,Jaycen Joshua,Circus (feat. Method Man & Kabaka Pyramid),-12.527151,-10.821819,-9.781352043151855,3.9852638244628906,0.020390000194311142,-0.013221435248851776,0.6554090976715088,0.49998095631599426,-0.023843924226413574,36.266463335413505,4.002674579620361,5.109761714935303,-7.463054656982422,-0.0027529732324182987,-0.8087462782859802,-0.021841702982783318,0.1153053343296051,8.022628784179688,10.919366836547852,1320.0550537109375,2422.99267578125,2.216075897216797,0.018084686249494553,0.26429709792137146,0.1083543673157692,0.14150208234786987,0.1026691421866417,0.0946468859910965,0.08293881267309189,0.06382595002651215,0.048382509499788284,0.031030746176838875,0.009896871633827686
486,Jaycen Joshua,Vivir Sin Ti (con CNCO),-11.116416,-10.292789,-7.663586616516113,9.798065185546875,0.02744450978934765,0.018039820715785027,-0.10715031623840332,0.49984216690063477,-0.03333989333392131,27.861749380671146,3.014183521270752,3.853590726852417,-6.830646514892578,0.023503197357058525,-0.6287407875061035,-0.004310011863708496,0.07895547896623611,7.315271854400635,14.15599536895752,629.3606567382812,1115.909423828125,3.0066652297973633,0.014309213496744633,0.26187899708747864,0.14287851750850677,0.23993201553821564,0.13271522521972656,0.11176330596208572,0.08878987282514572,0.05880695953965187,0.03984380513429642,0.01981625147163868,0.005192243028432131
487,Jaycen Joshua,Rich Ridin,-9.359063,-8.363518,-7.982579231262207,3.7981667518615723,0.0267335157841444,0.02100622095167637,0.09144449234008789,0.49990424513816833,0.009999801889543228,19.781619602729066,3.4492642879486084,4.231001853942871,-6.951632976531982,-0.012534256093204021,-0.6432375907897949,-0.0469834990799427,0.11157625168561935,8.015174865722656,9.5938081741333,1137.5224609375,2294.297607421875,2.2246105670928955,0.018550846725702286,0.28634387254714966,0.13628381490707397,0.15796364843845367,0.13679088652133942,0.13299569487571716,0.12886455655097961,0.090678870677948,0.06572173535823822,0.03899411857128143,0.014325630851089954
488,Jaycen Joshua,Words of Affirmation,-8.818023,-8.295034,-7.709395408630371,7.229457855224609,0.020163733512163162,0.012186571955680847,0.6629676818847656,0.4998033940792084,-0.013631501991775829,7.389995288959821,3.5863394737243652,4.6614179611206055,-6.6772613525390625,-0.004189323168247938,-0.46664196252822876,-0.014972496777772903,0.09395042061805725,7.605947494506836,21.575071334838867,1179.7886962890625,2141.586181640625,3.0409281253814697,0.01497632171958685,0.14815352857112885,0.06658155471086502,0.13543017208576202,0.1517292559146881,0.1415739208459854,0.11271198838949203,0.10041804611682892,0.06881971657276154,0.04145476222038269,0.0099672582000494
489,Jaycen Joshua,TALK DIFFERENT,-10.08431,-9.255951,-6.6294403076171875,12.107305526733398,0.06024639680981636,0.07750681042671204,-0.8956789970397949,0.49948394298553467,-0.0006814327016857121,98.94508079253251,2.522587299346924,3.137162685394287,-7.447144985198975,0.16855530440807343,-0.6979222297668457,-0.008813684806227684,0.07654023915529251,6.936789512634277,28.78704833984375,425.20428466796875,835.850830078125,3.4272305965423584,0.01469783578068018,0.6083245277404785,0.25583547353744507,0.24137073755264282,0.1256304830312729,0.0873657763004303,0.06619849801063538,0.052818987518548965,0.038894571363925934,0.02268853224813938,0.007885799743235111
490,Jaycen Joshua,Sinking,-10.424038,-9.769506,-9.003789901733398,7.152769565582275,0.01620481349527836,0.002957795048132539,0.6157002449035645,0.5000413656234741,-0.006514891684015231,9.657619373068396,3.8238532543182373,4.387935638427734,-6.825528144836426,-0.020720932632684708,-0.6083856225013733,-0.009606483392417431,0.07757271826267242,7.299858570098877,48.53278732299805,777.4005126953125,1521.359619140625,4.200744152069092,0.0120291318744421,0.14630833268165588,0.061644941568374634,0.13817830383777618,0.137914776802063,0.1327381432056427,0.1237926259636879,0.07118058204650879,0.04526275396347046,0.02322024293243885,0.006766160950064659
491,Jaycen Joshua,DROP TOP,-8.842153,-8.242132,-7.738259792327881,2.542665481567383,0.03133693337440491,0.0682869404554367,0.08104872703552246,0.49967139959335327,-0.016391845475922463,34.14586080210877,3.568662643432617,4.200835704803467,-7.335940361022949,0.1641118973493576,-0.6976768970489502,0.029536457732319832,0.10491887480020523,7.8300395011901855,19.41703224182129,1345.605224609375,2414.789306640625,2.7523159980773926,0.015674561262130737,0.32231274247169495,0.13708537817001343,0.1430038958787918,0.12222409248352051,0.12001918256282806,0.11718792468309402,0.10534428805112839,0.07121530920267105,0.043717775493860245,0.013252217322587967
492,Jaycen Joshua,Introducing,-11.583261,-10.196826,-7.018340587615967,5.324509620666504,0.02802029438316822,-0.0024255956523120403,0.020870447158813477,0.5003017783164978,-0.003993214767689015,18.833745904599787,3.2580761909484863,3.9001455307006836,-7.016352653503418,-0.0475623793900013,-0.49094852805137634,-0.014333326369524002,0.10646301507949829,7.767034530639648,19.72088050842285,1110.7755126953125,2134.725830078125,2.6441357135772705,0.017169209197163582,0.28041473031044006,0.1442570984363556,0.19217953085899353,0.14451192319393158,0.11620572209358215,0.09888317435979843,0.09132777899503708,0.06369427591562271,0.04176020994782448,0.01088393572717905
493,Jaycen Joshua,Favorite Guy,-13.10537,-8.827555,-7.572522163391113,2.2767820358276367,0.03363804146647453,-0.02260880172252655,-0.3172762393951416,0.5004600882530212,-0.007870642173348765,29.959366534142177,3.0643255710601807,3.441831588745117,-7.08543586730957,-0.017647001892328262,-0.7207024693489075,-0.01540715154260397,0.13413788378238678,8.02136516571045,5.294126987457275,1191.849853515625,2343.48828125,1.7007073163986206,0.025106297805905342,0.3834584653377533,0.17268924415111542,0.17348405718803406,0.13152366876602173,0.14200414717197418,0.10545922070741653,0.08995676040649414,0.06386052817106247,0.04243187978863716,0.016772435978055
494,Jaycen Joshua,BEFORE I,-8.124234,-7.4071994,-7.295788764953613,1.7098259925842285,0.031232910230755806,0.013121139258146286,-0.35864949226379395,0.4998771846294403,-0.024587039692787072,14.112802504620342,3.562842845916748,3.9519217014312744,-6.989863395690918,0.09719700366258621,-0.6437044739723206,-0.01929657533764839,0.13765114545822144,8.473691940307617,3.5268373489379883,1509.0452880859375,3240.906982421875,1.5340813398361206,0.021186120808124542,0.38693949580192566,0.19081227481365204,0.138925701379776,0.11156579107046127,0.13112995028495789,0.12624937295913696,0.10959522426128387,0.08840733021497726,0.05931399017572403,0.021423839032649994
495,Jaycen Joshua,DISABILITY CHECKS (feat. G Herbo),-9.827727,-9.315079,-7.828980922698975,8.091527938842773,0.03212416172027588,0.040567900985479355,-0.33707571029663086,0.49959731101989746,-0.006479637885527193,24.240911853411607,3.2188220024108887,3.7708940505981445,-7.001573085784912,0.041812025010585785,-0.6060518622398376,-0.01990426331758499,0.12257299572229385,8.135631561279297,17.421829223632812,912.3276977539062,2154.9208984375,2.263592004776001,0.02110004983842373,0.4109831154346466,0.20208504796028137,0.1622214913368225,0.11417505890130997,0.10780742764472961,0.10269128531217575,0.08329790085554123,0.0692988783121109,0.045573506504297256,0.01631239987909794
496,Jaycen Joshua,Hardcore,-11.212229,-10.147535,-9.562490463256836,1.757455825805664,0.02124204859137535,0.005296732299029827,1.2471342086791992,0.49997732043266296,-0.0012549016845461393,77.22204930051741,3.8361456394195557,4.826025009155273,-7.460110187530518,0.037284355610609055,-0.8462086915969849,0.005388987250626087,0.12426575273275375,8.002717971801758,6.839446544647217,948.0399780273438,2145.69921875,2.005826234817505,0.02578648179769516,0.27078190445899963,0.1199403777718544,0.15341787040233612,0.11787071079015732,0.0919194296002388,0.06446180492639542,0.04825327917933464,0.03535084053874016,0.02982933074235916,0.011887780390679836
497,Jaycen Joshua,ROUND & ROUND,-7.645364,-7.4938493,-7.337080478668213,2.4340949058532715,0.03889542445540428,0.007128286175429821,-0.5160279273986816,0.4996005594730377,0.010148022102334116,19.47095142347279,3.072046995162964,3.4064507484436035,-6.92343807220459,-0.03704742714762688,-0.6751289367675781,0.005290767643600702,0.11239341646432877,8.027817726135254,8.111979484558105,812.94140625,2095.447998046875,2.0038177967071533,0.01907281018793583,0.4302158057689667,0.24587740004062653,0.1750231385231018,0.15481486916542053,0.1480414867401123,0.13757891952991486,0.09364732354879379,0.06888686120510101,0.045360974967479706,0.017755530774593353
498,Jaycen Joshua,Jaded,-13.963291,-11.619634,-9.727351188659668,8.175372123718262,0.01870478130877018,-0.026212334632873535,0.8745315074920654,0.5000640749931335,-0.042848755632290805,21.269168665295705,3.469341516494751,20.220409393310547,-6.779311180114746,-0.03563529998064041,-0.5904147624969482,-0.01652340218424797,0.0835551843047142,7.524739742279053,14.947053909301758,954.1881103515625,1731.7633056640625,2.973543882369995,0.013128240592777729,0.2450505793094635,0.0883452296257019,0.136612206697464,0.1084507554769516,0.09502354264259338,0.07613645493984222,0.061203617602586746,0.039958350360393524,0.02435203827917576,0.0068095591850578785
499,Jaycen Joshua,Oh Nah,-12.651271,-11.434206,-9.337606430053711,14.179611206054688,0.017202164977788925,0.06993376463651657,1.8557467460632324,0.5003108978271484,-0.026709432983002466,15.922354563079669,4.263455867767334,5.545210361480713,-7.125186920166016,0.06948288530111313,-0.7283186316490173,-0.05369538068771362,0.13099271059036255,8.29382610321045,10.281170845031738,1812.2642822265625,3088.358642578125,1.999027132987976,0.020876409485936165,0.17906135320663452,0.06697158515453339,0.11797194182872772,0.09687158465385437,0.09908901900053024,0.0864274650812149,0.0686962828040123,0.05145125463604927,0.032161302864551544,0.010538581758737564
500,Jaycen Joshua,God Loves Me,-9.998936,-9.039249,-6.804028511047363,15.394834518432617,0.048105549067258835,0.03238793835043907,-0.5467243194580078,0.49898067116737366,-0.0011639175960564388,47.92977801163475,2.8595192432403564,3.5842318534851074,-7.038208484649658,0.06522127985954285,-0.5594316124916077,-0.0009877709671854973,0.11105514317750931,7.946329116821289,4.3510518074035645,612.9886474609375,1367.4295654296875,1.860442042350769,0.02017771638929844,0.5042456984519958,0.22674892842769623,0.2096971720457077,0.13118214905261993,0.1008954867720604,0.09375990182161331,0.0765518918633461,0.05244686082005501,0.034497618675231934,0.013885563239455223
501,Jaycen Joshua,Fly Girl - Eliza Rose Remix,-8.745029,-8.025548,-7.818323135375977,3.238266944885254,0.02792736515402794,-0.014706622809171677,0.25282907485961914,0.5003515481948853,-0.1433607847688759,20.021214093790643,4.31676721572876,5.099546432495117,-7.263973712921143,-0.006887809839099646,-0.8040329813957214,-0.15533536672592163,0.1483268290758133,8.25645637512207,5.201879978179932,2020.286376953125,3674.601806640625,1.6898056268692017,0.02455889619886875,0.27855002880096436,0.10423767566680908,0.17795220017433167,0.13233035802841187,0.10980724543333054,0.07828724384307861,0.07554320991039276,0.05663616582751274,0.04409495368599892,0.018172873184084892
502,Jaycen Joshua,Clothes Are So Obnoxious,-70.36622,-66.82471,-19.241008758544922,8.854970932006836,0.0010858700843527913,0.005975280422717333,1.949295997619629,0.49998337030410767,-0.00811883027421958,4.532333724900719,3.307258367538452,4.631237030029297,-6.809086799621582,-0.060712747275829315,-0.6101530194282532,-0.010021794587373734,0.18788588047027588,8.423836708068848,11.753311157226562,4580.00830078125,5923.876953125,1.9749042987823486,0.03495778515934944,0.036777377128601074,0.016762563958764076,0.028170911595225334,0.03283606469631195,0.029319792985916138,0.024704959243535995,0.01852908544242382,0.011156870983541012,0.007690480910241604,0.002789752557873726
503,Jaycen Joshua,HABITS,-9.491716,-8.642293,-7.385274887084961,4.0091094970703125,0.035118889063596725,0.00747400289401412,0.1784517765045166,0.49975302815437317,-0.0005589071589677503,48.41641828104984,3.6678125858306885,3.9965596199035645,-7.553102493286133,0.017056573182344437,-0.8950620293617249,0.0009381301351822913,0.13387258350849152,8.221952438354492,4.988664627075195,1548.5706787109375,2956.038330078125,1.7319575548171997,0.022050613537430763,0.32583189010620117,0.10414361208677292,0.1730813831090927,0.12450335919857025,0.12093142420053482,0.11668175458908081,0.0858764797449112,0.06742461770772934,0.047442127019166946,0.018973303958773613
504,Jaycen Joshua,Come Alive,-11.281061,-10.396251,-9.718152046203613,2.1816864013671875,0.01670617051422596,0.00958195049315691,2.6079177856445312,0.4999779164791107,-0.05589641258870791,30.92265184704407,4.217404842376709,5.473832607269287,-7.028820037841797,-0.013207287527620792,-0.7750505805015564,-0.03840594366192818,0.11232973635196686,7.956492900848389,11.223185539245605,1145.009033203125,2186.079345703125,2.3209309577941895,0.02112434431910515,0.15048541128635406,0.06023828312754631,0.14140670001506805,0.12072669714689255,0.10424116998910904,0.08083350211381912,0.06199098005890846,0.038375090807676315,0.02335730567574501,0.007645100355148315
505,Jaycen Joshua,Take Care,-12.830083,-11.738116,-9.522343635559082,5.118100166320801,0.026138287037611008,-0.020329464226961136,0.3117189407348633,0.5000370740890503,0.019849687704178803,25.728480508303246,3.3524060249328613,5.342353343963623,-7.002833843231201,-0.06595128774642944,-0.7006227374076843,-0.015285272151231766,0.08730616420507431,7.359757900238037,20.535375595092773,733.6351928710938,1439.890869140625,3.0410890579223633,0.014511716552078724,0.34187379479408264,0.19819870591163635,0.11801842600107193,0.10364793986082077,0.10170634835958481,0.08554144203662872,0.0672464519739151,0.04212846979498863,0.024188531562685966,0.007968476042151451
506,Jaycen Joshua,AUTOMOBOOTY,-10.462963,-9.205781,-7.523058891296387,2.2271552085876465,0.027471227571368217,0.11047700047492981,0.17473673820495605,0.49945104122161865,-0.01227006661599268,23.34457931318139,4.144426345825195,4.414998531341553,-7.136870861053467,-0.01440536417067051,-0.688736081123352,-0.04623306542634964,0.15584635734558105,8.508862495422363,3.9471967220306396,2065.73583984375,4095.97509765625,1.4456254243850708,0.024550819769501686,0.2900380492210388,0.10338747501373291,0.1404806673526764,0.10856054723262787,0.10809091478586197,0.11823535710573196,0.09731380641460419,0.07984654605388641,0.05748195946216583,0.022060716524720192
507,Jaycen Joshua,Favorite Song (feat. Future) [Toxic Version],-14.306912,-12.685935,-10.121269226074219,8.000317573547363,0.018626263365149498,0.12592613697052002,1.7803668975830078,0.49949172139167786,-0.012931660711944617,22.102782068076735,3.7409324645996094,5.301846027374268,-6.975200176239014,-0.02365262433886528,-0.6516726613044739,-0.026896169409155846,0.08913876116275787,7.268345355987549,21.548158645629883,978.959716796875,1740.9720458984375,3.274729013442993,0.0158064141869545,0.21445302665233612,0.07870925217866898,0.12926295399665833,0.0965707004070282,0.0808098241686821,0.0652756616473198,0.047012146562337875,0.029232004657387733,0.015660258010029793,0.00511542521417141
508,Jaycen Joshua,Crying On The Subway,-19.247267,-15.27154,-12.241015434265137,13.69059944152832,0.007758694235235453,-0.018807144835591316,2.2858166694641113,0.49997812509536743,0.02467460798793413,20.430155201588033,3.522984743118286,5.240099906921387,-7.279183387756348,-0.0774570181965828,-0.637567400932312,0.02829071506857872,0.08227760344743729,7.3543500900268555,17.703693389892578,1168.0985107421875,1764.86474609375,3.369765281677246,0.015214352868497372,0.0914909616112709,0.03656133636832237,0.08603876084089279,0.08322400599718094,0.08553147315979004,0.060428738594055176,0.04513164237141609,0.023781975731253624,0.012716485187411308,0.0031604513060301542
509,Jaycen Joshua,On Time (feat. Toosii & Kiya Alexius),-11.454986,-8.027883,-7.2269158363342285,4.217687129974365,0.030700385570526123,-0.030374500900506973,-0.08898186683654785,0.5000341534614563,-0.030446898655950305,29.825162753141765,3.375399351119995,3.6235458850860596,-9.501764297485352,-0.09708110988140106,-0.7383138537406921,-0.029821690171957016,0.1309339851140976,8.120570182800293,5.596541404724121,1484.348876953125,2920.26318359375,1.7782158851623535,0.02221706323325634,0.3303960859775543,0.1607988029718399,0.1944035291671753,0.14878638088703156,0.1272028684616089,0.10484705865383148,0.08324766159057617,0.06645704805850983,0.047296032309532166,0.01937924697995186
510,Jaycen Joshua,Type A Party,-10.191595,-8.799003,-7.593794345855713,5.690757751464844,0.03697820007801056,0.03587387874722481,-0.18416357040405273,0.49917903542518616,-0.02769630318378244,46.62850564643587,3.1542270183563232,3.878934860229492,-6.9373393058776855,0.00577845424413681,-0.6016870737075806,-0.019393445923924446,0.0854528471827507,7.032940864562988,15.782407760620117,711.5743408203125,1249.7142333984375,2.9431214332580566,0.015419048257172108,0.3471653163433075,0.09945064783096313,0.2218123972415924,0.15901429951190948,0.12482143193483353,0.080785371363163,0.051255304366350174,0.029335636645555496,0.019671978428959846,0.0054007903672754765
511,Jaycen Joshua,Another Love Song,-8.373678,-8.044137,-7.494948387145996,7.700364589691162,0.028615571558475494,0.016439376398921013,-0.006307125091552734,0.4999055862426758,-0.008979598907666014,20.64754703252544,3.2932467460632324,3.760713577270508,-6.93454122543335,-0.039541494101285934,-0.6674917340278625,-0.028143268078565598,0.1021539643406868,7.797270774841309,10.234956741333008,840.009765625,1729.5928955078125,2.3538122177124023,0.018440358340740204,0.2643182873725891,0.09585682302713394,0.18106895685195923,0.1668277382850647,0.14178983867168427,0.1359037607908249,0.08983210474252701,0.059155046939849854,0.03446640819311142,0.011525197885930538
512,Jaycen Joshua,Mal Acostumbrao,-14.542283,-9.900059,-8.481328010559082,3.457831859588623,0.020431481301784515,-0.03842688724398613,0.5864682197570801,0.5000608563423157,-0.039854598769678604,11.35901383530605,3.592254161834717,4.4495134353637695,-7.466836929321289,0.03554126247763634,-0.6853705048561096,0.011721072718501091,0.123061403632164,7.791536808013916,8.340035438537598,1467.2518310546875,2582.1103515625,2.1239893436431885,0.0218290276825428,0.21083593368530273,0.08598543703556061,0.15428616106510162,0.13611717522144318,0.10237433761358261,0.08635247498750687,0.06896580010652542,0.04895778000354767,0.03478635847568512,0.011239523068070412
513,Jaycen Joshua,Gratitude,-19.63939,-12.607295,-10.105109214782715,7.532419204711914,0.015150178223848343,0.0541716031730175,1.6532659530639648,0.5001251697540283,-0.012329085888727246,13.830745498450831,3.476673126220703,5.455997467041016,-6.696044921875,-0.06784350425004959,-0.4320566654205322,-0.021105019375681877,0.12076667696237564,7.611084461212158,45.37112045288086,1457.4466552734375,2641.353271484375,3.39803409576416,0.021425819024443626,0.1851147711277008,0.06052779033780098,0.11649011820554733,0.09711183607578278,0.09115621447563171,0.06997061520814896,0.04952866956591606,0.03378134220838547,0.024913178756833076,0.008360343053936958
514,Jaycen Joshua,PRETTY BROWN,-10.1406355,-9.2409315,-7.71928596496582,2.9928646087646484,0.02145763300359249,0.06819542497396469,0.6676723957061768,0.49975958466529846,0.009904482024426463,9.18703073002943,4.098746299743652,5.2045087814331055,-6.868907928466797,-0.06949422508478165,-0.6454934477806091,-0.014882329851388931,0.12542939186096191,8.116084098815918,8.004083633422852,1934.9150390625,3348.704833984375,1.9826273918151855,0.01740141585469246,0.2202712595462799,0.08087239414453506,0.1132328063249588,0.0921441838145256,0.1108095720410347,0.11599844694137573,0.09135720878839493,0.08050907403230667,0.04582119733095169,0.016860036179423332
515,Jaycen Joshua,GLIDE WITH ME,-7.63757,-7.223785,-7.052313327789307,3.4839401245117188,0.029253514483571053,0.0709443911910057,-0.006140708923339844,0.49959596991539,-0.023801230252888612,19.239937981333547,3.780829906463623,4.532820701599121,-7.033813953399658,-0.04668889194726944,-0.7210832238197327,-0.05338834598660469,0.12024952471256256,8.156847953796387,5.0602288246154785,1908.7406005859375,3124.25537109375,1.7754334211349487,0.016422472894191742,0.27173933386802673,0.10999403893947601,0.16840852797031403,0.1191408708691597,0.12462920695543289,0.1389177292585373,0.11620298027992249,0.08716343343257904,0.058443546295166016,0.016483770683407784
516,Jaycen Joshua,Pick Up,-10.3407345,-9.557856,-9.182178497314453,4.340967655181885,0.017000092193484306,0.0364006832242012,1.4601154327392578,0.4996602237224579,-0.036893509137780646,16.610366691998447,4.099689960479736,5.481205940246582,-6.869534492492676,0.000718235329259187,-0.724323034286499,-0.016900625079870224,0.11370925605297089,8.1537504196167,6.100776672363281,1057.6776123046875,2046.425048828125,1.9565727710723877,0.019989818334579468,0.13900147378444672,0.057173069566488266,0.11041219532489777,0.12380067259073257,0.14022788405418396,0.11728020012378693,0.07792430371046066,0.04959792643785477,0.029753509908914566,0.009841973893344402
517,Jaycen Joshua,Inside My Head,-13.147357,-12.511748,-11.089893341064453,9.883031845092773,0.015107146464288235,0.009557065553963184,1.1887297630310059,0.4998646676540375,-0.010705885620705166,14.71470907808391,3.282860040664673,4.627464771270752,-6.870096683502197,0.046420760452747345,-0.6164008378982544,0.021681517362594604,0.06225325167179108,6.726306915283203,70.49931335449219,600.833740234375,1117.4542236328125,5.335954666137695,0.009878437034785748,0.21417784690856934,0.08628563582897186,0.13768136501312256,0.09258441627025604,0.08240610361099243,0.06936705857515335,0.044074878096580505,0.028275080025196075,0.0140057522803545,0.0032500543165951967
518,Jaycen Joshua,Im That - Sped Up,-12.01036,-10.892695,-9.425755500793457,3.9961071014404297,0.015162039548158646,-0.02914811670780182,2.146409511566162,0.5000188946723938,-0.0027561598865486173,15.74044635437055,4.941659450531006,6.254592418670654,-6.938055992126465,0.0037885133642703295,-0.65891033411026,0.021425321698188782,0.14201810956001282,8.307324409484863,3.8138914108276367,2034.122802734375,3514.9609375,1.6654869318008423,0.023222198709845543,0.15421991050243378,0.06627213954925537,0.08319293707609177,0.0878838300704956,0.0874667540192604,0.08952579647302628,0.08229174464941025,0.055731091648340225,0.03633734956383705,0.010301699861884117
519,Jaycen Joshua,Candle of the Devil (feat. Nas),-18.092003,-13.610913,-7.515063285827637,1.4056243896484375,0.029413405805826187,0.045490313321352005,0.19841575622558594,0.4997072219848633,-0.011418326874823281,30.460804276939307,3.428342342376709,4.002467632293701,-7.468656063079834,0.00422249361872673,-0.9110812544822693,0.000237786109209992,0.12775036692619324,8.105905532836914,6.072110176086426,1847.1473388671875,2924.878173828125,1.8656445741653442,0.02017330378293991,0.26127520203590393,0.10802967101335526,0.19758598506450653,0.14634811878204346,0.12473411113023758,0.10969211906194687,0.07570526003837585,0.05417041480541229,0.0364968404173851,0.011874659918248653
520,Jaycen Joshua,Antisociales (con Zion & Lennox),-10.715696,-9.874542,-8.421956062316895,8.648333549499512,0.01939086988568306,0.03538227453827858,0.6367216110229492,0.4999404847621918,-0.047800426646184314,14.812287832117342,3.731919765472412,4.617555618286133,-6.771080493927002,0.016011415049433708,-0.6864641904830933,-0.044440969824790955,0.12189356237649918,8.243353843688965,9.751670837402344,1436.487060546875,2866.413818359375,2.0723414421081543,0.02069273591041565,0.22367393970489502,0.09511049836874008,0.14578241109848022,0.10892781615257263,0.10711053758859634,0.10018611699342728,0.08251293748617172,0.06542465090751648,0.045405201613903046,0.014918251894414425
521,Jaycen Joshua,Llorar y Llorar,-15.9036255,-13.528319,-12.003814697265625,9.500916481018066,0.010310694575309753,0.03229784220457077,1.83272123336792,0.49993205070495605,0.007959741793047589,16.505948930466204,3.866816997528076,5.892362594604492,-7.160533428192139,-0.01150569412857294,-0.5908025503158569,-0.012156812474131584,0.09437137097120285,7.803153991699219,10.694212913513184,927.2793579101562,1784.099609375,2.6178300380706787,0.01673348806798458,0.17163848876953125,0.08743400126695633,0.08322499692440033,0.07950689643621445,0.08711417019367218,0.07883790880441666,0.053433094173669815,0.034026194363832474,0.020148281008005142,0.005281507503241301
522,Jaycen Joshua,DOPE,-7.288109,-6.904491,-6.742978096008301,1.9600682258605957,0.03725237771868706,0.04190995171666145,-0.4380972385406494,0.4995114803314209,-0.02235672376320647,17.12325058284374,3.193143129348755,3.37823748588562,-6.923139572143555,0.040681853890419006,-0.6851426362991333,-0.006903502158820629,0.10352834314107895,8.019879341125488,9.456740379333496,1045.0634765625,2258.79345703125,2.253366470336914,0.015941878780722618,0.3968447744846344,0.1768597662448883,0.18662288784980774,0.15589570999145508,0.14185486733913422,0.13324739038944244,0.11266665160655975,0.08426330238580704,0.051676005125045776,0.01533256471157074
523,Jaycen Joshua,Yalla Habibi (feat. French Montana) [Bonus Track],-13.928805,-11.219631,-10.502490043640137,6.52224063873291,0.01509764138609171,0.01523036602884531,1.1160674095153809,0.49995726346969604,-0.05929992874245448,27.217717098937413,3.661442756652832,5.060492038726807,-7.034229755401611,0.1295342892408371,-0.7283625602722168,-0.020199978724122047,0.12819090485572815,8.019963264465332,6.965652942657471,1343.4058837890625,2454.053955078125,1.83848237991333,0.0216910969465971,0.2130328267812729,0.11123114824295044,0.11011634767055511,0.09663902968168259,0.08784479647874832,0.0874759703874588,0.06060447916388512,0.04442020505666733,0.02928191050887108,0.010734278708696365
524,Jaycen Joshua,FWLM,-12.778875,-11.708717,-11.080316543579102,6.774009704589844,0.012818168848752975,0.04168609902262688,2.2572455406188965,0.4998115301132202,0.0005264070372605244,9.208998901831773,3.648106336593628,5.49216365814209,-7.137781143188477,-0.04223129153251648,-0.774706244468689,0.0319841168820858,0.07796226441860199,6.987642288208008,68.18855285644531,896.8925170898438,1654.7158203125,5.094702243804932,0.013416198082268238,0.17821231484413147,0.07847268134355545,0.11527033895254135,0.09792903810739517,0.0923452079296112,0.07673462480306625,0.051486846059560776,0.03169012814760208,0.020267104730010033,0.006270114798098803
525,Jaycen Joshua,2 in Lu,-10.607392,-9.331369,-7.349427700042725,6.01226806640625,0.03377087414264679,0.013385222293436527,-0.3722996711730957,0.49999967217445374,-0.017062840509969472,69.59259659936929,2.858427047729492,3.4738423824310303,-7.325720310211182,0.013931386172771454,-0.7497570514678955,-0.010026516392827034,0.08926402777433395,7.053582668304443,14.611795425415039,628.4956665039062,1197.2078857421875,2.795074701309204,0.01686747372150421,0.3446694016456604,0.12432330846786499,0.23581165075302124,0.15125219523906708,0.1283445954322815,0.08447939902544022,0.057950086891651154,0.037739917635917664,0.025650011375546455,0.006813121028244495
526,Jaycen Joshua,Rule Number 1,-12.119293,-10.776296,-8.790590286254883,8.624218940734863,0.01950431428849697,0.03593849390745163,1.3293251991271973,0.49983713030815125,-0.02801918476780018,30.24812650918881,3.9292144775390625,6.139301776885986,-7.991926670074463,0.11960631608963013,-0.8046267628669739,0.018535533919930458,0.11934234946966171,8.045331001281738,11.349125862121582,1688.4390869140625,2977.810791015625,2.036634922027588,0.017616257071495056,0.19163432717323303,0.04952093958854675,0.12624973058700562,0.11983560770750046,0.1028754860162735,0.09473530203104019,0.06820594519376755,0.05114073306322098,0.03234388306736946,0.013913155533373356
527,Jaycen Joshua,ON GOD,-8.997572,-8.297534,-6.800564289093018,2.794560432434082,0.028474627062678337,0.03397338464856148,-0.03670549392700195,0.4997382164001465,0.025033651850217522,13.196372227941312,3.744894027709961,4.105481147766113,-6.87777853012085,-0.18740619719028473,-0.6130443215370178,-0.025606496259570122,0.15522857010364532,8.790863037109375,2.63352370262146,2101.5654296875,4098.70361328125,1.4340698719024658,0.024534935131669044,0.32331520318984985,0.14336469769477844,0.13451196253299713,0.10880222916603088,0.1285421997308731,0.13259856402873993,0.11860895901918411,0.09566735476255417,0.06728411465883255,0.022096004337072372
528,Jaycen Joshua,Amigos (con Andry Kiddos),-11.225517,-10.464226,-8.620022773742676,9.536192893981934,0.020909380167722702,-0.038246430456638336,0.9327468872070312,0.5000724792480469,-0.01959490865837146,19.056372440082587,3.4893922805786133,4.338991165161133,-6.735921382904053,-0.015322987921535969,-0.606579065322876,-0.009813949465751648,0.08720231801271439,7.702902793884277,10.84954833984375,814.111572265625,1602.1322021484375,2.6858744621276855,0.014798707328736782,0.2073027491569519,0.06769811362028122,0.15107008814811707,0.1388242095708847,0.11485646665096283,0.09242044389247894,0.0672776848077774,0.046652041375637054,0.027499325573444366,0.007711157202720642
529,Jaycen Joshua,BUTTERFLY COUPE feat. Tyg,-11.280218,-10.481332,-8.44488525390625,4.939194679260254,0.03451928123831749,-0.009868232533335686,0.03819155693054199,0.4996580481529236,-0.05853208544234171,41.89949217200814,3.1198365688323975,3.475573778152466,-7.449778079986572,0.01603892259299755,-0.8903159499168396,0.01715216226875782,0.09232010692358017,7.3288397789001465,21.53471565246582,794.1480712890625,1506.574951171875,3.1021292209625244,0.01770273968577385,0.4111574590206146,0.23214024305343628,0.14708302915096283,0.1260995715856552,0.12530645728111267,0.10816513001918793,0.07372353971004486,0.04606447368860245,0.0305023193359375,0.009165113791823387
530,Jaycen Joshua,Winning,-10.342486,-8.769728,-7.965523719787598,3.297651767730713,0.024975011125206947,0.012286811135709286,-0.03296804428100586,0.4995463192462921,-0.034970336659038745,15.500073129401796,3.939807891845703,4.685750961303711,-6.937448024749756,-0.00615518307313323,-0.6765627861022949,-0.01863284409046173,0.1233450248837471,8.371723175048828,4.012652397155762,1479.0936279296875,2808.59521484375,1.7758560180664062,0.019699549302458763,0.2928547263145447,0.11511117964982986,0.16315852105617523,0.11957024782896042,0.11433522403240204,0.10756975412368774,0.08837101608514786,0.0744842067360878,0.04294430837035179,0.012591795064508915
531,Jaycen Joshua,Bonus - Favorite Song (feat. Future) [Toxic Version],-14.306912,-12.685935,-10.121269226074219,8.000317573547363,0.018626263365149498,0.12592613697052002,1.7803668975830078,0.49949172139167786,-0.012931660711944617,22.102782068076735,3.7409324645996094,5.301846027374268,-6.975200176239014,-0.02365262433886528,-0.6516726613044739,-0.026896169409155846,0.08913876116275787,7.268345355987549,21.548158645629883,978.959716796875,1740.9720458984375,3.274729013442993,0.0158064141869545,0.21445302665233612,0.07870925217866898,0.12926295399665833,0.0965707004070282,0.0808098241686821,0.0652756616473198,0.047012146562337875,0.029232004657387733,0.015660258010029793,0.00511542521417141
532,Jaycen Joshua,Cough,-10.6851425,-9.402804,-8.674731254577637,3.1959877014160156,0.02141036093235016,-0.020450640469789505,1.2350568771362305,0.4998760521411896,-0.030115655583850563,23.177644204245823,4.170150279998779,5.3050079345703125,-6.858826160430908,-0.0026106173172593117,-0.6826531291007996,-0.015112826600670815,0.09492190182209015,7.812009334564209,9.967477798461914,968.412841796875,1900.2398681640625,2.5048277378082275,0.0159764364361763,0.19639736413955688,0.08575017005205154,0.1653713434934616,0.13732080161571503,0.11372211575508118,0.09839940816164017,0.06494539976119995,0.04480336606502533,0.02635318785905838,0.006546917371451855
533,Jaycen Joshua,Betrayed,-10.552724,-9.484419,-7.942835807800293,8.0724515914917,0.019509518519043922,0.007233807351440191,1.0883479118347168,0.49997106194496155,-0.001144937894276729,7.8721595325607545,3.8150296211242676,4.623744010925293,-6.601301670074463,-0.006013129372149706,-0.4633040130138397,0.010103479959070683,0.13745564222335815,8.347085952758789,4.1182146072387695,1835.3365478515625,3425.82275390625,1.634110927581787,0.023852335289120674,0.19821897149085999,0.08436691015958786,0.10918240994215012,0.11474525183439255,0.11895856261253357,0.11212930828332901,0.09936797618865967,0.06741698831319809,0.04922928661108017,0.015714237466454506
534,Jaycen Joshua,BRB,-8.621614,-8.2277565,-7.978884696960449,1.7767324447631836,0.03085917979478836,0.048882417380809784,-0.12704133987426758,0.4997425377368927,-0.041181788550843354,35.224977444397744,3.378983736038208,4.06355094909668,-7.201879978179932,0.021866686642169952,-0.7371767163276672,-0.02199319377541542,0.09648582339286804,7.766230583190918,8.632570266723633,762.5409545898438,1635.939453125,2.3268370628356934,0.01666867546737194,0.3407982289791107,0.11884398758411407,0.22487492859363556,0.13593535125255585,0.1161758154630661,0.08687064051628113,0.0759538784623146,0.04857182875275612,0.030912838876247406,0.007996850647032261
535,Jaycen Joshua,Mukulu,-11.436234,-10.788908,-9.381916999816895,3.629117488861084,0.020637359470129013,-0.013119041919708252,0.7024054527282715,0.4998915493488312,-0.058600290599364994,15.415289518631566,3.5576627254486084,4.465900421142578,-6.669744491577148,0.07737638801336288,-0.5518038868904114,-0.03942248970270157,0.12428838759660721,8.022771835327148,2.6524064540863037,663.1060180664062,1417.15771484375,1.7231231927871704,0.027631746605038643,0.22933660447597504,0.10251856595277786,0.134785994887352,0.12519699335098267,0.11051321029663086,0.10686954855918884,0.05961688235402107,0.03911629319190979,0.024776997044682503,0.00912733655422926
536,Jaycen Joshua,False Prophet,-12.350875,-9.56059,-6.749342441558838,3.8793883323669434,0.026893923059105873,-0.00480280164629221,0.46373414993286133,0.4999561905860901,-0.01713209787948489,13.093247856363137,3.5933194160461426,4.780477046966553,-7.538241386413574,-0.01691361516714096,-0.7142662405967712,-0.020699994638562202,0.08776035904884338,7.644863605499268,24.20016860961914,1238.4503173828125,2059.370361328125,3.190608263015747,0.013539724983274937,0.2032758742570877,0.063155896961689,0.1512846052646637,0.13726221024990082,0.14007893204689026,0.13611911237239838,0.11729944497346878,0.0700598955154419,0.037651222199201584,0.007604473270475864
537,Jaycen Joshua,STOMP EM OUT,-6.7235627,-6.353755,-5.924817085266113,2.191446304321289,0.041122280061244965,0.015196951106190681,-0.4615604877471924,0.4999966621398926,-0.01718391280193282,34.8436574371146,3.1607816219329834,3.242469310760498,-7.39947509765625,-7.942013326101005e-05,-0.8396921753883362,-0.0048767440021038055,0.1331612467765808,8.421222686767578,3.1015872955322266,1324.6771240234375,2914.339111328125,1.5799812078475952,0.022446952760219574,0.3921336233615875,0.1950412094593048,0.20816460251808167,0.16783614456653595,0.15724344551563263,0.12503167986869812,0.11467648297548294,0.08891173452138901,0.061080027371644974,0.022759580984711647
538,Jaycen Joshua,Ex (con La Joaqui),-10.806653,-8.675783,-7.945761680603027,6.516374588012695,0.02161896973848343,-0.01401952188462019,1.106544017791748,0.49997568130493164,0.008647603440616354,15.697639914894058,4.211187362670898,4.823378562927246,-6.832924842834473,-0.04807748273015022,-0.6766678690910339,-0.0038130581378936768,0.14648817479610443,8.563567161560059,4.480069160461426,1660.3565673828125,3488.106201171875,1.6006959676742554,0.02559688314795494,0.21757039427757263,0.09316830337047577,0.1508319079875946,0.11553571373224258,0.11342015862464905,0.09648555517196655,0.08675043284893036,0.0693587213754654,0.05108774080872536,0.015755560249090195
539,Jaycen Joshua,Trumpet,-9.431165,-8.871321,-8.003087997436523,2.602785587310791,0.029044009745121002,0.0021687853150069714,0.4380221366882324,0.49961185455322266,-0.026945767008158143,26.89714452105431,3.5538835525512695,4.306412696838379,-7.0445146560668945,-0.007435043808072805,-0.7797126770019531,-0.012920898385345936,0.09802749007940292,7.562445163726807,13.850836753845215,900.4849853515625,1788.810791015625,2.7591423988342285,0.019099200144410133,0.28358495235443115,0.11144252121448517,0.18893218040466309,0.14800480008125305,0.1259472817182541,0.09351736307144165,0.06255218386650085,0.042376089841127396,0.02559347078204155,0.009546175599098206
540,Jaycen Joshua,MOONSHINE CHERRY,-9.728594,-8.946157,-7.8923749923706055,3.722720146179199,0.01893705502152443,0.050776295363903046,0.5764522552490234,0.49961748719215393,-0.011767085369524396,8.464069606486058,3.952876567840576,4.754016399383545,-6.882863521575928,0.023156024515628815,-0.6022964715957642,0.0007026330567896366,0.13176552951335907,8.361072540283203,5.888663291931152,1686.96044921875,3204.2578125,1.7405750751495361,0.02184552699327469,0.16764986515045166,0.07013638317584991,0.12566961348056793,0.1345406174659729,0.13788051903247833,0.12171928584575653,0.09569908678531647,0.07261544466018677,0.04861481115221977,0.014927929267287254
541,Jaycen Joshua,SHOT O' CLOCK,-16.7455,-12.110672,-8.978424072265625,9.068023681640625,0.02221987210214138,-0.0098464610055089,0.6176779270172119,0.4994366466999054,-0.0013078649930780408,21.47316685916219,3.996072292327881,9.780179023742676,-6.801736831665039,-0.029303396120667458,-0.5727443695068359,-0.026499291881918907,0.12544532120227814,8.080543518066406,9.568679809570312,1885.2879638671875,3117.436279296875,2.1046690940856934,0.019380901008844376,0.2749291956424713,0.12478628009557724,0.12732289731502533,0.09567490965127945,0.07866522669792175,0.0711624026298523,0.06630860269069672,0.05314643308520317,0.0334261953830719,0.01130924466997385
542,Jaycen Joshua,"Angel Pt. 1 (feat. Jimin of BTS, JVKE & Muni Long) - Trailer Version",-8.839175,-8.137477,-7.494378089904785,2.9492597579956055,0.03250711411237717,0.04349680244922638,-0.20855379104614258,0.4997728168964386,-0.014590531388823635,22.72300356153673,3.2139804363250732,3.7719526290893555,-6.969386100769043,0.014520394615828991,-0.6504221558570862,-0.01538482028990984,0.10394185781478882,7.814694881439209,13.647537231445312,826.8067016601562,1768.9033203125,2.4193928241729736,0.01919812522828579,0.352119505405426,0.13128802180290222,0.19145643711090088,0.1405206173658371,0.13070182502269745,0.11130218207836151,0.08934566378593445,0.06208076328039169,0.04098232463002205,0.012681613676249981
543,Jaycen Joshua,COLD GAME,-10.6163,-9.754896,-9.062496185302734,5.243170738220215,0.018077461048960686,0.010073603130877018,0.9031908512115479,0.4998004138469696,-0.01083371789118184,9.544411129511603,3.879178762435913,4.999513626098633,-6.801998615264893,0.06430424004793167,-0.5996956825256348,-0.020465653389692307,0.12426518648862839,8.240421295166016,5.693481922149658,1538.423095703125,2905.8388671875,1.8665924072265625,0.020199142396450043,0.22115202248096466,0.07458971440792084,0.11760597676038742,0.09617225080728531,0.10260199010372162,0.10360477864742279,0.08387722074985504,0.06469185650348663,0.0398898720741272,0.013740448281168938
544,Dave Pensado,Beep,-10.690338,-10.32574,-10.1660795211792,3.1406421661376953,0.014765513129532337,0.028858941048383713,1.5480995178222656,0.4998595416545868,-0.019485625722120054,14.255436216632088,4.381467819213867,5.715752124786377,-6.984771728515625,0.039746031165122986,-0.6942426562309265,-0.0011284711072221398,0.14545594155788422,8.462968826293945,1.5731793642044067,1367.031982421875,2986.240966796875,1.324191927909851,0.025505000725388527,0.19014863669872284,0.07357829064130783,0.12299931794404984,0.10187748074531555,0.08782637864351273,0.07062980532646179,0.06293335556983948,0.048070698976516724,0.034886956214904785,0.012630737386643887
545,Dave Pensado,Greatest X,-12.420057,-11.506316,-10.263166427612305,6.69515323638916,0.013223239220678806,0.024474386125802994,1.614790439605713,0.49997133016586304,-0.019853876029514054,12.242636659984667,4.011918544769287,6.526398181915283,-7.038952827453613,0.04679706320166588,-0.7029256820678711,-0.004374930169433355,0.1589188277721405,8.544835090637207,5.974838733673096,1514.2760009765625,3380.76708984375,1.4828498363494873,0.030361877754330635,0.16030973196029663,0.05746243894100189,0.10423969477415085,0.11389735341072083,0.10900267958641052,0.07779693603515625,0.05791948735713959,0.044311631470918655,0.03340175747871399,0.013993596658110619
546,Dave Pensado,Your Song,-15.578851,-14.520181,-13.77880573272705,4.153806686401367,0.005754868499934673,0.15021078288555145,3.2593398094177246,0.49999141693115234,-0.010906878387626532,14.078501768248339,3.879744052886963,6.779808521270752,-7.20001220703125,0.0483221560716629,-0.7359330058097839,0.013654382899403572,0.1472378373146057,8.094869613647461,1.8816721439361572,1136.1995849609375,2286.87109375,1.4677051305770874,0.03261459246277809,0.08730513602495193,0.033136334270238876,0.09273891150951385,0.08871722221374512,0.07844237238168716,0.05008693411946297,0.030599607154726982,0.02215152606368065,0.018890777602791786,0.007727255579084158
547,Dave Pensado,Last Time,-26.594957,-22.94036,-19.534509658813477,6.711748123168945,0.0012599475448951125,-0.02764689177274704,2.4966750144958496,0.4999677538871765,0.0054833708757141995,6.449608610492622,4.55525016784668,7.262036323547363,-7.183377742767334,0.022565916180610657,-0.5728858709335327,-0.004964066203683615,0.15179285407066345,8.58746337890625,3.65017032623291,2233.025390625,3867.997802734375,1.591480016708374,0.026625022292137146,0.04235774651169777,0.015456806868314743,0.0276494100689888,0.03115786239504814,0.03636889532208443,0.032535478472709656,0.025297118350863457,0.017252035439014435,0.011477401480078697,0.004197907168418169
548,Dave Pensado,Trading Places,-13.670252,-12.981227,-12.214393615722656,4.552595138549805,0.009520186111330986,0.002684646751731634,0.9706058502197266,0.49993056058883667,-0.010653789632763568,24.020387401103324,3.915959596633911,6.770064830780029,-6.915205478668213,0.002464292338117957,-0.6382238864898682,-0.0012574262218549848,0.1538853794336319,8.438015937805176,1.5261342525482178,1469.0216064453125,3251.62744140625,1.2735227346420288,0.025440944358706474,0.18861471116542816,0.05347132682800293,0.11868003010749817,0.06879330426454544,0.05485289916396141,0.05089852958917618,0.05099538341164589,0.044867124408483505,0.03382027521729469,0.009742232970893383
549,Dave Pensado,Everything I Do,-24.755095,-22.479809,-18.859050750732422,13.653739929199219,0.0016586743295192719,-0.01212985347956419,6.550087928771973,0.5000108480453491,0.010112464012176844,10.547365091759673,4.017867088317871,8.3085298538208,-7.316962718963623,0.08366336673498154,-0.5176466703414917,0.05461105704307556,0.12199476361274719,7.933627128601074,6.038827896118164,914.7388305664062,2028.73681640625,1.9157733917236328,0.024264773353934288,0.05352070555090904,0.022796913981437683,0.03869151324033737,0.036131490021944046,0.029279248788952827,0.024098576977849007,0.015597773715853691,0.010592320933938026,0.008111025206744671,0.00297402311116457
550,Dave Pensado,Forever In Your Eyes,-11.697732,-10.542147,-8.731619834899902,5.723629951477051,0.016583696007728577,0.053140655159950256,2.1650681495666504,0.4999624192714691,-0.008958476396385766,15.734632155368866,4.352848529815674,5.904708385467529,-6.8729400634765625,-0.002287750830873847,-0.651938796043396,-0.00906696729362011,0.18039295077323914,8.916120529174805,1.586313247680664,2577.8623046875,5357.984375,1.1586265563964844,0.030809251591563225,0.19160106778144836,0.07310266047716141,0.13343599438667297,0.09226016700267792,0.0858723595738411,0.08047689497470856,0.08134475350379944,0.06428941339254379,0.05468988046050072,0.01968502812087536
551,Dave Pensado,You've Changed,-10.790926,-9.991624,-8.230310440063477,6.269530773162842,0.015781808644533157,0.021462494507431984,1.4765491485595703,0.49996063113212585,0.024144656327571096,12.27277864244402,4.1475982666015625,5.720709323883057,-6.770016670227051,-0.12826526165008545,-0.6202863454818726,0.02238389290869236,0.1567842960357666,8.703452110290527,1.3145778179168701,2272.475341796875,4222.2900390625,1.2781490087509155,0.024779317900538445,0.1513059139251709,0.0659407526254654,0.08760491758584976,0.1018732488155365,0.11432264000177383,0.11475637555122375,0.1056387647986412,0.08103080093860626,0.054830312728881836,0.01779116317629814
552,Dave Pensado,Baby,-22.687624,-20.55364,-19.368669509887695,2.7943077087402344,0.0018147457158192992,-0.0053459880873560905,0.6419401168823242,0.4999806880950928,0.018961718426262444,29.844399653428987,4.3656907081604,5.726586818695068,-7.724551677703857,-0.0852372944355011,-0.7194705605506897,0.02667960524559021,0.15159252285957336,8.724346160888672,1.439324140548706,1850.558349609375,3444.044677734375,1.29140305519104,0.02518400363624096,0.07796972244977951,0.032666150480508804,0.03977833315730095,0.036457642912864685,0.031403277069330215,0.030474603176116943,0.022768210619688034,0.019258003681898117,0.014331658370792866,0.005174716003239155
553,Dave Pensado,Just Fine,-14.130326,-12.38966,-11.936188697814941,3.814080238342285,0.00842518825083971,0.004929560702294111,2.1159515380859375,0.5000590682029724,-0.0013708174775734032,19.55166225340947,4.931121826171875,7.12560510635376,-7.903725624084473,-0.08402066677808762,-0.5965911746025085,-0.01297652069479227,0.17298053205013275,8.78110408782959,0.9255293607711792,2726.199951171875,4765.5673828125,1.1733859777450562,0.028505822643637657,0.13889344036579132,0.056252509355545044,0.08141852915287018,0.0671239122748375,0.06301731616258621,0.06413884460926056,0.062393371015787125,0.05020240694284439,0.041616592556238174,0.012553457170724869
554,Dave Pensado,You Could Be The One,-16.772081,-15.320429,-14.209579467773438,4.784188270568848,0.0061873579397797585,-0.06045685335993767,4.809471130371094,0.5000023245811462,-0.01117524469129754,25.372474049700152,5.676164627075195,10.908411979675293,-7.031486988067627,0.23696690797805786,-0.6988083124160767,-0.0017632779199630022,0.18975916504859924,8.685223579406738,1.4662703275680542,2984.708984375,5573.1962890625,1.1640945672988892,0.035331230610609055,0.12288427352905273,0.03949800878763199,0.06723124533891678,0.04951922222971916,0.047047875821590424,0.04621041566133499,0.03325608745217323,0.027514668181538582,0.02380412444472313,0.011281008832156658
555,Dave Pensado,Win - Men Of HonorSoundrack Edit,-18.634323,-16.80624,-12.116604804992676,18.16033172607422,0.006446744780987501,0.07761965692043304,3.9630579948425293,0.49998751282691956,0.005673672016007592,8.936801715466041,3.9534618854522705,6.294838905334473,-7.1467180252075195,0.0369742251932621,-0.542289674282074,0.013588503003120422,0.1496673971414566,8.289473533630371,4.133673191070557,1338.083984375,3086.116455078125,1.6750763654708862,0.03131970390677452,0.09547586739063263,0.03655725345015526,0.07232172787189484,0.07402078807353973,0.07508667558431625,0.06103145331144333,0.036904800683259964,0.026659755036234856,0.020850257948040962,0.010017132386565208
556,Dave Pensado,Home,-16.964672,-15.890251,-14.701492309570312,8.8181791305542,0.004530454520136118,0.03197777643799782,2.7799534797668457,0.5000032782554626,-0.05747523565810539,13.903393960794295,3.962515354156494,6.318267822265625,-6.873150825500488,0.05580229312181473,-0.6695626378059387,-0.05234421789646149,0.14730697870254517,8.10369873046875,1.8121604919433594,1292.5589599609375,2911.464111328125,1.4800565242767334,0.03358374163508415,0.08922861516475677,0.03251424431800842,0.07320249080657959,0.06665096431970596,0.06342591345310211,0.050127848982810974,0.035863008350133896,0.026970768347382545,0.01997382752597332,0.007966657169163227
557,Dave Pensado,Tell Me It's Real,-16.56029,-15.968266,-14.838200569152832,8.755123138427734,0.00464550219476223,0.12205368280410767,2.5659546852111816,0.49993428587913513,0.006438976936739243,20.151827813510156,4.149467945098877,7.808261394500732,-6.933098793029785,0.0548647940158844,-0.7237066030502319,0.0536351278424263,0.12212186306715012,8.2376070022583,3.3553154468536377,1036.604736328125,2314.001708984375,1.7428988218307495,0.022928111255168915,0.10175831615924835,0.03412054851651192,0.07060898095369339,0.06373686343431473,0.0609319731593132,0.04864170029759407,0.03519051894545555,0.026908619329333305,0.01906655915081501,0.006424799561500549
558,Dave Pensado,Take Me As I Am,-15.767122,-12.111644,-10.812400817871094,6.725255966186523,0.009385521523654461,-0.045373279601335526,0.7917075157165527,0.4999106824398041,-0.019506570722475778,11.655127446417701,3.9322149753570557,10.240813255310059,-7.7005133628845215,0.052170488983392715,-0.5651983022689819,-0.015060879290103912,0.1549537628889084,8.565264701843262,1.793344497680664,1991.265869140625,3776.539306640625,1.3746492862701416,0.02655111812055111,0.11454311013221741,0.03738440200686455,0.07747794687747955,0.07767779380083084,0.09978288412094116,0.09173492342233658,0.08389625698328018,0.056109003722667694,0.039784494787454605,0.012253019958734512
559,Dave Pensado,Check On It (feat. Bun B & Slim Thug),-9.52085,-8.394733,-8.305398941040039,2.6757869720458984,0.021865595132112503,-0.03416348621249199,1.4150171279907227,0.5005130171775818,-0.017403071856835588,21.935019149557114,4.396061897277832,5.229606628417969,-7.368651866912842,0.055517811328172684,-0.6795064210891724,-0.024394981563091278,0.15636028349399567,8.780403137207031,1.1011455059051514,2316.232177734375,4111.89208984375,1.2307713031768799,0.02336079254746437,0.22029350697994232,0.06389830261468887,0.14834445714950562,0.1229063868522644,0.10645662248134613,0.09691794961690903,0.08815257251262665,0.07404106855392456,0.06020352616906166,0.01765640452504158
560,Dave Pensado,Find Myself in You,-12.461015,-11.712899,-10.524837493896484,2.526944160461426,0.014024846255779266,-0.03692498803138733,2.921853542327881,0.49997851252555847,-0.011329683772809063,27.35854767069275,4.491872310638428,6.44047737121582,-7.241997241973877,-0.038117919117212296,-0.6207850575447083,-0.018616678193211555,0.1420494168996811,7.965914249420166,4.868865966796875,1404.4117431640625,2755.860107421875,1.7640531063079834,0.03151590749621391,0.16933049261569977,0.06291137635707855,0.1278359442949295,0.10779756307601929,0.09503567963838577,0.07256465405225754,0.05408530682325363,0.035876236855983734,0.026796648278832436,0.011429259553551674
561,Dave Pensado,Girl,-16.559025,-15.812942,-13.835942268371582,7.506895065307617,0.00463419035077095,0.005449164658784866,2.3339881896972656,0.4999784231185913,0.04229296701174941,10.999184673969571,4.3933258056640625,8.246927261352539,-6.919994831085205,0.04677155986428261,-0.7540725469589233,0.07992839068174362,0.1495118886232376,8.669581413269043,1.5097352266311646,1950.6129150390625,4085.686767578125,1.3342176675796509,0.02548690140247345,0.07201460748910904,0.022419847548007965,0.05735386908054352,0.05805955082178116,0.06443186849355698,0.05220254883170128,0.05050728842616081,0.03488308563828468,0.029350697994232178,0.008153798058629036
562,Dave Pensado,Lady Marmalade - From Moulin Rouge Soundtrack,-11.090529,-10.415868,-9.478754043579102,5.655460357666016,0.012393806129693985,-0.004048309754580259,1.4907026290893555,0.5000009536743164,-0.024145144064767723,10.397144731328881,4.393941402435303,6.635195255279541,-6.89638090133667,0.043482229113578796,-0.5632595419883728,0.013163919560611248,0.1435525119304657,8.682836532592773,2.001154661178589,2112.1328125,3845.867431640625,1.4342491626739502,0.022019919008016586,0.15244172513484955,0.05811479687690735,0.09227310866117477,0.08577421307563782,0.08986388146877289,0.09539183974266052,0.0924200788140297,0.06982206553220749,0.04797549545764923,0.01399470679461956
563,Dave Pensado,Just Like Me,-16.687702,-15.889103,-15.45319652557373,3.2950363159179688,0.0037951318081468344,0.001083090901374817,0.7440464496612549,0.4999297261238098,0.03266497616150075,14.089103231388489,4.359456539154053,6.335251331329346,-6.778175354003906,0.007232901640236378,-0.5898682475090027,0.035087499767541885,0.13658824563026428,8.435505867004395,1.6881592273712158,1359.8123779296875,2894.28955078125,1.4378869533538818,0.024010516703128815,0.09306702762842178,0.03935708478093147,0.0660567432641983,0.059217292815446854,0.05319597199559212,0.049665819853544235,0.03727450221776962,0.028211010619997978,0.019550194963812828,0.006379523314535618
564,Dave Pensado,You Complete Me,-10.823121,-9.869579,-8.75199031829834,6.052077770233154,0.01211450807750225,-0.10853412747383118,1.0415582656860352,0.5000088214874268,0.03954587241723538,5.516652052416853,4.2320380210876465,6.123705863952637,-6.978699684143066,-0.09009583294391632,-0.6557024717330933,0.011260454542934895,0.14839260280132294,8.588410377502441,2.372480869293213,2068.895751953125,3664.572265625,1.5647099018096924,0.026478644460439682,0.08518783003091812,0.023067651316523552,0.06446470320224762,0.10017795860767365,0.10734112560749054,0.12011120468378067,0.10375933349132538,0.07594956457614899,0.044502224773168564,0.013572558760643005
565,Dave Pensado,(When You Gonna) Give It Up to Me (feat. Keyshia Cole) - Radio Version,-18.009804,-12.097086,-10.346440315246582,2.291492462158203,0.012247607111930847,-0.01861351914703846,0.3757762908935547,0.5001955628395081,-0.014348989621971597,16.78260720957823,4.1013503074646,5.131307601928711,-10.691513061523438,0.052728887647390366,-0.7265401482582092,0.035990919917821884,0.15939486026763916,8.703600883483887,1.637366771697998,2335.954833984375,4316.0322265625,1.3730448484420776,0.029012970626354218,0.17843998968601227,0.06327599287033081,0.1086495965719223,0.10217175632715225,0.08703000843524933,0.08249382674694061,0.07160044461488724,0.05831005796790123,0.044135767966508865,0.014363843947649002
566,Dave Pensado,Mam,-15.371133,-13.999366,-10.751769065856934,9.54227066040039,0.01362908910959959,0.1584242731332779,2.5486202239990234,0.49993467330932617,-0.05854723264689086,22.788239980846157,4.024624347686768,5.756100654602051,-6.769895076751709,0.012035638093948364,-0.5905773043632507,-0.05250735953450203,0.13567067682743073,8.324543952941895,2.4365921020507812,1069.7073974609375,2366.699462890625,1.5008465051651,0.02604721300303936,0.1999039500951767,0.09703129529953003,0.11973349004983902,0.10064297169446945,0.08305101096630096,0.0680752843618393,0.04391148313879967,0.03483722731471062,0.026454465463757515,0.010052233934402466
567,Dave Pensado,For The Rest Of My Life,-16.85744,-15.108838,-12.322370529174805,11.38469123840332,0.0065242573618888855,-0.22742319107055664,2.650102138519287,0.49998897314071655,-0.0010758379077731824,6.783375102177369,4.002108097076416,6.120626926422119,-6.889684677124023,0.0010559211950749159,-0.5431065559387207,-0.01437117625027895,0.14176349341869354,8.183470726013184,3.5953407287597656,1088.5037841796875,2698.479248046875,1.6304289102554321,0.029593128710985184,0.10067804157733917,0.03710411116480827,0.08092944324016571,0.07956837117671967,0.07453389465808868,0.05539076775312424,0.03974684700369835,0.02960873767733574,0.02221098355948925,0.00961233302950859
568,Dave Pensado,Blame It,-21.686207,-20.185959,-16.462732315063477,8.871089935302734,0.0027483394369482994,-0.0031280769035220146,2.61007022857666,0.4999750852584839,0.23363165988300963,8.83359495446208,4.056049823760986,6.061248779296875,-6.611685276031494,-0.29278406500816345,-0.43928882479667664,0.12226731330156326,0.13512884080410004,8.19781494140625,7.080772399902344,1363.5672607421875,2967.510009765625,1.8121893405914307,0.02377433143556118,0.0767667144536972,0.033177148550748825,0.048002228140830994,0.039541732519865036,0.04002724215388298,0.037962522357702255,0.03195611387491226,0.02042163535952568,0.015584995970129967,0.004934926982969046
569,Dave Pensado,My Vietnam,-15.776091,-14.547327,-11.13022232055664,12.82790756225586,0.009894034825265408,-0.017542313784360886,3.5180978775024414,0.500000536441803,-0.05960726518141512,34.20349942296249,4.712762832641602,9.1235990524292,-7.249478816986084,-0.12704461812973022,-0.8696629405021667,-0.07933145016431808,0.14106689393520355,8.471091270446777,3.693760395050049,1779.755126953125,3690.978759765625,1.6369746923446655,0.02409510686993599,0.14248113334178925,0.056287191808223724,0.10127505660057068,0.07817479223012924,0.06172214075922966,0.05902402848005295,0.05732285976409912,0.046303704380989075,0.03336482122540474,0.010951025411486626
570,Dave Pensado,Out Of This Club,-12.6517105,-11.7065325,-10.023508071899414,5.054387092590332,0.013559402897953987,-0.007633236236870289,2.775212287902832,0.5000094771385193,0.011578893367962924,6.887582949032515,4.164931297302246,6.2763543128967285,-6.704219341278076,-0.031131964176893234,-0.4771397113800049,0.015417048707604408,0.13860762119293213,8.360844612121582,3.5845484733581543,1199.7723388671875,2765.914794921875,1.652637243270874,0.028399894014000893,0.15528064966201782,0.0649743378162384,0.10363078117370605,0.11094008386135101,0.10310100764036179,0.08787711709737778,0.05807070806622505,0.038569703698158264,0.027144920080900192,0.011462968774139881
571,Dave Pensado,Good Morning,-17.268782,-13.37613,-9.83966064453125,5.418962478637695,0.012207512743771076,0.0183496605604887,2.281975746154785,0.4999970495700836,0.0003432376915366212,8.831447778210814,4.3370771408081055,6.171559810638428,-7.128889560699463,-0.0675409659743309,-0.4607524275779724,-0.007853935472667217,0.15558002889156342,8.804304122924805,2.5201256275177,2201.18701171875,4300.70458984375,1.2334848642349243,0.024659736081957817,0.1443837732076645,0.06249883025884628,0.09699800610542297,0.0991077646613121,0.10155588388442993,0.09438787400722504,0.07426568865776062,0.05602319911122322,0.039667367935180664,0.01295536756515503
572,Dave Pensado,In Public,-13.096715,-12.257194,-11.75830078125,2.635030746459961,0.008648172952234745,0.009081758558750153,5.938650131225586,0.4999949634075165,-0.019957543920922177,8.184195040104857,5.584604740142822,9.914053916931152,-6.757274627685547,0.11605945974588394,-0.49897024035453796,0.02479226514697075,0.11756234616041183,8.309757232666016,4.519021511077881,2087.32470703125,3515.087646484375,1.6392043828964233,0.014263915829360485,0.10860779136419296,0.03945231810212135,0.08405166864395142,0.0715605765581131,0.06361271440982819,0.054576557129621506,0.04617118835449219,0.03968561440706253,0.027218475937843323,0.009776820428669453
573,Dave Pensado,Elevator,-11.604716,-10.7503805,-10.068869590759277,4.737300872802734,0.013817816972732544,0.03542807325720787,2.6726460456848145,0.5001073479652405,-0.00380466297952953,10.007219029722261,4.505962371826172,6.307477951049805,-6.852753639221191,-0.002879497827962041,-0.5717042684555054,0.02085287682712078,0.16185085475444794,8.610343933105469,3.416909694671631,2163.36083984375,4395.24365234375,1.4412742853164673,0.028729358687996864,0.18395733833312988,0.06263092160224915,0.10688448697328568,0.07800822705030441,0.08059439808130264,0.07666647434234619,0.0679858922958374,0.05350864678621292,0.04176761955022812,0.014589543454349041
574,Dave Pensado,Never Again,-16.645473,-14.226159,-13.070812225341797,7.6292219161987305,0.00550908362492919,-0.21330977976322174,1.80598783493042,0.49998241662979126,-0.13256278974113964,4.603872678297488,3.805779457092285,5.914011001586914,-6.846177101135254,0.22406105697155,-0.5241115689277649,0.010224010795354843,0.12003042548894882,7.829473495483398,10.565961837768555,1060.32177734375,1979.5792236328125,2.4002697467803955,0.02487269975244999,0.06284443289041519,0.018731573596596718,0.0685838833451271,0.09182386845350266,0.09567701816558838,0.06300806999206543,0.03703846037387848,0.024147605523467064,0.017744280397892,0.006017671432346106
575,Dave Pensado,Falsetto,-14.115255,-11.556957,-11.069711685180664,5.594698905944824,0.013206962496042252,0.09453308582305908,2.1245923042297363,0.4998135566711426,0.00772824072963229,34.96112983849697,3.940688371658325,6.378912925720215,-7.198213577270508,-0.08895618468523026,-0.8272185921669006,-0.03322210535407066,0.1260496824979782,8.129493713378906,5.517415523529053,1499.6278076171875,2708.357421875,1.8766223192214966,0.022522328421473503,0.17669527232646942,0.05863868445158005,0.1142745390534401,0.08878708630800247,0.09835701435804367,0.08856591582298279,0.06269528716802597,0.04074307903647423,0.028565142303705215,0.00925486534833908
576,Dave Pensado,Amazing,-23.279867,-15.5034485,-11.087152481079102,5.380097389221191,0.009028970263898373,0.004556688945740461,0.42104005813598633,0.49999794363975525,-0.000460164217617082,9.580151406143106,4.278367042541504,5.545653820037842,-9.901476860046387,-0.08643067628145218,-0.5739636421203613,-0.023356912657618523,0.16977980732917786,8.903876304626465,1.0101573467254639,2209.138916015625,4657.64111328125,1.190671682357788,0.030013499781489372,0.1258905977010727,0.05747988820075989,0.11232821643352509,0.10212446004152298,0.09881807118654251,0.07856238633394241,0.05723780393600464,0.045821115374565125,0.03684969246387482,0.013656983152031898
577,Dave Pensado,Where This Love Could End Up,-12.875948,-11.702957,-9.941167831420898,5.6767897605896,0.009152577258646488,-0.05074312165379524,1.768967628479004,0.4999880790710449,0.034513724879530465,5.117162592473924,4.451613903045654,6.913851261138916,-6.65080451965332,0.029457515105605125,-0.5110762119293213,0.011409880593419075,0.17216841876506805,8.855634689331055,0.7887107133865356,2419.75830078125,4593.484375,1.155608892440796,0.029316019266843796,0.11409453302621841,0.03608955815434456,0.07344835996627808,0.07518713921308517,0.09295088052749634,0.09136520326137543,0.08148175477981567,0.06051177531480789,0.042413242161273956,0.015110734850168228
578,Dave Pensado,Could You Learn to Love,-10.878539,-10.438324,-10.11669635772705,2.3514785766601562,0.014294685795903206,0.07491868734359741,0.1960294246673584,0.500546395778656,-1.2034384643804277e-06,398.3596595465975,3.9319868087768555,5.229395866394043,-9.182841300964355,-0.00747006805613637,-0.6560473442077637,-0.009284881874918938,0.07656154781579971,7.482439994812012,5.546913146972656,892.130126953125,1855.4041748046875,1.7452356815338135,0.007991796359419823,0.16176147758960724,0.04947517439723015,0.1389673501253128,0.13533221185207367,0.1310732066631317,0.09531977772712708,0.06883653998374939,0.04937148839235306,0.031009674072265625,0.00804408360272646
579,Dave Pensado,All My Life,-15.087844,-12.935395,-11.384578704833984,7.293132781982422,0.00931971613317728,-0.023034067824482918,2.1670174598693848,0.5000054836273193,0.009260562094358592,8.54022759774389,4.126267910003662,10.9153413772583,-6.594240665435791,-0.00044536206405609846,-0.40639162063598633,0.011852414347231388,0.15386590361595154,8.597827911376953,1.5988163948059082,1623.1578369140625,3608.73291015625,1.3615833520889282,0.028544913977384567,0.15152020752429962,0.054562728852033615,0.10396532714366913,0.08783596009016037,0.07920198142528534,0.06444739550352097,0.049869466572999954,0.038646191358566284,0.03196122869849205,0.012306028977036476
580,Dave Pensado,Get the Party Started,-12.168691,-11.656479,-11.457711219787598,3.7185182571411133,0.0093477051705122,0.07541857659816742,1.1725902557373047,0.49997425079345703,-0.0001275894088529808,15.123310434987491,4.780444145202637,6.7124199867248535,-7.065770149230957,0.02383679896593094,-0.5746195912361145,0.03219927102327347,0.15702375769615173,8.763521194458008,1.5078651905059814,2349.79638671875,4552.19580078125,1.2052116394042969,0.023532425984740257,0.16703848540782928,0.052969060838222504,0.11036745458841324,0.06658508628606796,0.05851899832487106,0.06426221877336502,0.0623958557844162,0.05856572091579437,0.04149636626243591,0.014464356936514378
581,Dave Pensado,Brand Ne,-13.805327,-12.809746,-10.650394439697266,11.964926719665527,0.00794385839253664,-0.020469974726438522,2.8035473823547363,0.5,-0.02201754969765934,8.766472329215514,4.461897850036621,7.389776706695557,-6.7755937576293945,0.0493488647043705,-0.6592779755592346,-0.027878226712346077,0.149592787027359,8.68928050994873,2.9632222652435303,2018.2093505859375,3963.687744140625,1.52763032913208,0.026042019948363304,0.08333759009838104,0.027188319712877274,0.05640329048037529,0.07450912147760391,0.08947296440601349,0.0890045166015625,0.08107835799455643,0.057102020829916,0.03901978209614754,0.011853594332933426
582,Dave Pensado,Wait A Minute,-13.236089,-10.613283,-9.989252090454102,4.25637674331665,0.012209630571305752,-0.039025697857141495,2.5957870483398438,0.5001664757728577,-0.012055456166639129,10.301573847746473,4.955474853515625,6.7769646644592285,-6.752599716186523,0.13585048913955688,-0.5996429324150085,-0.010434933938086033,0.16051451861858368,8.872522354125977,1.506574273109436,2532.051513671875,4656.80029296875,1.2858966588974,0.024718085303902626,0.13399596512317657,0.04566013440489769,0.08907463401556015,0.08093435317277908,0.09076976776123047,0.09067589044570923,0.0787719264626503,0.06268001347780228,0.04302283376455307,0.014122913591563702
583,Dave Pensado,Gospel Medley,-15.805714,-13.522009,-12.526596069335938,6.595048904418945,0.005915206391364336,0.04150434955954552,1.3624610900878906,0.5000091195106506,0.05188543422685456,9.762940508200185,3.9949004650115967,5.998357772827148,-7.268712520599365,-0.057341787964105606,-0.6869192123413086,0.054925523698329926,0.13650351762771606,7.9192728996276855,2.233165979385376,1584.3441162109375,2710.8662109375,1.569130778312683,0.023598264902830124,0.03901248425245285,0.0037190988659858704,0.051191363483667374,0.07679218798875809,0.10199993848800659,0.06547712534666061,0.05306895077228546,0.02903134375810623,0.02198316529393196,0.005864621140062809
584,Dave Pensado,Beautiful,-14.7395115,-14.056893,-12.935176849365234,8.259393692016602,0.004664312116801739,-0.0023770767729729414,1.0847358703613281,0.49999162554740906,-0.003789537202253904,3.480688288056736,4.324716567993164,5.465519905090332,-6.841250896453857,-0.012275269255042076,-0.5537382960319519,-0.015649601817131042,0.10302741825580597,7.883141040802002,9.407773971557617,1524.3929443359375,2768.9306640625,2.3893280029296875,0.016252456232905388,0.07797614485025406,0.029854129999876022,0.0674995630979538,0.06912899762392044,0.07838848233222961,0.06325758993625641,0.05518884211778641,0.03686181455850601,0.02789393626153469,0.0060890717431902885
585,Dave Pensado,Single Ladies (Put a Ring on It),-15.358519,-13.565092,-12.416162490844727,2.031057357788086,0.006426084786653519,-0.07981140166521072,1.22772216796875,0.4998849332332611,-0.041042602909227455,8.866995659768282,4.87264347076416,6.489381790161133,-7.398987293243408,0.0781482607126236,-0.6408357620239258,0.0037466699723154306,0.15905945003032684,8.983826637268066,1.219299554824829,2393.431396484375,4430.3798828125,1.2914773225784302,0.025435203686356544,0.13650795817375183,0.06483502686023712,0.07054197788238525,0.06316033005714417,0.06344889849424362,0.0626753643155098,0.06701701134443283,0.053716786205768585,0.04079417139291763,0.011503404937684536
586,Dave Pensado,Love,-15.559131,-12.426382,-10.342449188232422,5.699627876281738,0.010441925376653671,0.04038576781749725,2.2236804962158203,0.49999555945396423,-0.044213340996544545,22.327314151578438,4.171146392822266,7.006798267364502,-7.169867038726807,0.08011294901371002,-0.6439754366874695,-0.018144959583878517,0.12877599895000458,8.308112144470215,3.1696338653564453,2088.551513671875,3666.435302734375,1.5991873741149902,0.017649345099925995,0.12478374689817429,0.04748121276497841,0.08327049762010574,0.07600653916597366,0.08013872802257538,0.08300475776195526,0.08494669198989868,0.06488337367773056,0.04116048291325569,0.010827360674738884
587,Dave Pensado,I Changed My Mind,-11.036936,-10.1981735,-8.527416229248047,5.050347328186035,0.015739569440484047,-0.028293397277593613,1.578862190246582,0.5000970959663391,-0.0202763857805792,10.411584151515333,4.427299976348877,5.62460470199585,-7.097444534301758,0.026701997965574265,-0.7286013960838318,0.008253274485468864,0.14686226844787598,8.785163879394531,1.718584418296814,2274.912353515625,4128.7802734375,1.350021243095398,0.02249586209654808,0.15548576414585114,0.04347379505634308,0.09810987114906311,0.10840677469968796,0.11286032199859619,0.11109060794115067,0.09963621944189072,0.0752968043088913,0.055818572640419006,0.016928087919950485
588,Dave Pensado,Do U Wanna Roll (Dolittle Theme) - Radio Edit (With Intro),-11.433296,-10.772335,-10.106254577636719,2.964871406555176,0.015750497579574585,-0.008618258871138096,1.194450855255127,0.50001460313797,-0.0031699731378402175,35.347764699210394,4.503053188323975,5.558655738830566,-7.087911605834961,0.022193651646375656,-0.7782106399536133,0.033471692353487015,0.16161344945430756,8.71813678741455,1.128231406211853,1835.6568603515625,3854.07275390625,1.192488670349121,0.028091786429286003,0.22024361789226532,0.08207321912050247,0.12841986119747162,0.08976009488105774,0.08590490370988846,0.08153839409351349,0.07004199177026749,0.054460398852825165,0.042507849633693695,0.017389170825481415
589,Dave Pensado,Be Without You - Kendu Mix,-13.334929,-11.569143,-10.16474723815918,5.717794418334961,0.011872733943164349,-0.015718653798103333,3.505979061126709,0.500275194644928,0.0004649785655941207,20.015769624254357,4.5875725746154785,6.783230781555176,-7.980409145355225,-0.010352087207138538,-0.6642420291900635,0.008873234502971172,0.15565699338912964,8.63050365447998,1.5983688831329346,2458.0068359375,4423.375,1.3218785524368286,0.024147210642695427,0.14326030015945435,0.05103914067149162,0.08496733754873276,0.07519104331731796,0.08430735021829605,0.07768453657627106,0.08191090822219849,0.06014351174235344,0.04496396705508232,0.013342713937163353
590,Dave Pensado,Love Of My Life,-14.1112,-10.655468,-9.586603164672852,4.074587821960449,0.01538215484470129,-0.12916627526283264,1.246354103088379,0.5001776218414307,-0.034402041808875815,11.170122104829494,3.642686128616333,5.339315891265869,-6.816963195800781,0.1220570057630539,-0.5533953905105591,0.001046529272571206,0.15277807414531708,8.20003890991211,3.2766716480255127,1319.1380615234375,2659.36767578125,1.5859488248825073,0.03407448157668114,0.18040727078914642,0.07052214443683624,0.12385618686676025,0.12483584880828857,0.10124536603689194,0.09210141748189926,0.0712074488401413,0.041881438344717026,0.03126125782728195,0.01327845174819231
591,Dave Pensado,Fallen,-13.028999,-12.244777,-11.057867050170898,7.257616996765137,0.008986483328044415,-0.02093644253909588,2.595438003540039,0.5002014636993408,-0.03184974039093066,6.079684739268613,4.322261333465576,6.797286510467529,-6.834167957305908,0.06444915384054184,-0.5592970848083496,-0.00558493472635746,0.1432393193244934,8.522147178649902,1.882829189300537,1636.0732421875,3492.884765625,1.4390045404434204,0.026045408099889755,0.12602366507053375,0.053639233112335205,0.09641045331954956,0.08113401383161545,0.08246085047721863,0.066290482878685,0.061478208750486374,0.0430598109960556,0.03368060290813446,0.011738790199160576
592,Dave Pensado,I Luv Your Girl,-17.681112,-15.505007,-14.145257949829102,5.916110992431641,0.01900392770767212,-0.1275300234556198,-0.4767270088195801,0.5000566840171814,0.02575345740475079,58.05215022151327,3.11443829536438,9.916584968566895,-7.091754913330078,-0.03908577188849449,-0.6052036881446838,-0.00013473509170580655,0.11900307238101959,7.493044853210449,6.376338958740234,836.5391845703125,1631.5015869140625,1.9032636880874634,0.022402148693799973,0.3993957042694092,0.2628714144229889,0.08295317739248276,0.05210256949067116,0.04778473824262619,0.04623186215758324,0.03560963645577431,0.026859592646360397,0.018888425081968307,0.006704972591251135
593,Dave Pensado,Buttons,-13.408845,-12.785819,-12.514286041259766,3.548642158508301,0.0077180988155305386,0.018653184175491333,1.6397523880004883,0.49994346499443054,-0.01319378637990427,15.605414781748461,4.346255779266357,6.597540855407715,-6.968443393707275,-0.020790640264749527,-0.7547000646591187,-0.048068463802337646,0.12740088999271393,8.46641731262207,2.9886343479156494,1569.03369140625,3000.73681640625,1.6508203744888306,0.021462853997945786,0.12719503045082092,0.04208536073565483,0.08409406244754791,0.0794757679104805,0.07909465581178665,0.07301422953605652,0.05942859128117561,0.04269514977931976,0.028141675516963005,0.00932223629206419
594,Dave Pensado,Whatcha Think About That,-17.388678,-15.580197,-14.849421501159668,5.140164375305176,0.00537096569314599,0.0027909341733902693,0.3076472282409668,0.4999898672103882,-0.058622479716776775,22.938683561552455,3.6950440406799316,5.1420745849609375,-7.55753231048584,0.032084472477436066,-0.6965283155441284,-0.0189102441072464,0.14225028455257416,8.574995040893555,2.246014356613159,1355.85888671875,2765.345947265625,1.498643159866333,0.024682430550456047,0.1499340683221817,0.042076271027326584,0.08432628214359283,0.04563584923744202,0.040455907583236694,0.04666149616241455,0.04839552193880081,0.035255786031484604,0.023272378370165825,0.00713255163282156
595,Dave Pensado,I Remember,-10.983346,-10.29718,-8.466452598571777,10.355813980102539,0.01619146578013897,0.0089797955006361,1.3256711959838867,0.4999220669269562,-0.006975935893163842,33.98254300210952,4.010526657104492,5.775806903839111,-7.16967248916626,0.1658048778772354,-0.6327124834060669,0.06790588796138763,0.1472661942243576,8.34715461730957,2.480942726135254,1921.95068359375,3681.570068359375,1.4922215938568115,0.026322530582547188,0.15381526947021484,0.05651861056685448,0.0959281474351883,0.10720346868038177,0.1094236671924591,0.11054704338312149,0.10723159462213516,0.0726306214928627,0.04821024090051651,0.015075109899044037
596,Dave Pensado,You Should Be Mine,-11.123144,-10.4347515,-9.970023155212402,3.4344873428344727,0.012888602912425995,-0.007392995059490204,1.2203640937805176,0.49999040365219116,0.038747582174454606,12.349735368483188,4.7433271408081055,6.530219078063965,-6.765109062194824,-0.19905856251716614,-0.5516436100006104,-0.008632702752947807,0.16852492094039917,8.690876960754395,1.8087475299835205,2352.546142578125,4428.8955078125,1.2497608661651611,0.030195778235793114,0.16619707643985748,0.055081650614738464,0.1118176206946373,0.10487508028745651,0.09758493304252625,0.08085358887910843,0.06479493528604507,0.05413740500807762,0.04391416534781456,0.01615471951663494
597,Dave Pensado,Touch My Body,-18.86845,-14.52292,-10.97806167602539,9.257563591003418,0.011281437240540981,0.10266689211130142,4.471169471740723,0.49991312623023987,-0.012036127984444788,25.43567062632167,4.824244499206543,8.337820053100586,-7.472070693969727,0.21247276663780212,-0.7536300420761108,-0.035480350255966187,0.1437317132949829,8.476764678955078,2.6132278442382812,2167.919677734375,3848.968505859375,1.522004246711731,0.023377006873488426,0.1329304724931717,0.040943607687950134,0.08420807123184204,0.07676316052675247,0.07950237393379211,0.06643155962228775,0.06129320338368416,0.042110033333301544,0.02868281677365303,0.010234585031867027
598,Dave Pensado,Emotion,-16.692053,-14.854551,-13.94028091430664,7.304142951965332,0.0050029573030769825,0.04765603318810463,1.3515896797180176,0.49986112117767334,-0.01116975758049082,5.0481810644717795,4.08486795425415,7.075721740722656,-7.1166558265686035,-0.03920166939496994,-0.47924429178237915,-0.00531694246456027,0.1468486189842224,8.39574909210205,1.3813368082046509,1613.99462890625,3133.221923828125,1.3317261934280396,0.02639932744204998,0.113119937479496,0.03925856575369835,0.06811891496181488,0.058659136295318604,0.057107631117105484,0.04947302117943764,0.044576287269592285,0.03153690695762634,0.02555793523788452,0.00810809712857008
599,Dave Pensado,Stole,-17.89172,-17.113222,-13.790557861328125,9.799077987670898,0.004703904967755079,0.08153906464576721,1.3715314865112305,0.4999805986881256,-0.019207843739063892,8.732611340615978,4.292723178863525,6.6837310791015625,-6.7900824546813965,0.054847121238708496,-0.640488862991333,-0.02172841504216194,0.16935347020626068,8.839717864990234,2.6348989009857178,2659.93994140625,5075.5068359375,1.2415884733200073,0.026881780475378036,0.11565730720758438,0.03691206872463226,0.07660113275051117,0.0486520454287529,0.04839634895324707,0.040188129991292953,0.04360699653625488,0.03597196936607361,0.03429682180285454,0.011315638199448586
600,Dave Pensado,Slow Down Baby,-10.009713,-9.162544,-8.704145431518555,3.737942695617676,0.015236468985676765,-0.05549893155694008,1.5240044593811035,0.5000280737876892,-0.014258884046897206,11.334518295877846,4.615116119384766,5.723589897155762,-6.721532344818115,0.13818225264549255,-0.500257134437561,0.054956305772066116,0.12034809589385986,8.451790809631348,3.693260908126831,2186.655517578125,3544.517578125,1.7247227430343628,0.0158398300409317,0.16603313386440277,0.07317660748958588,0.12028361111879349,0.09490703791379929,0.09461735934019089,0.09462540596723557,0.10460767894983292,0.07489624619483948,0.05638974905014038,0.01201524119824171
601,Dave Pensado,Moving Mountains,-11.264478,-10.893088,-9.923052787780762,3.517910957336426,0.011817920953035355,0.0221850723028183,0.3930649757385254,0.4997211694717407,0.020687500477995537,8.928474243859958,4.026605129241943,5.069572925567627,-6.651215076446533,0.03436674550175667,-0.5544856786727905,0.021300746127963066,0.15650931000709534,8.866604804992676,1.1669795513153076,1749.0311279296875,3933.1767578125,1.2420909404754639,0.027514632791280746,0.1636979877948761,0.06878053396940231,0.1211480125784874,0.10113725811243057,0.09060157090425491,0.0871175155043602,0.07668750733137131,0.06064402684569359,0.045837245881557465,0.015281922183930874
602,Dave Pensado,Fade Away,-12.91733,-12.233819,-10.51966381072998,11.018389701843262,0.01199798472225666,-0.003944268450140953,2.4271140098571777,0.5000043511390686,-0.01740796596270104,12.985543473775698,4.118128299713135,5.907476902008057,-6.80383825302124,0.01688975654542446,-0.5654208660125732,-0.026406629011034966,0.1189173087477684,8.151780128479004,5.332579135894775,1395.9676513671875,2785.248046875,1.9590644836425781,0.020765995606780052,0.13990771770477295,0.05223163962364197,0.10501912981271744,0.09350909292697906,0.0920451283454895,0.0693303644657135,0.06388162076473236,0.039711978286504745,0.027814576402306557,0.008755725808441639
